Date and Time,input_4,input_3,input_1
2020-03-26 13:01:15+01:00,19.943,13.257,14.722
2020-03-26 13:04:15+01:00,18.086,13.77,16.322
2020-03-26 13:07:15+01:00,17.584,13.08,14.922
2020-03-26 13:10:16+01:00,17.125,15.54,14.422
2020-03-26 13:13:16+01:00,19.134,13.529,13.022
2020-03-26 13:16:17+01:00,19.087,15.382,13.422
2020-03-26 13:19:17+01:00,18.007,14.005,14.622
2020-03-26 13:22:17+01:00,18.993,12.181,15.222
2020-03-26 13:25:17+01:00,17.874,13.861,18.622
2020-03-26 13:28:17+01:00,16.381,15.296,17.222
2020-03-26 13:31:18+01:00,16.435,12.238,17.022
2020-03-26 13:34:18+01:00,18.816,12.929,16.022
2020-03-26 13:37:18+01:00,18.501,15.502,16.622
2020-03-26 13:40:18+01:00,19.927,12.146,18.422
2020-03-26 13:43:18+01:00,16.076,14.154,19.822
2020-03-26 13:46:19+01:00,19.143,15.164,20.022
2020-03-26 13:49:19+01:00,16.898,13.762,19.022
2020-03-26 13:52:19+01:00,16.814,12.579,18.622
2020-03-26 13:55:19+01:00,16.391,13.199,18.622
2020-03-26 13:58:19+01:00,18.183,15.506,19.822
2020-03-26 14:01:20+01:00,18.062,14.964,17.822
2020-03-26 14:04:20+01:00,18.317,14.701,17.822
2020-03-26 14:07:20+01:00,17.796,15.96,18.222
2020-03-26 14:10:20+01:00,17.088,14.431,17.622
2020-03-26 14:13:20+01:00,16.469,12.899,18.222
2020-03-26 14:16:21+01:00,16.582,13.291,18.222
2020-03-26 14:19:21+01:00,18.066,15.482,18.222
2020-03-26 14:22:21+01:00,19.996,14.002,17.022
2020-03-26 14:25:21+01:00,17.589,13.083,16.822
2020-03-26 14:28:22+01:00,17.443,15.63,18.622
2020-03-26 14:31:22+01:00,17.284,14.581,19.422
2020-03-26 14:34:22+01:00,18.337,12.873,20.022
2020-03-26 14:37:22+01:00,17.092,12.159,19.022
2020-03-26 14:40:22+01:00,17.014,15.57,17.222
2020-03-26 14:43:23+01:00,19.972,14.878,16.622
2020-03-26 14:46:23+01:00,19.694,15.735,19.422
2020-03-26 14:49:23+01:00,16.554,12.235,18.422
2020-03-26 14:52:23+01:00,19.829,13.949,20.022
2020-03-26 14:55:23+01:00,18.805,14.977,18.822
2020-03-26 14:58:24+01:00,19.186,13.115,18.022
2020-03-26 15:01:25+01:00,16.858,12.435,18.522
2020-03-26 15:04:25+01:00,16.942,14.274,18.722
2020-03-26 15:07:25+01:00,19.377,13.632,19.522
2020-03-26 15:10:25+01:00,17.078,13.464,19.122
2020-03-26 15:13:26+01:00,17.586,14.321,19.922
2020-03-26 15:16:26+01:00,18.954,13.907,18.722
2020-03-26 15:19:27+01:00,18.5,15.773,18.422
2020-03-26 15:22:27+01:00,16.271,15.898,17.622
2020-03-26 15:25:27+01:00,18.685,12.965,18.622
2020-03-26 15:28:28+01:00,18.224,14.901,18.022
2020-03-26 15:31:28+01:00,19.423,12.842,19.822
2020-03-26 15:34:28+01:00,16.634,12.048,18.022
2020-03-26 15:37:28+01:00,19.42,12.172,18.822
2020-03-26 15:40:28+01:00,17.928,14.191,15.422
2020-03-26 15:43:29+01:00,16.479,13.769,15.622
2020-03-26 15:46:30+01:00,16.986,14.759,15.522
2020-03-26 15:49:30+01:00,18.947,15.75,14.722
2020-03-26 15:52:30+01:00,19.409,15.218,14.122
2020-03-26 15:55:30+01:00,18.096,15.901,15.122
2020-03-26 15:58:32+01:00,19.008,14.32,15.822
2020-03-26 16:01:32+01:00,19.01,12.926,12.822
2020-03-26 16:04:32+01:00,19.641,12.518,14.222
2020-03-26 16:07:32+01:00,17.973,13.659,15.622
2020-03-26 16:10:33+01:00,17.232,13.802,15.222
2020-03-26 16:13:33+01:00,18.431,14.428,14.622
2020-03-26 16:16:33+01:00,17.508,14.696,15.822
2020-03-26 16:19:33+01:00,18.437,14.629,16.422
2020-03-26 16:22:33+01:00,17.399,15.866,18.022
2020-03-26 16:25:34+01:00,16.468,14.734,16.622
2020-03-26 16:28:34+01:00,16.501,14.206,14.022
2020-03-26 16:31:34+01:00,18.193,14.081,14.022
2020-03-26 16:34:34+01:00,18.093,15.187,13.622
2020-03-26 16:37:34+01:00,17.252,12.248,13.822
2020-03-26 16:40:35+01:00,17.151,15.819,12.822
2020-03-26 16:43:35+01:00,16.227,15.186,15.822
2020-03-26 16:46:35+01:00,17.715,12.623,14.222
2020-03-26 16:49:35+01:00,17.663,13.896,11.822
2020-03-26 16:52:35+01:00,18.465,13.615,13.022
2020-03-26 16:55:36+01:00,16.438,14.088,11.022
2020-03-26 16:58:36+01:00,17.741,12.008,10.422
2020-03-26 17:01:36+01:00,17.784,13.221,10.222
2020-03-26 17:04:36+01:00,19.108,12.81,11.422
2020-03-26 17:07:36+01:00,16.409,14.107,12.622
2020-03-26 17:10:37+01:00,18.399,14.123,11.822
2020-03-26 17:13:37+01:00,16.763,13.986,12.422
2020-03-26 17:16:37+01:00,16.802,15.089,11.422
2020-03-26 17:19:37+01:00,16.491,14.201,11.022
2020-03-26 17:22:37+01:00,18.084,12.053,11.422
2020-03-26 17:25:40+01:00,17.026,15.248,11.822
2020-03-26 17:28:40+01:00,18.64,12.98,13.822
2020-03-26 17:31:40+01:00,17.571,15.769,16.022
2020-03-26 17:34:40+01:00,19.077,14.662,16.622
2020-03-26 17:37:40+01:00,17.183,12.395,15.622
2020-03-26 17:40:41+01:00,19.767,15.421,15.022
2020-03-26 17:43:41+01:00,16.117,12.973,13.822
2020-03-26 17:46:41+01:00,18.715,13.818,13.822
2020-03-26 17:49:42+01:00,19.66,15.509,9.922
2020-03-26 17:52:42+01:00,19.917,13.786,7.922
2020-03-26 17:55:43+01:00,16.42,15.541,7.522
2020-03-26 17:58:43+01:00,19.724,14.969,6.922
2020-03-26 18:01:44+01:00,19.129,13.3,7.422
2020-03-26 18:04:44+01:00,17.643,14.298,9.622
2020-03-26 18:07:45+01:00,16.543,12.107,7.222
2020-03-26 18:10:45+01:00,18.644,14.023,7.022
2020-03-26 18:13:45+01:00,17.491,12.606,6.022
2020-03-26 18:16:45+01:00,17.066,13.37,4.622
2020-03-26 18:19:45+01:00,19.803,12.327,4.422
2020-03-26 18:22:46+01:00,19.709,15.839,4.822
2020-03-26 18:25:46+01:00,17.728,14.931,5.822
2020-03-26 18:28:46+01:00,19.207,14.377,7.622
2020-03-26 18:31:46+01:00,17.114,12.256,7.222
2020-03-26 18:34:46+01:00,18.785,14.635,7.422
2020-03-26 18:37:47+01:00,19.102,13.748,8.222
2020-03-26 18:40:47+01:00,17.881,13.01,6.622
2020-03-26 18:43:47+01:00,18.698,13.853,7.622
2020-03-26 18:46:47+01:00,18.517,12.445,9.022
2020-03-26 18:49:47+01:00,18.771,13.523,10.022
2020-03-26 18:52:48+01:00,16.434,12.445,9.822
2020-03-26 18:55:48+01:00,19.8,15.693,10.422
2020-03-26 18:58:48+01:00,16.846,15.503,11.622
2020-03-26 19:01:48+01:00,18.253,13.029,9.222
2020-03-26 19:04:48+01:00,17.993,13.119,7.622
2020-03-26 19:07:49+01:00,19.906,15.073,5.022
2020-03-26 19:10:49+01:00,19.436,15.789,5.222
2020-03-26 19:13:49+01:00,17.864,15.828,5.622
2020-03-26 19:16:49+01:00,16.839,15.495,4.422
2020-03-26 19:19:49+01:00,16.396,12.416,5.422
2020-03-26 19:22:50+01:00,18.551,13.793,4.822
2020-03-26 19:25:50+01:00,18.536,13.055,5.822
2020-03-26 19:28:50+01:00,18.262,13.043,7.822
2020-03-26 19:31:50+01:00,19.798,12.787,7.822
2020-03-26 19:34:50+01:00,18.483,13.554,7.222
2020-03-26 19:37:51+01:00,18.382,13.315,7.022
2020-03-26 19:40:51+01:00,19.059,13.489,8.222
2020-03-26 19:43:51+01:00,16.262,14.044,6.822
2020-03-26 19:46:51+01:00,18.224,13.132,4.022
2020-03-26 19:49:52+01:00,19.419,14.543,5.222
2020-03-26 19:52:52+01:00,17.637,12.428,4.022
2020-03-26 19:55:52+01:00,18.069,14.299,4.422
2020-03-26 19:58:52+01:00,19.53,14.815,4.222
2020-03-26 20:01:52+01:00,17.378,14.216,4.622
2020-03-26 20:04:53+01:00,19.59,14.338,4.822
2020-03-26 20:07:53+01:00,18.91,14.882,5.022
2020-03-26 20:10:53+01:00,18.961,13.179,6.222
2020-03-26 20:13:53+01:00,18.331,12.701,7.422
2020-03-26 20:16:53+01:00,16.765,13.914,5.822
2020-03-26 20:19:54+01:00,19.807,15.936,5.822
2020-03-26 20:22:54+01:00,17.914,15.511,4.222
2020-03-26 20:25:54+01:00,16.722,12.709,5.022
2020-03-26 20:28:54+01:00,18.692,13.941,5.222
2020-03-26 20:31:54+01:00,18.873,13.427,4.022
2020-03-26 20:34:55+01:00,16.623,15.986,6.022
2020-03-26 20:37:55+01:00,19.166,14.814,5.222
2020-03-26 20:40:55+01:00,19.563,13.518,5.622
2020-03-26 20:43:55+01:00,18.63,15.299,7.222
2020-03-26 20:46:55+01:00,19.897,13.724,7.022
2020-03-26 20:49:56+01:00,16.826,12.206,7.022
2020-03-26 20:52:56+01:00,19.701,15.795,9.222
2020-03-26 20:55:56+01:00,16.87,13.922,8.422
2020-03-26 20:58:56+01:00,16.519,13.541,8.422
2020-03-26 21:01:56+01:00,18.635,13.485,8.822
2020-03-26 21:04:58+01:00,16.883,13.196,7.922
2020-03-26 21:07:58+01:00,19.507,15.965,7.722
2020-03-26 21:10:58+01:00,18.236,14.801,7.722
2020-03-26 21:13:58+01:00,17.46,15.879,9.122
2020-03-26 21:16:58+01:00,16.708,14.614,10.122
2020-03-26 21:19:59+01:00,16.696,12.673,11.322
2020-03-26 21:22:59+01:00,18.592,13.438,12.322
2020-03-26 21:25:59+01:00,19.427,14.045,13.522
2020-03-26 21:29:01+01:00,18.689,13.778,12.922
2020-03-26 21:32:02+01:00,19.622,14.121,14.522
2020-03-26 21:35:02+01:00,16.497,14.221,14.722
2020-03-26 21:38:02+01:00,17.492,12.418,13.122
2020-03-26 21:41:02+01:00,16.762,13.412,14.122
2020-03-26 21:44:02+01:00,18.444,15.829,17.722
2020-03-26 21:47:03+01:00,16.13,14.009,17.122
2020-03-26 21:50:03+01:00,16.719,13.585,17.522
2020-03-26 21:53:04+01:00,16.682,13.697,14.022
2020-03-26 21:56:04+01:00,18.94,14.59,14.622
2020-03-26 21:59:04+01:00,19.21,15.601,15.622
2020-03-26 22:02:05+01:00,18.88,13.348,14.822
2020-03-26 22:05:05+01:00,16.437,14.384,13.022
2020-03-26 22:08:05+01:00,16.911,14.005,10.622
2020-03-26 22:11:05+01:00,17.265,14.124,9.422
2020-03-26 22:14:05+01:00,17.412,15.92,9.822
2020-03-26 22:17:06+01:00,19.524,15.129,10.422
2020-03-26 22:20:06+01:00,19.445,15.699,11.222
2020-03-26 22:23:06+01:00,17.088,12.369,11.822
2020-03-26 22:26:06+01:00,16.152,12.982,7.822
2020-03-26 22:29:06+01:00,17.065,13.522,6.022
2020-03-26 22:32:07+01:00,16.29,15.025,8.422
2020-03-26 22:35:07+01:00,17.77,12.241,7.622
2020-03-26 22:38:07+01:00,19.668,12.715,10.422
2020-03-26 22:41:07+01:00,17.633,13.656,10.622
2020-03-26 22:44:07+01:00,18.486,13.908,11.222
2020-03-26 22:47:08+01:00,17.408,12.05,12.222
2020-03-26 22:50:09+01:00,17.918,15.552,13.722
2020-03-26 22:53:09+01:00,16.813,12.195,15.322
2020-03-26 22:56:09+01:00,16.996,14.15,14.122
2020-03-26 22:59:09+01:00,17.864,12.139,13.922
2020-03-26 23:02:10+01:00,16.416,13.033,13.722
2020-03-26 23:05:11+01:00,18.198,13.707,15.422
2020-03-26 23:08:11+01:00,17.981,14.437,15.622
2020-03-26 23:11:11+01:00,18.137,15.277,13.822
2020-03-26 23:14:12+01:00,18.147,12.612,14.222
2020-03-26 23:17:13+01:00,19.614,13.533,13.722
2020-03-26 23:20:13+01:00,18.04,13.309,11.922
2020-03-26 23:23:13+01:00,16.372,12.163,13.322
2020-03-26 23:26:13+01:00,19.177,15.524,12.522
2020-03-26 23:29:14+01:00,18.966,14.74,14.922
2020-03-26 23:32:14+01:00,19.636,15.215,13.122
2020-03-26 23:35:14+01:00,18.972,15.92,10.922
2020-03-26 23:38:14+01:00,18.035,13.751,12.322
2020-03-26 23:41:14+01:00,17.028,12.96,13.122
2020-03-26 23:44:15+01:00,16.812,15.058,12.522
2020-03-26 23:47:15+01:00,16.001,15.231,11.522
2020-03-26 23:50:15+01:00,17.997,14.166,11.722
2020-03-26 23:53:15+01:00,17.345,12.549,11.722
2020-03-26 23:56:15+01:00,17.911,15.617,9.322
2020-03-26 23:59:16+01:00,17.171,12.935,9.722
2020-03-27 00:02:17+01:00,16.366,12.502,9.622
2020-03-27 00:05:17+01:00,17.581,13.957,8.222
2020-03-27 00:08:17+01:00,19.57,12.032,8.022
2020-03-27 00:11:17+01:00,16.621,14.036,7.222
2020-03-27 00:14:18+01:00,17.787,12.359,6.622
2020-03-27 00:17:18+01:00,16.727,12.731,5.622
2020-03-27 00:20:18+01:00,16.933,14.059,5.822
2020-03-27 00:23:18+01:00,17.241,13.048,6.422
2020-03-27 00:26:18+01:00,16.762,13.915,6.822
2020-03-27 00:29:19+01:00,19.252,14.969,6.422
2020-03-27 00:32:19+01:00,18.405,13.06,5.622
2020-03-27 00:35:19+01:00,19.448,15.583,5.022
2020-03-27 00:38:19+01:00,18.56,14.321,6.222
2020-03-27 00:41:19+01:00,17.161,15.497,6.022
2020-03-27 00:44:20+01:00,17.566,15.77,8.222
2020-03-27 00:47:20+01:00,16.971,14.461,9.222
2020-03-27 00:50:20+01:00,19.566,12.409,9.422
2020-03-27 00:53:20+01:00,18.769,12.089,11.022
2020-03-27 00:56:21+01:00,19.427,12.698,11.022
2020-03-27 00:59:21+01:00,16.992,15.944,9.422
2020-03-27 01:02:59+01:00,19.647,15.619,8.622
2020-03-27 01:05:59+01:00,18.741,13.025,7.422
2020-03-27 01:08:59+01:00,17.85,15.595,6.422
2020-03-27 01:12:00+01:00,16.653,15.23,6.622
2020-03-27 01:15:01+01:00,17.96,14.538,4.722
2020-03-27 01:18:01+01:00,18.307,12.709,4.122
2020-03-27 01:21:01+01:00,17.058,14.232,5.322
2020-03-27 01:24:01+01:00,17.395,14.014,5.722
2020-03-27 01:27:02+01:00,17.5,13.684,7.122
2020-03-27 01:30:02+01:00,17.306,14.291,8.922
2020-03-27 01:33:02+01:00,19.575,14.707,9.522
2020-03-27 01:36:03+01:00,19.226,13.275,8.022
2020-03-27 01:39:03+01:00,19.19,12.006,10.222
2020-03-27 01:42:04+01:00,16.876,13.468,11.422
2020-03-27 01:45:04+01:00,19.264,12.83,11.822
2020-03-27 01:48:04+01:00,19.434,12.861,11.822
2020-03-27 01:51:04+01:00,19.655,12.592,12.222
2020-03-27 01:54:04+01:00,16.612,14.994,13.022
2020-03-27 01:57:06+01:00,16.161,15.07,12.922
2020-03-27 02:00:06+01:00,18.915,12.266,12.122
2020-03-27 02:03:06+01:00,16.003,14.795,12.722
2020-03-27 02:06:06+01:00,16.726,14.875,12.322
2020-03-27 02:09:06+01:00,17.497,12.427,12.322
2020-03-27 02:12:07+01:00,17.137,15.592,10.322
2020-03-27 02:15:07+01:00,17.491,15.558,12.522
2020-03-27 02:18:07+01:00,19.893,12.226,12.122
2020-03-27 02:21:07+01:00,17.37,14.114,11.522
2020-03-27 02:24:08+01:00,18.857,13.511,13.122
2020-03-27 02:27:08+01:00,17.117,15.585,11.522
2020-03-27 02:30:08+01:00,16.642,12.638,10.122
2020-03-27 02:33:08+01:00,16.418,12.65,9.922
2020-03-27 02:36:08+01:00,19.207,15.74,10.922
2020-03-27 02:39:09+01:00,16.092,13.218,10.522
2020-03-27 02:42:09+01:00,16.418,15.158,12.722
2020-03-27 02:45:09+01:00,19.032,13.495,12.322
2020-03-27 02:48:09+01:00,17.422,13.329,13.722
2020-03-27 02:51:09+01:00,19.743,13.715,16.322
2020-03-27 02:54:10+01:00,18.57,14.036,16.322
2020-03-27 02:57:10+01:00,17.627,13.66,16.122
2020-03-27 03:00:10+01:00,18.864,14.933,16.722
2020-03-27 03:03:10+01:00,17.917,13.682,17.122
2020-03-27 03:06:10+01:00,18.278,12.167,16.122
2020-03-27 03:09:11+01:00,19.035,13.355,15.322
2020-03-27 03:12:11+01:00,16.155,12.389,14.922
2020-03-27 03:15:11+01:00,16.675,14.492,13.922
2020-03-27 03:18:11+01:00,18.643,14.495,12.922
2020-03-27 03:21:11+01:00,19.015,12.688,13.722
2020-03-27 03:24:12+01:00,17.011,13.844,12.322
2020-03-27 03:27:12+01:00,18.027,14.757,11.122
2020-03-27 03:30:12+01:00,18.435,12.678,7.522
2020-03-27 03:33:12+01:00,16.579,15.515,7.322
2020-03-27 03:36:12+01:00,17.455,14.002,9.922
2020-03-27 03:39:14+01:00,19.098,13.295,11.222
2020-03-27 03:42:14+01:00,18.388,12.693,10.622
2020-03-27 03:45:14+01:00,19.445,14.8,9.622
2020-03-27 03:48:14+01:00,16.198,12.657,8.822
2020-03-27 03:51:14+01:00,16.479,12.267,7.422
2020-03-27 03:54:15+01:00,16.288,14.334,5.822
2020-03-27 03:57:15+01:00,17.134,13.26,5.222
2020-03-27 04:00:15+01:00,18.779,14.949,7.022
2020-03-27 04:03:15+01:00,17.789,15.136,5.022
2020-03-27 04:06:15+01:00,16.432,12.488,4.422
2020-03-27 04:09:16+01:00,18.595,13.791,4.022
2020-03-27 04:12:16+01:00,16.591,13.043,6.422
2020-03-27 04:15:16+01:00,17.509,12.671,4.822
2020-03-27 04:18:16+01:00,17.317,13.843,7.222
2020-03-27 04:21:17+01:00,17.628,14.549,9.222
2020-03-27 04:24:28+01:00,16.893,14.417,9.522
2020-03-27 04:27:28+01:00,18.216,15.572,8.522
2020-03-27 04:30:28+01:00,19.844,12.039,7.922
2020-03-27 04:33:28+01:00,18.433,13.968,6.922
2020-03-27 04:36:29+01:00,17.206,14.791,6.122
2020-03-27 04:39:29+01:00,17.383,15.911,5.922
2020-03-27 04:42:29+01:00,16.132,13.727,5.322
2020-03-27 04:45:29+01:00,17.189,15.197,5.722
2020-03-27 04:48:29+01:00,18.38,14.327,5.722
2020-03-27 04:51:30+01:00,16.144,14.677,6.522
2020-03-27 04:54:30+01:00,16.428,13.399,6.322
2020-03-27 04:57:30+01:00,18.445,14.069,6.322
2020-03-27 05:00:30+01:00,16.495,14.429,3.922
2020-03-27 05:03:30+01:00,17.83,12.67,4.322
2020-03-27 05:06:31+01:00,19.371,13.385,4.922
2020-03-27 05:09:31+01:00,17.81,12.058,4.922
2020-03-27 05:12:31+01:00,18.383,14.711,4.922
2020-03-27 05:15:31+01:00,16.009,13.437,6.522
2020-03-27 05:18:31+01:00,18.688,15.388,8.722
2020-03-27 05:21:32+01:00,19.247,13.802,6.722
2020-03-27 05:24:32+01:00,16.081,15.9,7.722
2020-03-27 05:27:32+01:00,19.719,15.973,10.122
2020-03-27 05:30:32+01:00,16.736,12.992,8.322
2020-03-27 05:33:32+01:00,19.483,13.339,6.922
2020-03-27 05:36:33+01:00,17.348,14.828,5.922
2020-03-27 05:39:33+01:00,17.134,15.778,5.122
2020-03-27 05:42:33+01:00,18.84,14.082,5.522
2020-03-27 05:45:33+01:00,17.626,13.791,4.722
2020-03-27 05:48:33+01:00,16.709,14.713,4.722
2020-03-27 05:51:34+01:00,19.471,15.404,6.122
2020-03-27 05:54:34+01:00,17.888,13.265,4.922
2020-03-27 05:57:34+01:00,18.314,15.241,6.522
2020-03-27 06:00:34+01:00,17.544,13.404,7.322
2020-03-27 06:03:35+01:00,19.085,12.001,9.722
2020-03-27 06:06:35+01:00,18.646,13.432,9.122
2020-03-27 06:09:35+01:00,18.419,14.784,11.522
2020-03-27 06:12:36+01:00,16.358,14.687,10.422
2020-03-27 06:15:36+01:00,17.751,13.89,13.422
2020-03-27 06:18:37+01:00,19.302,14.907,13.222
2020-03-27 06:21:37+01:00,18.841,15.631,13.622
2020-03-27 06:24:37+01:00,16.365,13.593,13.822
2020-03-27 06:27:37+01:00,19.904,15.526,11.822
2020-03-27 06:30:37+01:00,16.602,15.686,10.622
2020-03-27 06:33:38+01:00,16.446,12.822,12.622
2020-03-27 06:36:38+01:00,19.721,13.95,10.822
2020-03-27 06:39:38+01:00,17.932,13.234,10.022
2020-03-27 06:42:38+01:00,18.415,12.458,9.622
2020-03-27 06:45:38+01:00,19.306,13.553,11.022
2020-03-27 06:48:39+01:00,19.992,13.283,12.422
2020-03-27 06:51:39+01:00,17.093,13.815,12.022
2020-03-27 06:54:39+01:00,16.545,13.651,12.422
2020-03-27 06:57:39+01:00,17.204,12.973,11.622
2020-03-27 07:00:39+01:00,17.847,14.137,12.622
2020-03-27 07:03:40+01:00,16.329,12.17,13.422
2020-03-27 07:06:40+01:00,18.272,14.069,14.222
2020-03-27 07:09:40+01:00,18.798,13.435,10.622
2020-03-27 07:12:41+01:00,19.872,12.935,8.522
2020-03-27 07:15:41+01:00,16.725,13.672,7.522
2020-03-27 07:18:42+01:00,17.082,15.475,8.322
2020-03-27 07:21:42+01:00,19.905,12.592,6.122
2020-03-27 07:24:43+01:00,17.357,15.342,5.422
2020-03-27 07:27:43+01:00,16.62,15.384,4.422
2020-03-27 07:30:43+01:00,18.796,15.008,4.822
2020-03-27 07:33:44+01:00,16.517,14.957,5.822
2020-03-27 07:36:44+01:00,18.08,15.734,5.622
2020-03-27 07:39:44+01:00,16.857,14.383,7.022
2020-03-27 07:42:46+01:00,16.289,12.762,6.422
2020-03-27 07:45:47+01:00,17.323,15.164,7.222
2020-03-27 07:48:47+01:00,18.149,14.315,9.222
2020-03-27 07:51:47+01:00,17.039,12.091,7.822
2020-03-27 07:54:47+01:00,17.265,13.945,8.822
2020-03-27 07:57:47+01:00,18.562,13.199,7.822
2020-03-27 08:00:48+01:00,18.11,13.822,7.222
2020-03-27 08:03:48+01:00,16.915,14.557,5.422
2020-03-27 08:06:48+01:00,16.362,14.244,4.422
2020-03-27 08:09:48+01:00,16.386,15.08,5.222
2020-03-27 08:12:48+01:00,18.893,13.563,6.022
2020-03-27 08:15:49+01:00,16.387,13.208,7.022
2020-03-27 08:18:49+01:00,16.448,15.922,7.822
2020-03-27 08:21:49+01:00,17.758,15.934,10.622
2020-03-27 08:24:49+01:00,17.801,14.792,10.822
2020-03-27 08:27:49+01:00,18.135,12.12,9.022
2020-03-27 08:30:50+01:00,17.198,13.26,7.622
2020-03-27 08:33:50+01:00,19.146,13.296,7.622
2020-03-27 08:36:50+01:00,16.199,15.117,9.622
2020-03-27 08:39:50+01:00,17.674,15.81,9.822
2020-03-27 08:42:50+01:00,19.893,12.579,9.822
2020-03-27 08:45:51+01:00,19.658,15.754,10.622
2020-03-27 08:48:51+01:00,18.754,15.173,13.422
2020-03-27 08:51:51+01:00,19.822,15.077,15.422
2020-03-27 08:54:51+01:00,18.391,15.061,16.222
2020-03-27 08:57:51+01:00,19.626,12.021,16.022
2020-03-27 09:00:52+01:00,17.791,14.726,15.822
2020-03-27 09:03:52+01:00,16.637,15.05,15.822
2020-03-27 09:06:52+01:00,19.56,15.271,17.022
2020-03-27 09:09:52+01:00,17.035,15.225,17.222
2020-03-27 09:12:52+01:00,16.974,15.322,20.022
2020-03-27 09:15:53+01:00,16.176,14.77,19.222
2020-03-27 09:18:53+01:00,16.625,14.852,19.622
2020-03-27 09:21:53+01:00,17.404,13.873,18.422
2020-03-27 09:24:53+01:00,16.77,12.145,17.222
2020-03-27 09:27:53+01:00,16.124,14.915,17.222
2020-03-27 09:30:54+01:00,16.547,14.255,17.222
2020-03-27 09:33:54+01:00,19.459,12.742,18.622
2020-03-27 09:36:54+01:00,17.413,14.11,19.422
2020-03-27 09:39:54+01:00,19.18,12.191,18.222
2020-03-27 09:42:55+01:00,16.878,12.573,18.022
2020-03-27 09:45:55+01:00,17.706,15.534,16.222
2020-03-27 09:48:55+01:00,17.26,13.33,16.622
2020-03-27 09:51:55+01:00,17.054,13.86,13.822
2020-03-27 09:54:55+01:00,19.394,12.865,12.622
2020-03-27 09:57:57+01:00,18.68,14.008,11.322
2020-03-27 10:00:57+01:00,17.543,14.057,11.322
2020-03-27 10:03:57+01:00,16.953,15.752,8.722
2020-03-27 10:06:57+01:00,18.641,15.197,6.722
2020-03-27 10:09:57+01:00,19.552,12.933,6.922
2020-03-27 10:12:58+01:00,16.768,12.124,4.122
2020-03-27 10:15:59+01:00,16.006,12.198,4.822
2020-03-27 10:18:59+01:00,16.636,14.215,5.422
2020-03-27 10:21:59+01:00,18.834,14.283,4.222
2020-03-27 10:25:00+01:00,17.134,14.809,4.722
2020-03-27 10:28:01+01:00,18.325,14.43,6.122
2020-03-27 10:31:01+01:00,16.096,13.66,7.122
2020-03-27 10:34:01+01:00,17.046,13.553,8.722
2020-03-27 10:37:01+01:00,19.628,13.529,10.122
2020-03-27 10:40:01+01:00,18.377,13.355,10.122
2020-03-27 10:43:02+01:00,17.12,14.199,7.322
2020-03-27 10:46:03+01:00,16.251,14.859,9.022
2020-03-27 10:49:03+01:00,19.448,15.512,10.622
2020-03-27 10:52:03+01:00,19.569,15.921,9.622
2020-03-27 10:55:06+01:00,17.532,12.303,8.722
2020-03-27 10:58:07+01:00,16.369,12.228,7.522
2020-03-27 11:01:07+01:00,18.87,12.933,8.322
2020-03-27 11:04:07+01:00,18.504,13.154,4.722
2020-03-27 11:07:07+01:00,19.83,12.283,4.322
2020-03-27 11:10:07+01:00,17.164,14.807,5.322
2020-03-27 11:13:08+01:00,19.687,12.49,5.522
2020-03-27 11:16:08+01:00,16.542,14.402,6.322
2020-03-27 11:19:08+01:00,18.863,14.908,3.922
2020-03-27 11:22:08+01:00,18.226,14.998,4.722
2020-03-27 11:25:09+01:00,18.769,12.025,4.722
2020-03-27 11:28:09+01:00,16.226,13.351,4.522
2020-03-27 11:31:09+01:00,19.916,15.535,3.922
2020-03-27 11:34:09+01:00,19.035,15.715,5.922
2020-03-27 11:37:10+01:00,17.715,15.38,6.222
2020-03-27 11:40:11+01:00,16.841,12.387,5.222
2020-03-27 11:43:11+01:00,17.908,12.391,4.622
2020-03-27 11:46:11+01:00,18.853,13.509,8.422
2020-03-27 11:49:11+01:00,16.302,13.994,7.222
2020-03-27 11:52:11+01:00,16.998,13.547,5.222
2020-03-27 11:55:12+01:00,17.175,15.535,4.622
2020-03-27 11:58:12+01:00,18.732,14.174,5.622
2020-03-27 12:01:12+01:00,19.707,13.088,5.822
2020-03-27 12:04:12+01:00,19.261,12.202,4.022
2020-03-27 12:07:13+01:00,18.092,15.838,4.122
2020-03-27 12:10:14+01:00,18.053,15.053,4.122
2020-03-27 12:13:14+01:00,18.735,14.766,4.922
2020-03-27 12:16:14+01:00,18.859,15.627,5.122
2020-03-27 12:19:14+01:00,17.329,12.863,4.522
2020-03-27 12:22:14+01:00,16.809,15.543,3.922
2020-03-27 12:25:15+01:00,16.32,14.094,4.922
2020-03-27 12:28:15+01:00,19.453,13.421,3.922
2020-03-27 12:31:17+01:00,18.233,15.066,4.722
2020-03-27 12:34:17+01:00,17.467,14.432,4.722
2020-03-27 12:37:17+01:00,19.091,12.36,5.122
2020-03-27 12:40:18+01:00,17.594,14.731,5.922
2020-03-27 12:43:18+01:00,16.764,15.265,6.122
2020-03-27 12:46:19+01:00,16.143,14.58,7.422
2020-03-27 12:49:19+01:00,18.826,12.095,8.822
2020-03-27 12:52:19+01:00,19.937,14.428,7.622
2020-03-27 12:55:20+01:00,16.698,12.717,8.422
2020-03-27 12:58:20+01:00,18.806,15.751,10.222
2020-03-27 13:01:20+01:00,19.054,13.367,11.622
2020-03-27 13:04:20+01:00,16.354,14.56,12.422
2020-03-27 13:07:21+01:00,16.629,12.101,14.422
2020-03-27 13:10:21+01:00,16.484,14.84,14.022
2020-03-27 13:13:21+01:00,17.359,15.614,13.822
2020-03-27 13:16:21+01:00,18.053,12.476,12.622
2020-03-27 13:19:21+01:00,18.665,15.433,10.822
2020-03-27 13:22:22+01:00,19.815,12.478,10.822
2020-03-27 13:25:22+01:00,19.249,14.273,12.422
2020-03-27 13:28:22+01:00,16.524,12.804,10.822
2020-03-27 13:31:22+01:00,18.13,14.753,12.622
2020-03-27 13:34:22+01:00,17.065,14.962,12.222
2020-03-27 13:37:23+01:00,18.083,13.093,11.022
2020-03-27 13:40:23+01:00,16.281,14.488,11.022
2020-03-27 13:43:23+01:00,16.422,15.904,11.622
2020-03-27 13:46:23+01:00,17.771,12.898,13.022
2020-03-27 13:49:23+01:00,17.531,12.432,12.022
2020-03-27 13:52:24+01:00,16.43,15.133,11.222
2020-03-27 13:55:24+01:00,16.986,13.983,11.422
2020-03-27 13:58:24+01:00,16.718,12.913,12.822
2020-03-27 14:01:24+01:00,17.831,13.343,11.622
2020-03-27 14:04:24+01:00,18.188,13.526,8.222
2020-03-27 14:07:25+01:00,19.503,12.916,9.422
2020-03-27 14:10:25+01:00,16.151,13.906,7.422
2020-03-27 14:13:25+01:00,17.907,12.224,6.622
2020-03-27 14:16:25+01:00,17.204,15.98,8.422
2020-03-27 14:19:25+01:00,17.473,15.389,8.022
2020-03-27 14:22:26+01:00,16.264,14.057,9.622
2020-03-27 14:25:26+01:00,19.73,14.781,8.822
2020-03-27 14:28:27+01:00,18.645,13.167,10.522
2020-03-27 14:31:27+01:00,19.78,13.812,9.722
2020-03-27 14:34:27+01:00,19.213,15.247,8.922
2020-03-27 14:37:28+01:00,16.301,15.993,8.322
2020-03-27 14:40:28+01:00,19.495,14.256,7.522
2020-03-27 14:43:28+01:00,19.129,15.136,7.122
2020-03-27 14:46:28+01:00,17.224,13.297,8.522
2020-03-27 14:49:28+01:00,19.537,13.686,8.122
2020-03-27 14:52:29+01:00,19.546,12.743,8.122
2020-03-27 14:55:29+01:00,17.638,12.526,9.722
2020-03-27 14:58:29+01:00,16.596,13.659,8.322
2020-03-27 15:01:29+01:00,16.293,15.958,8.322
2020-03-27 15:04:30+01:00,19.2,14.047,8.922
2020-03-27 15:07:30+01:00,18.196,12.015,9.522
2020-03-27 15:10:30+01:00,16.951,14.095,9.122
2020-03-27 15:13:30+01:00,19.716,14.424,9.322
2020-03-27 15:16:30+01:00,17.763,13.446,6.122
2020-03-27 15:19:31+01:00,17.005,14.703,6.722
2020-03-27 15:22:31+01:00,18.368,13.955,6.922
2020-03-27 15:25:31+01:00,16.696,15.821,7.122
2020-03-27 15:28:32+01:00,16.633,14.854,5.022
2020-03-27 15:31:32+01:00,16.354,14.099,4.822
2020-03-27 15:34:33+01:00,19.73,15.856,5.822
2020-03-27 15:37:33+01:00,18.712,14.051,4.622
2020-03-27 15:40:33+01:00,16.943,13.252,5.022
2020-03-27 15:43:33+01:00,18.419,13.919,4.622
2020-03-27 15:46:33+01:00,17.8,15.539,7.022
2020-03-27 15:49:34+01:00,19.699,14.494,7.822
2020-03-27 15:52:34+01:00,17.842,14.068,7.422
2020-03-27 15:55:34+01:00,16.21,15.547,7.622
2020-03-27 15:58:34+01:00,17.075,15.489,7.622
2020-03-27 16:01:34+01:00,19.058,14.873,7.422
2020-03-27 16:04:35+01:00,16.943,15.655,7.022
2020-03-27 16:07:35+01:00,17.138,15.68,6.822
2020-03-27 16:10:35+01:00,17.855,15.568,6.022
2020-03-27 16:13:35+01:00,18.062,15.094,7.622
2020-03-27 16:16:35+01:00,18.153,14.608,5.822
2020-03-27 16:19:36+01:00,17.683,14.132,4.022
2020-03-27 16:22:37+01:00,18.974,15.05,4.722
2020-03-27 16:25:37+01:00,16.272,12.095,4.722
2020-03-27 16:28:37+01:00,18.272,14.84,4.922
2020-03-27 16:31:37+01:00,16.079,14.819,4.322
2020-03-27 16:34:38+01:00,16.827,13.669,4.922
2020-03-27 16:37:38+01:00,19.686,12.591,5.322
2020-03-27 16:40:38+01:00,18.328,14.2,3.922
2020-03-27 16:43:38+01:00,18.117,12.281,4.322
2020-03-27 16:46:40+01:00,18.909,12.671,6.222
2020-03-27 16:49:40+01:00,16.701,12.322,4.422
2020-03-27 16:52:40+01:00,16.107,14.387,5.422
2020-03-27 16:55:40+01:00,16.645,15.943,5.222
2020-03-27 16:58:40+01:00,18.414,14.323,9.422
2020-03-27 17:01:41+01:00,18.107,12.296,7.622
2020-03-27 17:04:41+01:00,16.476,12.49,6.822
2020-03-27 17:07:41+01:00,18.687,14.587,7.222
2020-03-27 17:10:41+01:00,16.694,13.96,5.622
2020-03-27 17:13:41+01:00,16.221,12.269,7.022
2020-03-27 17:16:42+01:00,19.192,14.571,6.622
2020-03-27 17:19:42+01:00,16.929,15.47,7.022
2020-03-27 17:22:42+01:00,16.253,15.87,8.222
2020-03-27 17:25:42+01:00,18.162,12.567,8.022
2020-03-27 17:28:42+01:00,19.115,12.699,10.022
2020-03-27 17:31:43+01:00,17.952,13.346,11.422
2020-03-27 17:34:43+01:00,16.707,12.093,10.422
2020-03-27 17:37:43+01:00,18.533,12.493,9.822
2020-03-27 17:40:43+01:00,19.634,14.729,12.222
2020-03-27 17:43:43+01:00,16.497,12.938,10.822
2020-03-27 17:46:44+01:00,16.746,15.229,9.822
2020-03-27 17:49:44+01:00,17.578,14.089,13.022
2020-03-27 17:52:44+01:00,17.376,12.564,14.022
2020-03-27 17:55:44+01:00,17.33,13.728,13.822
2020-03-27 17:58:44+01:00,17.459,14.117,15.022
2020-03-27 18:01:45+01:00,17.782,13.733,15.622
2020-03-27 18:04:45+01:00,17.832,14.309,17.622
2020-03-27 18:07:45+01:00,16.706,13.63,18.022
2020-03-27 18:10:45+01:00,18.724,12.274,18.622
2020-03-27 18:13:45+01:00,18.931,15.927,16.422
2020-03-27 18:16:46+01:00,16.468,13.351,17.622
2020-03-27 18:19:46+01:00,17.322,12.824,17.822
2020-03-27 18:22:46+01:00,17.132,14.468,19.422
2020-03-27 18:25:46+01:00,18.716,13.333,19.222
2020-03-27 18:28:46+01:00,18.442,12.146,18.222
2020-03-27 18:31:47+01:00,17.802,12.057,18.622
2020-03-27 18:34:47+01:00,17.46,13.168,15.022
2020-03-27 18:37:47+01:00,17.995,14.251,13.422
2020-03-27 18:40:47+01:00,16.704,13.769,15.422
2020-03-27 18:43:48+01:00,17.502,13.318,15.422
2020-03-27 18:46:48+01:00,19.733,12.671,16.022
2020-03-27 18:49:48+01:00,16.98,14.595,18.222
2020-03-27 18:52:49+01:00,19.646,15.165,18.322
2020-03-27 18:55:49+01:00,19.343,12.4,19.122
2020-03-27 18:58:50+01:00,18.04,12.327,19.522
2020-03-27 19:01:50+01:00,17.104,14.714,19.122
2020-03-27 19:04:50+01:00,18.618,12.023,18.922
2020-03-27 19:07:50+01:00,16.954,14.459,19.522
2020-03-27 19:10:50+01:00,19.784,15.544,18.722
2020-03-27 19:13:51+01:00,19.032,13.281,17.722
2020-03-27 19:16:51+01:00,17.912,14.324,19.722
2020-03-27 19:19:51+01:00,17.905,12.719,17.322
2020-03-27 19:22:51+01:00,16.475,14.018,18.922
2020-03-27 19:25:51+01:00,16.814,14.546,18.522
2020-03-27 19:28:52+01:00,16.695,15.249,18.522
2020-03-27 19:31:52+01:00,18.349,12.239,16.322
2020-03-27 19:34:52+01:00,19.513,12.8,17.122
2020-03-27 19:37:52+01:00,18.173,12.007,18.522
2020-03-27 19:40:52+01:00,19.909,13.237,17.522
2020-03-27 19:43:53+01:00,17.876,13.589,18.722
2020-03-27 19:46:53+01:00,19.87,12.667,16.922
2020-03-27 19:49:53+01:00,17.828,14.124,19.122
2020-03-27 19:52:53+01:00,16.471,15.871,17.122
2020-03-27 19:55:53+01:00,17.486,14.534,18.322
2020-03-27 19:58:54+01:00,18.052,14.376,17.122
2020-03-27 20:01:54+01:00,18.084,14.986,16.322
2020-03-27 20:04:54+01:00,16.973,15.533,17.122
2020-03-27 20:07:54+01:00,17.446,12.986,18.522
2020-03-27 20:10:54+01:00,16.051,14.378,19.122
2020-03-27 20:13:55+01:00,16.953,15.209,18.522
2020-03-27 20:16:55+01:00,19.818,13.241,18.122
2020-03-27 20:19:55+01:00,19.9,12.304,16.922
2020-03-27 20:22:55+01:00,17.652,15.497,16.522
2020-03-27 20:25:55+01:00,19.3,12.01,15.922
2020-03-27 20:28:56+01:00,16.892,14.705,16.122
2020-03-27 20:31:56+01:00,16.772,15.406,16.122
2020-03-27 20:34:56+01:00,16.432,14.7,14.322
2020-03-27 20:37:56+01:00,17.291,13.313,14.722
2020-03-27 20:40:57+01:00,19.345,15.772,14.122
2020-03-27 20:43:57+01:00,16.665,12.579,14.722
2020-03-27 20:46:57+01:00,16.624,13.876,15.722
2020-03-27 20:49:57+01:00,19.198,15.516,18.122
2020-03-27 20:52:57+01:00,17.685,14.62,19.122
2020-03-27 20:55:58+01:00,17.839,13.135,18.322
2020-03-27 20:58:58+01:00,19.745,15.098,19.722
2020-03-27 21:01:58+01:00,17.336,13.473,19.122
2020-03-27 21:04:58+01:00,18.428,12.915,19.922
2020-03-27 21:07:58+01:00,18.626,15.154,18.922
2020-03-27 21:10:59+01:00,19.2,15.393,18.522
2020-03-27 21:13:59+01:00,17.526,15.857,18.922
2020-03-27 21:16:59+01:00,16.842,15.972,19.122
2020-03-27 21:19:59+01:00,18.05,14.344,18.722
2020-03-27 21:22:59+01:00,17.148,13.052,19.122
2020-03-27 21:26:00+01:00,19.922,13.298,17.322
2020-03-27 21:29:00+01:00,18.676,13.774,15.722
2020-03-27 21:32:00+01:00,18.08,13.976,16.922
2020-03-27 21:35:00+01:00,17.69,14.145,13.522
2020-03-27 21:38:00+01:00,18.12,13.655,14.722
2020-03-27 21:41:01+01:00,17.755,12.049,16.522
2020-03-27 21:44:01+01:00,17.932,13.564,16.722
2020-03-27 21:47:01+01:00,17.632,15.913,15.322
2020-03-27 21:50:01+01:00,19.877,13.546,14.122
2020-03-27 21:53:01+01:00,16.997,13.471,11.522
2020-03-27 21:56:02+01:00,16.858,13.564,14.122
2020-03-27 21:59:02+01:00,18.164,14.134,13.922
2020-03-27 22:02:02+01:00,17.373,14.832,13.122
2020-03-27 22:05:02+01:00,18.291,14.889,11.722
2020-03-27 22:08:02+01:00,17.579,13.955,10.722
2020-03-27 22:11:03+01:00,16.623,13.653,9.722
2020-03-27 22:14:03+01:00,18.621,13.712,11.322
2020-03-27 22:17:03+01:00,16.489,12.006,10.922
2020-03-27 22:20:03+01:00,18.813,12.665,9.922
2020-03-27 22:23:04+01:00,19.796,15.536,9.122
2020-03-27 22:26:04+01:00,17.139,15.505,8.722
2020-03-27 22:29:05+01:00,16.886,15.178,10.422
2020-03-27 22:32:05+01:00,18.381,15.098,10.222
2020-03-27 22:35:05+01:00,19.258,13.695,8.222
2020-03-27 22:38:06+01:00,18.108,12.131,7.822
2020-03-27 22:41:06+01:00,19.533,15.462,6.422
2020-03-27 22:44:06+01:00,16.717,13.013,6.822
2020-03-27 22:47:06+01:00,19.289,14.984,6.222
2020-03-27 22:50:06+01:00,18.937,12.33,7.822
2020-03-27 22:53:07+01:00,18.227,15.487,9.022
2020-03-27 22:56:07+01:00,18.093,14.755,9.622
2020-03-27 22:59:07+01:00,19.57,13.381,11.222
2020-03-27 23:02:07+01:00,17.104,15.816,12.422
2020-03-27 23:05:07+01:00,18.087,12.636,10.422
2020-03-27 23:08:08+01:00,18.609,15.915,10.222
2020-03-27 23:11:08+01:00,18.562,15.916,9.422
2020-03-27 23:14:10+01:00,16.253,15.815,8.622
2020-03-27 23:17:10+01:00,19.004,15.413,7.822
2020-03-27 23:20:10+01:00,16.993,14.371,6.422
2020-03-27 23:23:11+01:00,19.017,14.914,5.622
2020-03-27 23:26:11+01:00,18.289,14.126,6.822
2020-03-27 23:29:11+01:00,18.131,12.511,6.822
2020-03-27 23:32:11+01:00,19.482,15.36,6.422
2020-03-27 23:35:11+01:00,18.412,15.292,8.822
2020-03-27 23:38:12+01:00,16.182,14.843,6.222
2020-03-27 23:41:13+01:00,19.057,13.812,7.122
2020-03-27 23:44:13+01:00,18.98,14.484,7.322
2020-03-27 23:47:13+01:00,18.538,12.105,7.122
2020-03-27 23:50:13+01:00,19.949,15.151,10.322
2020-03-27 23:53:15+01:00,19.237,13.961,12.022
2020-03-27 23:56:15+01:00,18.084,14.136,8.822
2020-03-27 23:59:15+01:00,17.209,12.776,11.822
2020-03-28 00:02:15+01:00,17.774,15.097,12.022
2020-03-28 00:05:16+01:00,16.576,13.361,10.222
2020-03-28 00:08:16+01:00,18.421,13.485,9.822
2020-03-28 00:11:16+01:00,16.083,12.596,12.822
2020-03-28 00:14:16+01:00,16.842,15.405,14.422
2020-03-28 00:17:16+01:00,18.566,14.033,16.222
2020-03-28 00:20:17+01:00,16.482,12.67,17.222
2020-03-28 00:23:17+01:00,16.684,12.154,16.822
2020-03-28 00:26:18+01:00,16.207,12.714,16.122
2020-03-28 00:29:18+01:00,16.804,13.854,18.122
2020-03-28 00:32:18+01:00,19.618,13.34,16.922
2020-03-28 00:35:19+01:00,19.931,12.982,18.722
2020-03-28 00:38:19+01:00,17.371,13.28,17.722
2020-03-28 00:41:19+01:00,17.66,13.824,17.322
2020-03-28 00:44:19+01:00,19.964,13.513,15.322
2020-03-28 00:47:19+01:00,18.103,14.581,16.322
2020-03-28 00:50:20+01:00,16.679,15.31,17.722
2020-03-28 00:53:20+01:00,19.081,15.588,16.122
2020-03-28 00:56:20+01:00,16.178,15.865,16.722
2020-03-28 00:59:20+01:00,18.845,14.677,18.122
2020-03-28 01:02:59+01:00,18.256,12.756,16.422
2020-03-28 01:06:00+01:00,18.976,14.817,16.422
2020-03-28 01:09:00+01:00,19.957,14.094,16.022
2020-03-28 01:12:00+01:00,19.88,13.309,15.622
2020-03-28 01:15:00+01:00,17.525,12.501,15.822
2020-03-28 01:18:01+01:00,17.462,14.557,14.822
2020-03-28 01:21:01+01:00,17.019,15.502,14.022
2020-03-28 01:24:01+01:00,17.977,14.069,13.822
2020-03-28 01:27:01+01:00,19.857,14.295,11.222
2020-03-28 01:30:01+01:00,17.116,12.842,10.622
2020-03-28 01:33:02+01:00,18.608,15.533,8.422
2020-03-28 01:36:02+01:00,19.255,12.675,8.022
2020-03-28 01:39:03+01:00,18.738,13.306,7.322
2020-03-28 01:42:03+01:00,16.88,15.057,7.922
2020-03-28 01:45:03+01:00,19.696,13.996,6.522
2020-03-28 01:48:06+01:00,17.528,14.492,6.322
2020-03-28 01:51:06+01:00,16.549,14.912,5.522
2020-03-28 01:54:06+01:00,19.842,15.602,6.522
2020-03-28 01:57:06+01:00,16.993,12.636,6.122
2020-03-28 02:00:06+01:00,16.465,13.492,8.522
2020-03-28 02:03:07+01:00,17.013,12.008,9.522
2020-03-28 02:06:07+01:00,18.898,13.914,10.522
2020-03-28 02:09:07+01:00,19.6,12.875,9.522
2020-03-28 02:12:07+01:00,19.506,12.647,8.122
2020-03-28 02:15:07+01:00,16.385,14.253,7.122
2020-03-28 02:18:08+01:00,17.65,12.081,9.322
2020-03-28 02:21:08+01:00,17.262,12.699,5.922
2020-03-28 02:24:08+01:00,16.76,13.118,6.522
2020-03-28 02:27:08+01:00,16.157,12.791,5.922
2020-03-28 02:30:09+01:00,17.468,14.13,8.222
2020-03-28 02:33:10+01:00,16.765,12.157,8.022
2020-03-28 02:36:10+01:00,19.614,15.209,7.422
2020-03-28 02:39:10+01:00,18.761,12.894,10.022
2020-03-28 02:42:10+01:00,16.045,13.356,11.422
2020-03-28 02:45:10+01:00,18.193,12.16,11.822
2020-03-28 02:48:11+01:00,18.298,13.708,10.622
2020-03-28 02:51:11+01:00,19.622,14.948,11.222
2020-03-28 02:54:11+01:00,16.441,12.884,10.822
2020-03-28 02:57:11+01:00,17.189,13.225,9.422
2020-03-28 03:00:11+01:00,16.437,14.102,9.822
2020-03-28 03:03:13+01:00,19.187,15.13,8.922
2020-03-28 03:06:13+01:00,16.106,15.982,8.722
2020-03-28 03:09:13+01:00,19.693,14.518,8.722
2020-03-28 03:12:13+01:00,18.171,15.445,7.922
2020-03-28 03:15:14+01:00,19.791,14.661,9.122
2020-03-28 03:18:14+01:00,17.82,12.733,7.122
2020-03-28 03:21:14+01:00,17.434,12.888,9.122
2020-03-28 03:24:14+01:00,17.164,13.305,11.322
2020-03-28 03:27:14+01:00,19.359,14.391,11.322
2020-03-28 03:30:15+01:00,17.034,13.124,11.522
2020-03-28 03:33:15+01:00,16.819,13.174,10.922
2020-03-28 03:36:15+01:00,19.629,12.164,11.122
2020-03-28 03:39:16+01:00,16.533,12.903,10.622
2020-03-28 03:42:16+01:00,17.765,12.032,10.222
2020-03-28 03:45:17+01:00,17.684,15.746,9.422
2020-03-28 03:48:17+01:00,19.57,14.458,11.022
2020-03-28 03:51:17+01:00,19.577,14.431,11.622
2020-03-28 03:54:17+01:00,18.828,12.919,9.222
2020-03-28 03:57:17+01:00,18.523,12.161,10.822
2020-03-28 04:00:18+01:00,16.025,13.742,13.022
2020-03-28 04:03:18+01:00,16.297,15.967,14.222
2020-03-28 04:06:18+01:00,19.833,13.747,12.622
2020-03-28 04:09:18+01:00,19.423,14.362,14.022
2020-03-28 04:12:18+01:00,17.933,14.911,14.422
2020-03-28 04:15:19+01:00,19.49,12.049,15.022
2020-03-28 04:18:19+01:00,17.643,12.331,13.822
2020-03-28 04:21:19+01:00,16.12,12.821,13.222
2020-03-28 04:24:19+01:00,17.089,13.822,11.822
2020-03-28 04:27:20+01:00,17.465,15.796,12.722
2020-03-28 04:30:21+01:00,17.918,12.992,14.122
2020-03-28 04:33:21+01:00,16.727,14.968,14.122
2020-03-28 04:36:21+01:00,19.008,15.653,14.122
2020-03-28 04:39:21+01:00,17.25,15.264,13.322
2020-03-28 04:42:22+01:00,19.858,13.236,16.222
2020-03-28 04:45:23+01:00,19.868,15.882,14.022
2020-03-28 04:48:23+01:00,18.09,13.229,13.022
2020-03-28 04:51:23+01:00,17.074,14.353,13.622
2020-03-28 04:54:23+01:00,18.019,12.143,12.422
2020-03-28 04:57:25+01:00,17.182,15.17,13.922
2020-03-28 05:00:25+01:00,17.662,12.12,15.522
2020-03-28 05:03:25+01:00,17.197,12.787,12.722
2020-03-28 05:06:25+01:00,16.639,13.457,12.722
2020-03-28 05:09:25+01:00,17.947,13.973,11.322
2020-03-28 05:12:26+01:00,16.855,13.135,11.322
2020-03-28 05:15:27+01:00,16.256,15.728,10.422
2020-03-28 05:18:27+01:00,19.23,15.188,9.822
2020-03-28 05:21:27+01:00,16.807,15.053,10.622
2020-03-28 05:24:27+01:00,17.577,13.53,13.022
2020-03-28 05:27:28+01:00,16.297,13.501,15.022
2020-03-28 05:30:28+01:00,16.478,13.788,17.222
2020-03-28 05:33:28+01:00,19.117,13.83,19.222
2020-03-28 05:36:28+01:00,18.324,12.124,19.822
2020-03-28 05:39:28+01:00,18.54,15.685,19.622
2020-03-28 05:42:29+01:00,17.702,12.696,17.422
2020-03-28 05:45:29+01:00,18.504,12.409,19.222
2020-03-28 05:48:29+01:00,16.797,13.337,17.822
2020-03-28 05:51:29+01:00,18.829,15.131,18.222
2020-03-28 05:54:29+01:00,16.269,13.731,18.622
2020-03-28 05:57:30+01:00,17.176,15.249,17.622
2020-03-28 06:00:30+01:00,19.242,15.228,17.822
2020-03-28 06:03:30+01:00,18.635,14.741,19.422
2020-03-28 06:06:30+01:00,19.289,13.397,19.422
2020-03-28 06:09:31+01:00,18.624,13.309,17.722
2020-03-28 06:12:32+01:00,18.437,13.617,16.322
2020-03-28 06:15:32+01:00,17.485,14.17,16.722
2020-03-28 06:18:32+01:00,19.512,14.477,15.722
2020-03-28 06:21:32+01:00,18.118,12.931,17.722
2020-03-28 06:24:32+01:00,16.403,12.151,16.722
2020-03-28 06:27:33+01:00,16.053,15.671,16.722
2020-03-28 06:30:33+01:00,19.474,13.368,17.722
2020-03-28 06:33:33+01:00,19.699,14.617,17.322
2020-03-28 06:36:33+01:00,18.733,13.348,18.322
2020-03-28 06:39:33+01:00,18.446,12.293,18.722
2020-03-28 06:42:34+01:00,19.19,15.226,18.522
2020-03-28 06:45:34+01:00,19.777,14.13,18.522
2020-03-28 06:48:34+01:00,17.573,13.794,18.122
2020-03-28 06:51:34+01:00,17.254,15.886,19.922
2020-03-28 06:54:35+01:00,17.042,14.277,19.522
2020-03-28 06:57:35+01:00,16.125,14.619,19.722
2020-03-28 07:00:35+01:00,17.73,12.631,18.922
2020-03-28 07:03:36+01:00,18.178,14.261,19.622
2020-03-28 07:06:36+01:00,19.1,14.103,19.622
2020-03-28 07:09:37+01:00,17.021,15.715,19.022
2020-03-28 07:12:37+01:00,17.389,13.1,19.422
2020-03-28 07:15:37+01:00,19.804,12.031,17.622
2020-03-28 07:18:37+01:00,19.71,12.939,18.222
2020-03-28 07:21:37+01:00,17.527,12.819,20.022
2020-03-28 07:24:38+01:00,18.284,15.013,18.422
2020-03-28 07:27:38+01:00,19.56,14.298,18.022
2020-03-28 07:30:38+01:00,18.398,14.414,17.622
2020-03-28 07:33:38+01:00,19.021,14.0,19.422
2020-03-28 07:36:39+01:00,19.511,12.619,19.722
2020-03-28 07:39:40+01:00,17.235,14.914,17.922
2020-03-28 07:42:40+01:00,16.001,12.978,18.322
2020-03-28 07:45:40+01:00,18.615,12.244,19.922
2020-03-28 07:48:40+01:00,17.702,13.364,19.922
2020-03-28 07:51:40+01:00,16.977,15.162,19.722
2020-03-28 07:54:41+01:00,18.633,15.839,18.922
2020-03-28 07:57:41+01:00,18.167,15.772,18.522
2020-03-28 08:00:54+01:00,19.823,14.722,17.422
2020-03-28 08:03:54+01:00,16.496,12.061,17.422
2020-03-28 08:06:54+01:00,18.112,13.49,17.622
2020-03-28 08:09:55+01:00,17.579,14.352,18.622
2020-03-28 08:12:55+01:00,19.506,15.361,18.222
2020-03-28 08:15:55+01:00,18.943,12.704,18.422
2020-03-28 08:18:55+01:00,18.621,14.772,19.422
2020-03-28 08:21:55+01:00,18.482,15.16,18.622
2020-03-28 08:24:56+01:00,19.009,14.047,15.222
2020-03-28 08:27:56+01:00,18.893,13.544,15.222
2020-03-28 08:30:56+01:00,18.039,13.494,18.022
2020-03-28 08:33:56+01:00,18.154,13.992,18.622
2020-03-28 08:36:57+01:00,17.311,13.134,18.622
2020-03-28 08:39:57+01:00,18.883,15.111,18.622
2020-03-28 08:42:57+01:00,19.204,15.164,19.422
2020-03-28 08:45:57+01:00,18.826,15.406,18.022
2020-03-28 08:48:57+01:00,19.172,14.422,17.822
2020-03-28 08:51:58+01:00,17.569,12.37,18.422
2020-03-28 08:54:58+01:00,18.168,15.984,19.022
2020-03-28 08:57:58+01:00,19.815,13.163,19.022
2020-03-28 09:00:59+01:00,16.707,14.111,19.522
2020-03-28 09:03:59+01:00,17.603,15.769,19.122
2020-03-28 09:07:02+01:00,17.952,15.54,17.722
2020-03-28 09:10:02+01:00,18.063,14.236,16.122
2020-03-28 09:13:02+01:00,17.869,15.858,13.522
2020-03-28 09:16:02+01:00,19.795,13.904,13.922
2020-03-28 09:19:02+01:00,16.06,14.909,13.922
2020-03-28 09:22:03+01:00,18.649,13.613,12.322
2020-03-28 09:25:03+01:00,16.558,15.288,13.722
2020-03-28 09:28:03+01:00,18.192,14.502,14.522
2020-03-28 09:31:03+01:00,18.313,12.616,13.522
2020-03-28 09:34:03+01:00,18.753,15.698,12.322
2020-03-28 09:37:04+01:00,18.764,14.732,12.522
2020-03-28 09:40:04+01:00,19.002,13.232,13.122
2020-03-28 09:43:05+01:00,16.78,15.256,14.222
2020-03-28 09:46:05+01:00,17.944,13.03,15.622
2020-03-28 09:49:05+01:00,19.7,14.274,15.822
2020-03-28 09:52:06+01:00,16.571,12.735,16.422
2020-03-28 09:55:07+01:00,16.598,15.014,16.122
2020-03-28 09:58:07+01:00,16.422,13.941,15.122
2020-03-28 10:01:07+01:00,17.242,14.711,17.522
2020-03-28 10:04:07+01:00,18.959,14.939,18.922
2020-03-28 10:07:08+01:00,18.877,12.004,18.122
2020-03-28 10:10:09+01:00,17.619,12.48,15.622
2020-03-28 10:13:09+01:00,16.472,15.767,14.222
2020-03-28 10:16:09+01:00,18.251,15.451,13.822
2020-03-28 10:19:10+01:00,16.762,14.554,12.622
2020-03-28 10:22:10+01:00,19.919,15.544,12.422
2020-03-28 10:25:10+01:00,16.905,13.469,12.022
2020-03-28 10:28:10+01:00,18.517,13.719,12.822
2020-03-28 10:31:10+01:00,17.784,12.187,15.022
2020-03-28 10:34:11+01:00,17.419,15.884,14.222
2020-03-28 10:37:11+01:00,19.825,14.939,13.222
2020-03-28 10:40:11+01:00,19.523,12.275,12.022
2020-03-28 10:43:11+01:00,17.309,14.462,12.022
2020-03-28 10:46:11+01:00,19.351,13.324,12.622
2020-03-28 10:49:12+01:00,16.278,15.098,11.222
2020-03-28 10:52:12+01:00,17.362,13.988,13.222
2020-03-28 10:55:12+01:00,19.627,14.776,13.222
2020-03-28 10:58:12+01:00,18.131,14.7,14.222
2020-03-28 11:01:12+01:00,19.66,13.275,14.622
2020-03-28 11:04:14+01:00,19.112,13.045,14.722
2020-03-28 11:07:14+01:00,16.653,15.172,14.922
2020-03-28 11:10:14+01:00,19.431,14.235,16.322
2020-03-28 11:13:14+01:00,19.138,12.546,16.922
2020-03-28 11:16:14+01:00,16.269,13.239,16.122
2020-03-28 11:19:16+01:00,18.707,13.72,17.422
2020-03-28 11:22:16+01:00,18.143,15.148,15.422
2020-03-28 11:25:16+01:00,19.881,15.729,17.022
2020-03-28 11:28:16+01:00,19.914,15.205,17.822
2020-03-28 11:31:16+01:00,19.029,14.361,15.422
2020-03-28 11:34:17+01:00,16.635,14.49,17.622
2020-03-28 11:37:18+01:00,18.488,12.936,15.922
2020-03-28 11:40:18+01:00,16.223,13.172,16.922
2020-03-28 11:43:18+01:00,19.87,12.831,17.322
2020-03-28 11:46:18+01:00,17.955,13.045,15.122
2020-03-28 11:49:19+01:00,19.032,12.549,14.122
2020-03-28 11:52:19+01:00,17.121,13.668,16.122
2020-03-28 11:55:19+01:00,16.3,12.155,13.722
2020-03-28 11:58:19+01:00,16.374,14.617,12.922
2020-03-28 12:01:19+01:00,18.814,15.276,15.122
2020-03-28 12:04:20+01:00,17.658,13.738,14.922
2020-03-28 12:07:20+01:00,19.867,14.672,15.122
2020-03-28 12:10:20+01:00,19.623,14.433,18.522
2020-03-28 12:13:20+01:00,19.833,15.535,15.922
2020-03-28 12:16:21+01:00,19.588,13.08,14.122
2020-03-28 12:19:21+01:00,16.218,14.283,16.322
2020-03-28 12:22:21+01:00,18.87,15.07,16.122
2020-03-28 12:25:21+01:00,16.976,15.815,15.322
2020-03-28 12:28:21+01:00,17.657,13.821,15.522
2020-03-28 12:31:22+01:00,18.354,12.051,15.322
2020-03-28 12:34:22+01:00,16.542,15.003,14.322
2020-03-28 12:37:22+01:00,16.217,14.661,14.322
2020-03-28 12:40:23+01:00,19.159,14.361,16.222
2020-03-28 12:43:23+01:00,17.751,13.148,16.222
2020-03-28 12:46:24+01:00,18.466,12.641,18.222
2020-03-28 12:49:24+01:00,19.562,15.394,18.222
2020-03-28 12:52:24+01:00,18.216,15.363,16.422
2020-03-28 12:55:25+01:00,18.256,12.045,16.522
2020-03-28 12:58:25+01:00,19.467,15.475,16.122
2020-03-28 13:01:26+01:00,17.526,15.546,14.522
2020-03-28 13:04:26+01:00,19.002,12.338,14.122
2020-03-28 13:07:26+01:00,18.784,15.254,14.522
2020-03-28 13:10:27+01:00,18.335,12.795,14.622
2020-03-28 13:13:27+01:00,17.04,12.542,13.622
2020-03-28 13:16:28+01:00,17.035,15.311,15.422
2020-03-28 13:19:28+01:00,16.036,12.838,17.622
2020-03-28 13:22:29+01:00,16.409,15.126,18.522
2020-03-28 13:25:29+01:00,17.161,13.71,17.922
2020-03-28 13:28:29+01:00,16.974,12.441,18.722
2020-03-28 13:31:30+01:00,18.276,15.174,15.322
2020-03-28 13:34:30+01:00,18.781,12.384,14.922
2020-03-28 13:37:30+01:00,17.579,12.9,14.722
2020-03-28 13:40:30+01:00,16.017,15.572,16.522
2020-03-28 13:43:30+01:00,18.138,15.819,18.122
2020-03-28 13:46:31+01:00,18.548,13.121,18.922
2020-03-28 13:49:31+01:00,17.165,12.23,19.722
2020-03-28 13:52:31+01:00,19.52,14.672,17.722
2020-03-28 13:55:31+01:00,19.096,15.363,18.322
2020-03-28 13:58:32+01:00,17.764,13.57,16.922
2020-03-28 14:01:33+01:00,19.588,13.241,19.022
2020-03-28 14:04:33+01:00,16.057,12.405,17.222
2020-03-28 14:07:33+01:00,16.477,14.305,18.422
2020-03-28 14:10:33+01:00,19.005,12.096,19.422
2020-03-28 14:13:34+01:00,18.562,15.294,19.622
2020-03-28 14:16:35+01:00,18.974,12.26,19.322
2020-03-28 14:19:35+01:00,19.411,13.083,19.522
2020-03-28 14:22:35+01:00,19.53,13.796,19.722
2020-03-28 14:25:35+01:00,16.859,12.205,18.922
2020-03-28 14:28:36+01:00,17.189,13.329,19.322
2020-03-28 14:31:36+01:00,19.353,15.307,19.722
2020-03-28 14:34:36+01:00,16.674,14.622,18.922
2020-03-28 14:37:36+01:00,16.382,15.314,19.922
2020-03-28 14:40:36+01:00,19.006,15.029,18.522
2020-03-28 14:43:37+01:00,16.621,15.225,17.922
2020-03-28 14:46:37+01:00,18.684,15.074,17.522
2020-03-28 14:49:37+01:00,16.704,14.196,17.722
2020-03-28 14:52:37+01:00,18.247,14.048,15.922
2020-03-28 14:55:37+01:00,18.432,13.519,15.722
2020-03-28 14:58:38+01:00,19.49,12.077,17.522
2020-03-28 15:01:38+01:00,19.32,13.472,16.722
2020-03-28 15:04:38+01:00,18.301,14.735,17.122
2020-03-28 15:07:38+01:00,19.33,14.445,17.322
2020-03-28 15:10:38+01:00,18.331,15.088,16.122
2020-03-28 15:13:39+01:00,19.151,15.746,15.922
2020-03-28 15:16:39+01:00,17.16,15.983,15.922
2020-03-28 15:19:39+01:00,19.334,12.484,15.922
2020-03-28 15:22:39+01:00,18.025,13.438,16.922
2020-03-28 15:25:39+01:00,19.347,14.552,17.922
2020-03-28 15:28:40+01:00,18.121,15.577,18.722
2020-03-28 15:31:40+01:00,16.533,13.257,19.322
2020-03-28 15:34:41+01:00,16.85,14.301,19.822
2020-03-28 15:37:41+01:00,17.953,13.382,17.422
2020-03-28 15:40:43+01:00,17.982,15.864,18.922
2020-03-28 15:43:43+01:00,18.608,12.028,15.522
2020-03-28 15:46:44+01:00,18.704,14.921,13.422
2020-03-28 15:49:44+01:00,18.76,15.413,12.622
2020-03-28 15:52:44+01:00,16.798,15.622,14.622
2020-03-28 15:55:45+01:00,19.776,12.944,15.222
2020-03-28 15:58:45+01:00,17.225,14.941,11.622
2020-03-28 16:01:45+01:00,16.422,15.239,9.622
2020-03-28 16:04:45+01:00,18.872,14.462,11.022
2020-03-28 16:07:45+01:00,17.317,12.159,9.622
2020-03-28 16:10:46+01:00,17.989,15.724,10.022
2020-03-28 16:13:46+01:00,17.601,15.268,11.422
2020-03-28 16:16:46+01:00,17.09,14.539,10.622
2020-03-28 16:19:46+01:00,19.818,13.99,11.222
2020-03-28 16:22:46+01:00,16.224,14.821,12.022
2020-03-28 16:25:47+01:00,19.611,12.497,14.822
2020-03-28 16:28:47+01:00,18.589,12.013,14.822
2020-03-28 16:31:47+01:00,18.523,14.961,15.622
2020-03-28 16:34:47+01:00,16.204,15.804,15.022
2020-03-28 16:37:47+01:00,18.635,13.414,14.422
2020-03-28 16:40:48+01:00,16.678,13.169,12.822
2020-03-28 16:43:48+01:00,17.522,15.304,12.622
2020-03-28 16:46:48+01:00,17.367,15.317,11.222
2020-03-28 16:49:48+01:00,16.724,14.044,11.822
2020-03-28 16:52:48+01:00,16.549,15.646,10.622
2020-03-28 16:55:50+01:00,17.765,14.727,10.322
2020-03-28 16:58:50+01:00,19.644,14.177,11.722
2020-03-28 17:01:50+01:00,19.308,12.687,8.722
2020-03-28 17:04:50+01:00,16.05,13.097,6.922
2020-03-28 17:07:50+01:00,18.163,14.557,4.122
2020-03-28 17:10:51+01:00,18.907,14.587,5.122
2020-03-28 17:13:51+01:00,17.461,13.965,5.522
2020-03-28 17:16:51+01:00,19.565,15.702,3.922
2020-03-28 17:19:51+01:00,19.593,15.574,4.122
2020-03-28 17:22:51+01:00,19.6,12.623,5.522
2020-03-28 17:25:52+01:00,18.734,12.46,5.722
2020-03-28 17:28:53+01:00,16.283,12.727,4.422
2020-03-28 17:31:53+01:00,16.839,14.84,4.622
2020-03-28 17:34:53+01:00,19.941,13.591,5.022
2020-03-28 17:37:54+01:00,17.963,15.29,4.422
2020-03-28 17:40:54+01:00,19.752,14.452,4.222
2020-03-28 17:43:54+01:00,18.832,15.568,4.622
2020-03-28 17:46:54+01:00,17.51,15.008,4.422
2020-03-28 17:49:54+01:00,18.425,13.419,6.622
2020-03-28 17:52:55+01:00,19.426,15.812,5.022
2020-03-28 17:55:55+01:00,18.576,13.463,4.022
2020-03-28 17:58:55+01:00,19.212,12.339,5.422
2020-03-28 18:01:55+01:00,17.632,13.055,6.022
2020-03-28 18:04:55+01:00,16.745,14.549,7.622
2020-03-28 18:07:56+01:00,18.262,15.415,8.422
2020-03-28 18:10:56+01:00,17.782,12.238,6.622
2020-03-28 18:13:56+01:00,18.466,13.98,4.022
2020-03-28 18:16:56+01:00,17.268,15.803,6.422
2020-03-28 18:19:56+01:00,17.756,15.756,5.022
2020-03-28 18:22:58+01:00,16.103,15.061,5.922
2020-03-28 18:25:58+01:00,17.89,15.726,8.322
2020-03-28 18:28:58+01:00,19.573,15.055,9.122
2020-03-28 18:31:59+01:00,19.045,14.111,7.622
2020-03-28 18:34:59+01:00,19.311,15.986,8.222
2020-03-28 18:38:00+01:00,17.515,12.893,8.822
2020-03-28 18:41:00+01:00,18.638,15.196,7.822
2020-03-28 18:44:00+01:00,19.675,12.505,8.022
2020-03-28 18:47:00+01:00,17.013,12.763,7.422
2020-03-28 18:50:00+01:00,16.112,13.092,8.622
2020-03-28 18:53:01+01:00,19.958,12.576,8.222
2020-03-28 18:56:01+01:00,18.513,15.805,10.022
2020-03-28 18:59:01+01:00,19.126,14.109,9.222
2020-03-28 19:02:01+01:00,16.148,15.866,8.822
2020-03-28 19:05:01+01:00,16.938,14.236,10.622
2020-03-28 19:08:02+01:00,16.485,13.084,10.822
2020-03-28 19:11:04+01:00,19.231,12.209,11.022
2020-03-28 19:14:04+01:00,18.134,12.334,10.622
2020-03-28 19:17:04+01:00,19.179,14.955,8.022
2020-03-28 19:20:05+01:00,16.544,12.509,6.622
2020-03-28 19:23:05+01:00,16.759,15.937,6.822
2020-03-28 19:26:06+01:00,17.779,12.171,9.922
2020-03-28 19:29:06+01:00,17.361,14.243,9.122
2020-03-28 19:32:06+01:00,17.31,14.202,10.922
2020-03-28 19:35:07+01:00,16.293,13.438,10.722
2020-03-28 19:38:07+01:00,16.914,14.114,10.522
2020-03-28 19:41:07+01:00,17.275,12.565,13.122
2020-03-28 19:44:07+01:00,18.306,13.124,11.722
2020-03-28 19:47:07+01:00,18.998,12.134,10.722
2020-03-28 19:50:08+01:00,19.372,13.735,11.922
2020-03-28 19:53:08+01:00,16.968,15.418,14.722
2020-03-28 19:56:09+01:00,16.072,13.054,14.022
2020-03-28 19:59:09+01:00,19.837,15.183,13.622
2020-03-28 20:02:09+01:00,16.421,14.881,13.422
2020-03-28 20:05:10+01:00,19.64,13.964,13.422
2020-03-28 20:08:10+01:00,18.564,12.463,14.622
2020-03-28 20:11:10+01:00,16.67,14.12,11.622
2020-03-28 20:14:10+01:00,19.018,15.04,12.622
2020-03-28 20:17:10+01:00,17.013,12.917,11.622
2020-03-28 20:20:11+01:00,18.356,15.162,14.422
2020-03-28 20:23:11+01:00,17.701,12.33,13.022
2020-03-28 20:26:11+01:00,19.296,12.656,13.022
2020-03-28 20:29:11+01:00,17.181,15.352,13.622
2020-03-28 20:32:11+01:00,18.466,15.629,13.822
2020-03-28 20:35:12+01:00,18.653,13.434,12.022
2020-03-28 20:38:12+01:00,17.811,13.788,15.022
2020-03-28 20:41:12+01:00,19.215,12.875,14.422
2020-03-28 20:44:12+01:00,19.047,14.331,13.222
2020-03-28 20:47:12+01:00,19.128,12.705,14.022
2020-03-28 20:50:13+01:00,17.632,13.609,15.422
2020-03-28 20:53:14+01:00,16.371,15.422,15.522
2020-03-28 20:56:14+01:00,19.285,13.9,15.722
2020-03-28 20:59:14+01:00,17.942,15.612,15.922
2020-03-28 21:02:15+01:00,18.663,14.792,14.522
2020-03-28 21:05:15+01:00,19.436,14.02,15.922
2020-03-28 21:08:15+01:00,18.982,14.757,12.922
2020-03-28 21:11:15+01:00,16.098,14.29,11.322
2020-03-28 21:14:15+01:00,19.666,13.127,11.122
2020-03-28 21:17:16+01:00,17.069,12.51,9.722
2020-03-28 21:20:16+01:00,19.686,13.23,9.722
2020-03-28 21:23:16+01:00,18.989,13.018,9.922
2020-03-28 21:26:16+01:00,16.711,13.462,7.522
2020-03-28 21:29:17+01:00,19.661,12.834,8.422
2020-03-28 21:32:18+01:00,19.296,12.297,8.622
2020-03-28 21:35:18+01:00,18.855,12.717,9.222
2020-03-28 21:38:18+01:00,19.254,14.332,8.022
2020-03-28 21:41:18+01:00,18.655,15.68,7.622
2020-03-28 21:44:18+01:00,19.482,12.157,7.022
2020-03-28 21:47:20+01:00,17.779,15.673,8.522
2020-03-28 21:50:20+01:00,16.904,13.944,8.722
2020-03-28 21:53:20+01:00,18.59,14.333,8.522
2020-03-28 21:56:20+01:00,16.588,14.742,5.922
2020-03-28 21:59:20+01:00,19.515,14.42,4.922
2020-03-28 22:02:21+01:00,17.957,14.22,5.322
2020-03-28 22:05:22+01:00,17.964,12.368,7.022
2020-03-28 22:08:22+01:00,17.919,15.754,6.622
2020-03-28 22:11:22+01:00,16.231,13.437,4.222
2020-03-28 22:14:22+01:00,16.643,14.199,4.022
2020-03-28 22:17:23+01:00,18.929,14.4,5.622
2020-03-28 22:20:23+01:00,16.947,15.093,5.222
2020-03-28 22:23:23+01:00,17.408,15.648,5.422
2020-03-28 22:26:23+01:00,19.505,14.919,4.822
2020-03-28 22:29:23+01:00,17.419,14.59,4.622
2020-03-28 22:32:24+01:00,19.565,13.267,4.422
2020-03-28 22:35:24+01:00,17.543,14.194,5.022
2020-03-28 22:38:24+01:00,17.995,15.687,4.022
2020-03-28 22:41:24+01:00,16.037,12.405,4.022
2020-03-28 22:44:25+01:00,17.499,14.326,6.422
2020-03-28 22:47:25+01:00,18.715,13.335,7.622
2020-03-28 22:50:25+01:00,16.066,15.294,7.622
2020-03-28 22:53:25+01:00,17.284,12.53,7.222
2020-03-28 22:56:25+01:00,17.843,13.57,8.822
2020-03-28 22:59:27+01:00,17.381,12.18,7.522
2020-03-28 23:02:27+01:00,19.109,14.905,8.922
2020-03-28 23:05:27+01:00,17.575,13.556,7.722
2020-03-28 23:08:27+01:00,18.363,14.0,8.322
2020-03-28 23:11:27+01:00,16.659,13.265,6.922
2020-03-28 23:14:28+01:00,19.267,15.868,6.722
2020-03-28 23:17:28+01:00,16.262,12.446,5.522
2020-03-28 23:20:28+01:00,18.943,14.607,5.522
2020-03-28 23:23:28+01:00,17.89,13.298,6.122
2020-03-28 23:26:28+01:00,17.211,12.034,6.722
2020-03-28 23:29:29+01:00,16.606,15.429,6.522
2020-03-28 23:32:29+01:00,19.489,13.073,4.722
2020-03-28 23:35:29+01:00,17.055,15.714,4.722
2020-03-28 23:38:29+01:00,17.178,14.911,5.522
2020-03-28 23:41:29+01:00,17.265,13.328,4.722
2020-03-28 23:44:30+01:00,19.938,12.388,5.122
2020-03-28 23:47:30+01:00,16.232,12.448,4.522
2020-03-28 23:50:30+01:00,16.738,12.389,4.322
2020-03-28 23:53:30+01:00,17.632,12.124,4.522
2020-03-28 23:56:30+01:00,16.662,14.9,5.922
2020-03-28 23:59:31+01:00,18.348,12.485,4.122
2020-03-29 00:02:31+01:00,17.48,14.519,5.522
2020-03-29 00:05:31+01:00,18.049,13.557,4.922
2020-03-29 00:08:31+01:00,18.053,15.01,4.322
2020-03-29 00:11:31+01:00,18.159,15.672,7.122
2020-03-29 00:14:32+01:00,18.004,14.507,7.122
2020-03-29 00:17:32+01:00,16.184,15.402,5.122
2020-03-29 00:20:32+01:00,17.49,13.202,5.122
2020-03-29 00:23:32+01:00,19.431,13.884,4.122
2020-03-29 00:26:33+01:00,16.464,14.311,4.522
2020-03-29 00:29:33+01:00,16.904,12.456,4.722
2020-03-29 00:32:33+01:00,18.63,12.705,3.922
2020-03-29 00:35:33+01:00,19.191,15.842,3.922
2020-03-29 00:38:34+01:00,16.206,13.858,5.422
2020-03-29 00:41:35+01:00,18.78,14.213,6.422
2020-03-29 00:44:35+01:00,18.96,13.454,6.422
2020-03-29 00:47:35+01:00,18.566,14.502,8.022
2020-03-29 00:50:35+01:00,17.982,14.267,6.222
2020-03-29 00:53:35+01:00,19.638,14.132,5.222
2020-03-29 00:56:36+01:00,18.579,12.297,5.422
2020-03-29 00:59:36+01:00,18.383,13.744,5.822
2020-03-29 01:02:59+01:00,17.618,13.56,5.922
2020-03-29 01:05:59+01:00,18.931,15.341,8.322
2020-03-29 01:08:59+01:00,16.193,14.72,8.922
2020-03-29 01:12:00+01:00,19.5,14.041,6.922
2020-03-29 01:15:00+01:00,16.606,13.85,7.122
2020-03-29 01:18:00+01:00,16.682,12.419,7.122
2020-03-29 01:21:00+01:00,18.743,14.714,4.522
2020-03-29 01:24:00+01:00,17.61,15.188,4.522
2020-03-29 01:27:01+01:00,19.43,15.115,4.322
2020-03-29 01:30:01+01:00,18.619,12.439,6.922
2020-03-29 01:33:01+01:00,16.04,12.436,5.522
2020-03-29 01:36:01+01:00,18.162,15.029,4.322
2020-03-29 01:39:01+01:00,18.479,15.451,4.322
2020-03-29 01:42:02+01:00,18.7,15.352,4.722
2020-03-29 01:45:02+01:00,19.495,14.844,4.522
2020-03-29 01:48:02+01:00,19.133,14.315,5.322
2020-03-29 01:51:02+01:00,19.222,13.018,6.322
2020-03-29 01:54:02+01:00,17.705,14.253,4.122
2020-03-29 01:57:03+01:00,17.784,14.05,4.722
2020-03-29 03:00:03+02:00,19.449,13.678,4.322
2020-03-29 03:03:03+02:00,17.633,15.297,5.322
2020-03-29 03:06:03+02:00,16.178,15.625,6.122
2020-03-29 03:09:04+02:00,19.657,14.767,5.922
2020-03-29 03:12:04+02:00,18.981,14.767,6.122
2020-03-29 03:15:04+02:00,16.694,13.908,6.722
2020-03-29 03:18:04+02:00,17.518,13.616,4.922
2020-03-29 03:21:04+02:00,16.049,15.07,4.722
2020-03-29 03:24:05+02:00,17.322,12.753,5.322
2020-03-29 03:27:05+02:00,19.9,12.382,4.322
2020-03-29 03:30:05+02:00,17.126,12.145,3.922
2020-03-29 03:33:05+02:00,18.617,15.058,4.722
2020-03-29 03:36:05+02:00,17.266,14.84,5.122
2020-03-29 03:39:06+02:00,17.868,13.769,6.722
2020-03-29 03:42:06+02:00,17.455,13.726,9.122
2020-03-29 03:45:06+02:00,17.35,14.263,8.122
2020-03-29 03:48:06+02:00,18.768,15.704,4.722
2020-03-29 03:51:07+02:00,17.598,15.972,4.822
2020-03-29 03:54:08+02:00,17.708,13.038,4.422
2020-03-29 03:57:08+02:00,16.876,12.104,4.622
2020-03-29 04:00:08+02:00,16.247,12.892,6.622
2020-03-29 04:03:08+02:00,19.79,15.24,6.822
2020-03-29 04:06:08+02:00,17.246,14.127,7.422
2020-03-29 04:09:09+02:00,17.007,13.947,8.822
2020-03-29 04:12:09+02:00,18.458,15.468,10.422
2020-03-29 04:15:09+02:00,19.002,12.586,11.022
2020-03-29 04:18:09+02:00,17.239,12.944,12.222
2020-03-29 04:21:09+02:00,18.149,14.605,11.022
2020-03-29 04:24:10+02:00,16.101,15.797,11.822
2020-03-29 04:27:11+02:00,18.279,13.598,10.722
2020-03-29 04:30:11+02:00,19.327,14.363,9.322
2020-03-29 04:33:11+02:00,19.087,15.339,9.322
2020-03-29 04:36:11+02:00,17.062,13.941,11.322
2020-03-29 04:39:12+02:00,18.342,12.083,10.522
2020-03-29 04:42:12+02:00,17.304,15.503,11.522
2020-03-29 04:45:12+02:00,18.347,13.467,11.322
2020-03-29 04:48:12+02:00,16.103,12.534,12.122
2020-03-29 04:51:13+02:00,16.472,14.564,13.122
2020-03-29 04:54:13+02:00,18.684,14.905,13.122
2020-03-29 04:57:13+02:00,16.742,14.315,12.722
2020-03-29 05:00:13+02:00,19.203,12.411,11.722
2020-03-29 05:03:13+02:00,18.981,12.619,11.922
2020-03-29 05:06:15+02:00,16.937,14.067,12.622
2020-03-29 05:09:15+02:00,19.975,15.72,12.222
2020-03-29 05:12:15+02:00,17.622,12.19,11.622
2020-03-29 05:15:15+02:00,19.119,12.477,8.822
2020-03-29 05:18:15+02:00,17.206,14.934,7.422
2020-03-29 05:21:28+02:00,16.028,13.53,5.022
2020-03-29 05:24:28+02:00,16.079,12.037,6.622
2020-03-29 05:27:28+02:00,16.913,12.019,7.222
2020-03-29 05:30:28+02:00,16.292,12.757,6.422
2020-03-29 05:33:28+02:00,18.169,12.227,6.022
2020-03-29 05:36:29+02:00,19.607,15.529,5.622
2020-03-29 05:39:29+02:00,17.006,16.0,6.022
2020-03-29 05:42:29+02:00,16.549,15.921,6.422
2020-03-29 05:45:29+02:00,17.604,12.002,6.822
2020-03-29 05:48:29+02:00,17.913,14.515,6.022
2020-03-29 05:51:30+02:00,19.235,15.642,7.222
2020-03-29 05:54:30+02:00,16.43,14.707,7.422
2020-03-29 05:57:30+02:00,18.923,14.141,5.822
2020-03-29 06:00:30+02:00,18.85,12.501,4.422
2020-03-29 06:03:30+02:00,19.917,14.176,5.422
2020-03-29 06:06:31+02:00,18.155,15.124,7.022
2020-03-29 06:09:31+02:00,16.696,15.619,7.822
2020-03-29 06:12:31+02:00,17.729,15.435,7.422
2020-03-29 06:15:31+02:00,17.094,14.977,7.022
2020-03-29 06:18:31+02:00,18.101,15.885,7.222
2020-03-29 06:21:32+02:00,19.67,12.666,9.222
2020-03-29 06:24:32+02:00,17.878,14.341,10.022
2020-03-29 06:27:32+02:00,17.954,15.676,10.022
2020-03-29 06:30:32+02:00,19.856,12.131,10.822
2020-03-29 06:33:32+02:00,19.866,15.699,10.622
2020-03-29 06:36:33+02:00,18.984,13.14,9.422
2020-03-29 06:39:33+02:00,18.452,13.861,9.822
2020-03-29 06:42:33+02:00,16.138,12.84,10.222
2020-03-29 06:45:33+02:00,18.39,15.49,9.222
2020-03-29 06:48:34+02:00,18.863,14.032,8.222
2020-03-29 06:51:34+02:00,17.416,14.108,7.222
2020-03-29 06:54:34+02:00,19.313,13.555,8.822
2020-03-29 06:57:34+02:00,19.109,15.985,7.622
2020-03-29 07:00:34+02:00,19.834,12.755,7.622
2020-03-29 07:03:35+02:00,17.774,13.409,8.222
2020-03-29 07:06:35+02:00,17.073,12.157,6.022
2020-03-29 07:09:35+02:00,16.694,12.79,6.622
2020-03-29 07:12:35+02:00,16.691,14.452,7.422
2020-03-29 07:15:35+02:00,19.533,12.952,6.222
2020-03-29 07:18:36+02:00,18.038,13.656,5.822
2020-03-29 07:21:36+02:00,16.95,14.674,6.622
2020-03-29 07:24:36+02:00,16.999,14.778,4.022
2020-03-29 07:27:36+02:00,18.009,15.49,5.422
2020-03-29 07:30:37+02:00,19.23,12.121,6.122
2020-03-29 07:33:38+02:00,18.835,15.609,6.522
2020-03-29 07:36:38+02:00,16.892,14.242,8.122
2020-03-29 07:39:38+02:00,16.156,15.666,5.922
2020-03-29 07:42:38+02:00,16.373,12.045,6.322
2020-03-29 07:45:38+02:00,17.633,15.981,5.322
2020-03-29 07:48:39+02:00,16.126,12.115,4.922
2020-03-29 07:51:39+02:00,17.362,12.626,6.922
2020-03-29 07:54:39+02:00,19.453,15.162,6.322
2020-03-29 07:57:39+02:00,16.05,12.43,5.522
2020-03-29 08:00:39+02:00,18.626,14.605,6.922
2020-03-29 08:03:40+02:00,17.695,12.189,7.322
2020-03-29 08:06:40+02:00,18.717,12.208,7.322
2020-03-29 08:09:40+02:00,19.771,15.436,6.922
2020-03-29 08:12:40+02:00,16.628,13.411,7.922
2020-03-29 08:15:40+02:00,19.422,14.835,9.322
2020-03-29 08:18:41+02:00,16.705,15.962,12.322
2020-03-29 08:21:41+02:00,19.558,15.597,12.522
2020-03-29 08:24:41+02:00,17.601,14.109,12.322
2020-03-29 08:27:42+02:00,18.608,15.766,11.822
2020-03-29 08:30:43+02:00,19.104,15.358,10.222
2020-03-29 08:33:43+02:00,17.674,13.46,10.022
2020-03-29 08:36:43+02:00,18.529,15.901,11.022
2020-03-29 08:39:43+02:00,19.977,14.52,10.822
2020-03-29 08:42:43+02:00,18.775,13.996,13.622
2020-03-29 08:45:44+02:00,19.931,15.191,14.222
2020-03-29 08:48:44+02:00,16.456,14.604,13.222
2020-03-29 08:51:44+02:00,16.439,12.684,13.222
2020-03-29 08:54:44+02:00,16.755,14.981,11.822
2020-03-29 08:57:44+02:00,17.55,14.096,9.822
2020-03-29 09:00:46+02:00,17.848,13.902,11.522
2020-03-29 09:03:46+02:00,16.11,14.247,12.722
2020-03-29 09:06:46+02:00,17.872,12.322,12.922
2020-03-29 09:09:46+02:00,17.551,13.171,13.722
2020-03-29 09:12:46+02:00,17.932,15.843,14.122
2020-03-29 09:15:47+02:00,18.062,14.402,13.322
2020-03-29 09:18:47+02:00,18.746,13.441,12.122
2020-03-29 09:21:47+02:00,17.856,13.761,13.122
2020-03-29 09:24:47+02:00,17.634,15.407,13.322
2020-03-29 09:27:48+02:00,17.197,14.886,12.622
2020-03-29 09:30:49+02:00,17.399,13.9,14.822
2020-03-29 09:33:49+02:00,18.766,13.896,15.422
2020-03-29 09:36:49+02:00,18.885,12.514,18.022
2020-03-29 09:39:49+02:00,17.62,15.0,16.022
2020-03-29 09:42:49+02:00,16.436,15.504,15.422
2020-03-29 09:45:50+02:00,17.638,12.575,14.422
2020-03-29 09:48:50+02:00,17.182,12.272,15.622
2020-03-29 09:51:50+02:00,16.401,12.995,14.022
2020-03-29 09:54:50+02:00,16.457,14.607,15.022
2020-03-29 09:57:50+02:00,16.187,13.207,17.222
2020-03-29 10:00:51+02:00,16.287,14.128,15.622
2020-03-29 10:03:51+02:00,18.306,12.136,16.822
2020-03-29 10:06:51+02:00,19.394,13.103,17.222
2020-03-29 10:09:51+02:00,17.089,15.254,17.622
2020-03-29 10:12:51+02:00,17.008,14.819,17.222
2020-03-29 10:15:53+02:00,17.418,12.345,17.122
2020-03-29 10:18:53+02:00,16.663,14.969,18.122
2020-03-29 10:21:53+02:00,18.632,14.583,19.722
2020-03-29 10:24:53+02:00,18.387,14.423,18.122
2020-03-29 10:27:54+02:00,19.898,14.677,18.722
2020-03-29 10:30:54+02:00,19.48,13.943,17.922
2020-03-29 10:33:54+02:00,18.23,13.266,16.922
2020-03-29 10:36:54+02:00,17.312,12.637,17.322
2020-03-29 10:39:54+02:00,18.107,14.56,16.522
2020-03-29 10:42:55+02:00,19.227,15.652,15.722
2020-03-29 10:45:55+02:00,17.821,13.886,15.322
2020-03-29 10:48:55+02:00,19.909,12.542,16.122
2020-03-29 10:51:55+02:00,17.281,12.225,15.722
2020-03-29 10:54:55+02:00,17.708,12.176,14.322
2020-03-29 10:57:56+02:00,17.201,15.243,13.722
2020-03-29 11:00:56+02:00,18.866,12.266,14.722
2020-03-29 11:03:56+02:00,16.435,13.889,17.122
2020-03-29 11:06:56+02:00,16.969,15.259,16.722
2020-03-29 11:09:56+02:00,18.946,15.101,14.322
2020-03-29 11:12:57+02:00,17.94,15.126,13.122
2020-03-29 11:15:57+02:00,19.337,12.09,15.322
2020-03-29 11:18:57+02:00,19.275,14.402,14.522
2020-03-29 11:21:57+02:00,17.189,13.485,15.722
2020-03-29 11:24:57+02:00,19.303,13.444,15.122
2020-03-29 11:27:58+02:00,18.233,13.46,15.722
2020-03-29 11:30:58+02:00,19.053,14.09,17.722
2020-03-29 11:33:58+02:00,18.008,12.799,16.122
2020-03-29 11:36:58+02:00,17.543,12.731,17.922
2020-03-29 11:39:58+02:00,19.207,15.069,17.922
2020-03-29 11:42:59+02:00,18.337,12.776,17.322
2020-03-29 11:45:59+02:00,17.097,13.693,18.522
2020-03-29 11:49:12+02:00,19.707,13.87,20.022
2020-03-29 11:52:15+02:00,17.198,13.278,19.522
2020-03-29 11:55:17+02:00,18.732,14.493,19.722
2020-03-29 11:58:18+02:00,17.585,14.226,18.122
2020-03-29 12:01:30+02:00,17.433,14.722,13.322
2020-03-29 12:04:30+02:00,19.508,15.392,12.522
2020-03-29 12:07:31+02:00,17.031,13.237,14.422
2020-03-29 12:10:31+02:00,19.621,14.103,15.822
2020-03-29 12:13:32+02:00,18.183,14.747,13.622
2020-03-29 12:16:32+02:00,18.893,12.043,14.622
2020-03-29 12:19:32+02:00,16.978,14.169,12.222
2020-03-29 12:22:32+02:00,17.938,15.866,12.822
2020-03-29 12:25:32+02:00,16.356,13.087,12.822
2020-03-29 12:28:33+02:00,19.674,13.847,13.022
2020-03-29 12:31:35+02:00,19.072,14.305,14.822
2020-03-29 12:34:35+02:00,18.093,15.808,13.622
2020-03-29 12:37:35+02:00,18.882,13.318,14.222
2020-03-29 12:40:35+02:00,17.85,12.393,16.622
2020-03-29 12:43:36+02:00,17.24,13.102,16.822
2020-03-29 12:46:36+02:00,19.513,15.172,16.422
2020-03-29 12:49:36+02:00,16.669,15.429,15.422
2020-03-29 12:52:36+02:00,19.902,13.315,15.022
2020-03-29 12:55:37+02:00,17.214,15.533,14.022
2020-03-29 12:58:37+02:00,18.019,12.754,13.622
2020-03-29 13:01:37+02:00,17.894,14.176,13.622
2020-03-29 13:04:37+02:00,18.421,15.504,12.822
2020-03-29 13:07:38+02:00,17.472,14.724,11.922
2020-03-29 13:10:39+02:00,18.614,12.329,11.122
2020-03-29 13:13:39+02:00,19.767,15.05,13.722
2020-03-29 13:16:39+02:00,16.616,15.089,13.522
2020-03-29 13:19:39+02:00,19.903,14.997,13.722
2020-03-29 13:22:39+02:00,16.822,13.538,15.522
2020-03-29 13:25:40+02:00,19.402,12.558,16.522
2020-03-29 13:28:40+02:00,19.484,14.061,17.122
2020-03-29 13:31:40+02:00,16.708,14.043,18.122
2020-03-29 13:34:40+02:00,16.709,12.062,19.522
2020-03-29 13:37:40+02:00,17.471,13.644,18.522
2020-03-29 13:40:41+02:00,19.468,13.338,19.722
2020-03-29 13:43:41+02:00,18.68,12.892,17.922
2020-03-29 13:46:41+02:00,18.572,13.43,19.722
2020-03-29 13:49:42+02:00,17.225,13.24,18.622
2020-03-29 13:52:42+02:00,16.582,12.525,17.422
2020-03-29 13:55:43+02:00,18.097,15.002,17.222
2020-03-29 13:58:44+02:00,17.217,14.242,18.322
2020-03-29 14:01:44+02:00,18.209,13.841,18.922
2020-03-29 14:04:45+02:00,17.196,15.18,19.422
2020-03-29 14:07:45+02:00,17.093,13.23,19.022
2020-03-29 14:10:46+02:00,18.16,14.485,18.222
2020-03-29 14:13:46+02:00,16.264,13.982,19.822
2020-03-29 14:16:46+02:00,19.228,15.421,19.622
2020-03-29 14:19:46+02:00,19.675,12.442,17.822
2020-03-29 14:22:46+02:00,17.962,13.397,18.622
2020-03-29 14:25:47+02:00,19.929,12.362,18.422
2020-03-29 14:28:47+02:00,18.821,15.68,19.422
2020-03-29 14:31:47+02:00,16.876,14.074,18.022
2020-03-29 14:34:47+02:00,18.332,13.24,18.622
2020-03-29 14:37:48+02:00,16.005,13.429,17.222
2020-03-29 14:40:48+02:00,16.612,12.916,17.622
2020-03-29 14:43:48+02:00,18.963,14.616,19.822
2020-03-29 14:46:49+02:00,19.838,15.04,19.522
2020-03-29 14:49:49+02:00,18.293,14.069,17.322
2020-03-29 14:52:50+02:00,18.596,12.38,18.522
2020-03-29 14:55:51+02:00,18.38,15.467,15.022
2020-03-29 14:58:51+02:00,18.211,12.957,16.422
2020-03-29 15:01:51+02:00,16.291,13.056,15.422
2020-03-29 15:04:51+02:00,16.661,14.808,14.222
2020-03-29 15:07:52+02:00,16.755,14.468,16.622
2020-03-29 15:10:52+02:00,17.217,13.105,16.022
2020-03-29 15:13:52+02:00,17.996,13.994,16.222
2020-03-29 15:16:52+02:00,19.922,14.969,15.822
2020-03-29 15:19:53+02:00,16.209,13.516,16.522
2020-03-29 15:22:54+02:00,17.512,14.582,16.122
2020-03-29 15:25:54+02:00,17.379,15.419,14.922
2020-03-29 15:28:54+02:00,17.444,15.571,16.922
2020-03-29 15:31:54+02:00,18.978,14.014,16.122
2020-03-29 15:34:54+02:00,19.827,13.199,13.522
2020-03-29 15:37:55+02:00,17.23,12.946,11.522
2020-03-29 15:40:55+02:00,18.124,14.077,11.522
2020-03-29 15:43:55+02:00,18.037,12.696,13.122
2020-03-29 15:46:55+02:00,18.536,13.941,13.522
2020-03-29 15:49:55+02:00,18.817,12.763,16.522
2020-03-29 15:52:56+02:00,17.001,12.176,18.122
2020-03-29 15:55:56+02:00,19.706,12.944,19.122
2020-03-29 15:58:56+02:00,18.814,15.372,18.122
2020-03-29 16:01:56+02:00,17.109,14.718,19.322
2020-03-29 16:04:56+02:00,18.66,13.244,19.922
2020-03-29 16:07:57+02:00,19.602,12.766,19.322
2020-03-29 16:10:57+02:00,17.963,13.392,17.522
2020-03-29 16:13:57+02:00,16.1,15.876,17.922
2020-03-29 16:16:57+02:00,18.066,15.407,17.722
2020-03-29 16:19:58+02:00,18.308,12.248,16.522
2020-03-29 16:22:58+02:00,17.142,13.79,17.722
2020-03-29 16:25:58+02:00,19.081,12.618,18.122
2020-03-29 16:28:58+02:00,17.573,14.267,17.522
2020-03-29 16:31:58+02:00,16.253,15.596,15.522
2020-03-29 16:34:59+02:00,17.059,15.396,17.122
2020-03-29 16:37:59+02:00,19.668,12.133,17.722
2020-03-29 16:40:59+02:00,18.139,12.573,19.122
2020-03-29 16:43:59+02:00,19.547,13.188,16.922
2020-03-29 16:46:59+02:00,18.529,12.965,15.722
2020-03-29 16:50:00+02:00,16.261,13.868,13.922
2020-03-29 16:53:01+02:00,16.167,12.421,13.622
2020-03-29 16:56:02+02:00,17.754,15.873,14.122
2020-03-29 16:59:02+02:00,19.547,15.727,14.322
2020-03-29 17:02:02+02:00,18.101,12.257,13.322
2020-03-29 17:05:03+02:00,18.398,12.274,14.322
2020-03-29 17:08:04+02:00,19.427,15.913,14.222
2020-03-29 17:11:04+02:00,18.858,13.39,16.222
2020-03-29 17:14:04+02:00,19.364,15.281,15.222
2020-03-29 17:17:04+02:00,16.412,14.955,16.622
2020-03-29 17:20:05+02:00,18.125,15.809,17.622
2020-03-29 17:23:05+02:00,19.955,14.522,17.422
2020-03-29 17:26:05+02:00,16.392,15.915,17.822
2020-03-29 17:29:05+02:00,19.073,15.615,17.022
2020-03-29 17:32:06+02:00,17.22,12.267,15.922
2020-03-29 17:35:07+02:00,19.562,13.728,17.322
2020-03-29 17:38:07+02:00,19.436,14.375,18.322
2020-03-29 17:41:07+02:00,17.46,14.446,17.122
2020-03-29 17:44:07+02:00,19.618,15.617,18.522
2020-03-29 17:47:07+02:00,18.971,13.287,18.722
2020-03-29 17:50:08+02:00,17.806,14.498,18.922
2020-03-29 17:53:08+02:00,16.72,12.43,18.322
2020-03-29 17:56:08+02:00,16.839,14.468,19.722
2020-03-29 17:59:08+02:00,19.388,14.215,19.922
2020-03-29 18:02:09+02:00,16.157,13.899,17.322
2020-03-29 18:05:09+02:00,18.847,15.097,17.522
2020-03-29 18:08:09+02:00,16.551,15.71,18.322
2020-03-29 18:11:09+02:00,17.29,12.011,18.722
2020-03-29 18:14:09+02:00,19.833,14.529,16.122
2020-03-29 18:17:10+02:00,19.572,12.026,15.122
2020-03-29 18:20:10+02:00,18.291,14.281,14.922
2020-03-29 18:23:10+02:00,19.331,13.748,12.522
2020-03-29 18:26:11+02:00,16.465,14.142,12.622
2020-03-29 18:29:11+02:00,16.44,15.644,14.622
2020-03-29 18:32:12+02:00,18.853,12.516,13.022
2020-03-29 18:35:12+02:00,17.479,13.034,14.222
2020-03-29 18:38:12+02:00,16.799,13.632,15.222
2020-03-29 18:41:12+02:00,17.906,15.728,15.622
2020-03-29 18:44:12+02:00,17.31,13.118,14.622
2020-03-29 18:47:13+02:00,18.185,15.66,16.022
2020-03-29 18:50:13+02:00,19.059,12.241,14.822
2020-03-29 18:53:13+02:00,16.509,15.803,15.622
2020-03-29 18:56:13+02:00,16.836,15.356,16.422
2020-03-29 18:59:13+02:00,17.588,12.14,16.022
2020-03-29 19:02:14+02:00,16.152,14.389,15.622
2020-03-29 19:05:14+02:00,18.858,12.468,15.222
2020-03-29 19:08:14+02:00,17.224,14.678,15.422
2020-03-29 19:11:14+02:00,18.017,14.613,16.422
2020-03-29 19:14:14+02:00,18.33,14.378,18.022
2020-03-29 19:17:15+02:00,16.839,15.372,16.422
2020-03-29 19:20:15+02:00,19.954,15.587,14.822
2020-03-29 19:23:15+02:00,17.112,13.998,16.022
2020-03-29 19:26:15+02:00,17.286,14.329,14.622
2020-03-29 19:29:15+02:00,18.71,15.337,14.822
2020-03-29 19:32:16+02:00,19.787,14.867,13.222
2020-03-29 19:35:16+02:00,16.863,13.939,13.222
2020-03-29 19:38:16+02:00,17.691,15.47,12.022
2020-03-29 19:41:16+02:00,16.261,12.145,11.022
2020-03-29 19:44:16+02:00,17.855,15.883,10.822
2020-03-29 19:47:16+02:00,18.533,14.157,11.222
2020-03-29 19:50:17+02:00,18.07,12.354,10.422
2020-03-29 19:53:17+02:00,17.716,15.952,9.422
2020-03-29 19:56:17+02:00,16.689,15.245,11.622
2020-03-29 19:59:17+02:00,18.701,15.904,10.822
2020-03-29 20:02:17+02:00,18.911,12.737,9.822
2020-03-29 20:05:21+02:00,17.838,12.674,9.922
2020-03-29 20:08:21+02:00,16.862,15.522,11.922
2020-03-29 20:11:21+02:00,16.212,14.577,12.122
2020-03-29 20:14:21+02:00,19.73,14.541,9.722
2020-03-29 20:17:21+02:00,16.428,14.29,8.722
2020-03-29 20:20:22+02:00,17.864,12.702,8.122
2020-03-29 20:23:22+02:00,18.558,12.153,6.322
2020-03-29 20:26:23+02:00,19.236,15.314,6.022
2020-03-29 20:29:23+02:00,17.386,13.119,8.622
2020-03-29 20:32:23+02:00,16.472,13.549,8.222
2020-03-29 20:35:23+02:00,16.824,13.658,7.422
2020-03-29 20:38:24+02:00,18.341,13.168,6.022
2020-03-29 20:41:24+02:00,18.847,12.612,7.622
2020-03-29 20:44:24+02:00,17.29,14.833,5.422
2020-03-29 20:47:24+02:00,19.558,15.737,7.222
2020-03-29 20:50:24+02:00,17.835,13.585,10.022
2020-03-29 20:53:25+02:00,18.06,12.29,11.022
2020-03-29 20:56:25+02:00,17.686,13.649,14.422
2020-03-29 20:59:25+02:00,18.456,13.389,13.622
2020-03-29 21:02:25+02:00,18.217,13.145,11.622
2020-03-29 21:05:25+02:00,18.739,15.93,10.822
2020-03-29 21:08:26+02:00,16.143,15.702,11.622
2020-03-29 21:11:26+02:00,18.093,13.459,10.422
2020-03-29 21:14:26+02:00,16.38,13.617,8.622
2020-03-29 21:17:26+02:00,17.788,12.307,8.422
2020-03-29 21:20:26+02:00,16.058,14.757,8.622
2020-03-29 21:23:28+02:00,19.661,13.911,9.522
2020-03-29 21:26:28+02:00,16.72,12.254,8.922
2020-03-29 21:29:28+02:00,18.259,14.213,8.922
2020-03-29 21:32:28+02:00,16.443,12.116,7.122
2020-03-29 21:35:28+02:00,16.917,13.869,6.522
2020-03-29 21:38:28+02:00,19.535,15.523,6.522
2020-03-29 21:41:29+02:00,17.188,14.634,7.322
2020-03-29 21:44:29+02:00,16.587,13.834,5.322
2020-03-29 21:47:29+02:00,16.396,12.199,3.922
2020-03-29 21:50:29+02:00,16.796,13.917,4.522
2020-03-29 21:53:29+02:00,17.174,15.868,5.922
2020-03-29 21:56:30+02:00,18.866,13.276,5.922
2020-03-29 21:59:30+02:00,17.768,14.686,6.322
2020-03-29 22:02:30+02:00,17.243,14.705,7.722
2020-03-29 22:05:30+02:00,18.051,14.441,7.122
2020-03-29 22:08:30+02:00,19.134,15.902,7.722
2020-03-29 22:11:31+02:00,16.019,13.004,7.522
2020-03-29 22:14:31+02:00,17.687,15.729,8.722
2020-03-29 22:17:31+02:00,16.074,15.138,6.922
2020-03-29 22:20:31+02:00,17.679,15.897,4.122
2020-03-29 22:23:31+02:00,19.413,14.967,5.122
2020-03-29 22:26:31+02:00,19.47,12.617,5.122
2020-03-29 22:29:32+02:00,19.002,13.902,4.722
2020-03-29 22:32:32+02:00,19.5,15.027,6.122
2020-03-29 22:35:32+02:00,16.102,12.954,8.722
2020-03-29 22:38:32+02:00,18.925,14.065,7.922
2020-03-29 22:41:32+02:00,19.071,14.871,8.322
2020-03-29 22:44:33+02:00,18.309,12.217,6.322
2020-03-29 22:47:33+02:00,19.609,14.082,5.922
2020-03-29 22:50:33+02:00,17.877,12.093,6.522
2020-03-29 22:53:33+02:00,16.069,12.61,6.122
2020-03-29 22:56:33+02:00,18.836,15.96,6.722
2020-03-29 22:59:33+02:00,18.761,12.183,6.122
2020-03-29 23:02:34+02:00,19.447,12.793,6.322
2020-03-29 23:05:34+02:00,18.937,12.189,6.122
2020-03-29 23:08:34+02:00,18.334,15.417,4.322
2020-03-29 23:11:34+02:00,17.385,12.034,4.322
2020-03-29 23:14:34+02:00,17.946,15.047,4.722
2020-03-29 23:17:35+02:00,18.28,13.316,5.722
2020-03-29 23:20:36+02:00,18.512,12.412,5.222
2020-03-29 23:23:36+02:00,16.098,12.43,5.222
2020-03-29 23:26:36+02:00,19.02,15.66,5.222
2020-03-29 23:29:36+02:00,18.761,13.781,5.622
2020-03-29 23:32:37+02:00,17.462,12.745,4.622
2020-03-29 23:35:37+02:00,18.195,15.595,5.822
2020-03-29 23:38:37+02:00,17.16,12.231,8.222
2020-03-29 23:41:37+02:00,16.954,12.319,6.622
2020-03-29 23:44:37+02:00,18.412,12.928,6.622
2020-03-29 23:47:37+02:00,18.001,12.349,7.622
2020-03-29 23:50:38+02:00,18.237,12.826,8.422
2020-03-29 23:53:39+02:00,18.93,14.922,7.522
2020-03-29 23:56:39+02:00,16.341,14.237,7.122
2020-03-29 23:59:39+02:00,16.971,13.863,4.722
2020-03-30 00:02:39+02:00,17.616,12.293,4.922
2020-03-30 00:05:40+02:00,17.067,13.947,4.522
2020-03-30 00:08:40+02:00,17.667,15.192,5.522
2020-03-30 00:11:40+02:00,19.668,14.969,6.922
2020-03-30 00:14:40+02:00,19.525,14.298,7.322
2020-03-30 00:17:40+02:00,19.135,12.874,7.922
2020-03-30 00:20:41+02:00,16.327,15.868,8.922
2020-03-30 00:23:41+02:00,19.008,14.564,11.122
2020-03-30 00:26:41+02:00,16.928,14.515,8.522
2020-03-30 00:29:41+02:00,16.229,14.704,8.722
2020-03-30 00:32:41+02:00,18.541,14.916,9.722
2020-03-30 00:35:41+02:00,19.894,15.415,8.122
2020-03-30 00:38:42+02:00,18.82,12.157,9.722
2020-03-30 00:41:42+02:00,19.374,15.336,10.522
2020-03-30 00:44:42+02:00,17.856,14.314,11.722
2020-03-30 00:47:42+02:00,18.857,14.925,12.322
2020-03-30 00:50:44+02:00,17.278,12.42,13.922
2020-03-30 00:53:46+02:00,17.068,12.913,11.422
2020-03-30 00:56:46+02:00,17.107,14.516,13.222
2020-03-30 00:59:46+02:00,17.29,13.414,14.222
2020-03-30 01:02:46+02:00,17.152,13.275,15.822
2020-03-30 01:05:47+02:00,19.313,12.06,16.922
2020-03-30 01:08:48+02:00,16.588,12.588,15.722
2020-03-30 01:11:48+02:00,16.955,13.929,15.122
2020-03-30 01:14:48+02:00,16.739,15.676,14.322
2020-03-30 01:17:48+02:00,19.28,14.957,14.722
2020-03-30 01:20:48+02:00,16.363,14.454,17.122
2020-03-30 01:23:49+02:00,19.096,13.27,17.722
2020-03-30 01:26:49+02:00,16.593,12.195,16.522
2020-03-30 01:29:49+02:00,17.462,12.336,19.722
2020-03-30 01:32:49+02:00,17.795,14.164,17.522
2020-03-30 01:35:49+02:00,16.078,12.264,17.722
2020-03-30 01:38:50+02:00,19.478,13.276,18.322
2020-03-30 01:41:50+02:00,19.425,15.485,19.322
2020-03-30 01:44:50+02:00,19.027,13.612,18.322
2020-03-30 01:47:50+02:00,18.556,13.131,18.322
2020-03-30 01:50:50+02:00,16.372,15.201,19.122
2020-03-30 01:53:51+02:00,17.65,14.361,16.522
2020-03-30 01:56:51+02:00,16.291,14.896,19.322
2020-03-30 01:59:53+02:00,19.819,15.925,19.122
2020-03-30 02:02:59+02:00,18.229,12.992,19.322
2020-03-30 02:05:59+02:00,19.175,12.16,19.722
2020-03-30 02:09:00+02:00,18.475,12.93,18.122
2020-03-30 02:12:00+02:00,18.613,15.929,19.322
2020-03-30 02:15:00+02:00,16.81,15.364,19.922
2020-03-30 02:18:00+02:00,17.48,13.872,19.322
2020-03-30 02:21:01+02:00,19.249,13.902,16.922
2020-03-30 02:24:01+02:00,16.441,12.2,16.922
2020-03-30 02:27:01+02:00,19.141,13.585,17.922
2020-03-30 02:30:01+02:00,18.274,14.614,16.922
2020-03-30 02:33:01+02:00,18.108,15.468,18.522
2020-03-30 02:36:12+02:00,18.518,12.836,19.722
2020-03-30 02:39:12+02:00,16.523,14.937,19.522
2020-03-30 02:42:12+02:00,17.94,14.922,18.122
2020-03-30 02:45:12+02:00,17.952,13.662,19.122
2020-03-30 02:48:12+02:00,19.617,13.304,18.322
2020-03-30 02:51:13+02:00,19.621,14.229,17.722
2020-03-30 02:54:13+02:00,16.352,15.758,17.722
2020-03-30 02:57:13+02:00,19.143,14.315,16.522
2020-03-30 03:00:13+02:00,19.647,13.288,17.322
2020-03-30 03:03:13+02:00,16.369,14.365,18.922
2020-03-30 03:06:14+02:00,19.563,15.838,18.122
2020-03-30 03:09:14+02:00,17.523,12.314,18.922
2020-03-30 03:12:14+02:00,17.803,15.125,19.522
2020-03-30 03:15:14+02:00,16.023,15.858,18.722
2020-03-30 03:18:14+02:00,17.115,13.664,17.922
2020-03-30 03:21:15+02:00,17.027,14.756,14.722
2020-03-30 03:24:15+02:00,17.445,15.527,13.322
2020-03-30 03:27:15+02:00,17.997,13.504,12.122
2020-03-30 03:30:15+02:00,18.545,15.375,9.922
2020-03-30 03:33:15+02:00,18.259,15.239,9.922
2020-03-30 03:36:16+02:00,19.595,13.486,9.722
2020-03-30 03:39:16+02:00,18.44,13.18,9.522
2020-03-30 03:42:16+02:00,16.427,14.537,7.922
2020-03-30 03:45:16+02:00,17.328,14.761,5.722
2020-03-30 03:48:16+02:00,19.661,12.769,7.722
2020-03-30 03:51:17+02:00,18.888,12.219,6.922
2020-03-30 03:54:17+02:00,17.434,12.297,5.522
2020-03-30 03:57:17+02:00,18.208,13.121,4.122
2020-03-30 04:00:17+02:00,19.337,15.708,3.922
2020-03-30 04:03:17+02:00,16.433,12.412,4.922
2020-03-30 04:06:18+02:00,18.638,13.671,5.722
2020-03-30 04:09:18+02:00,17.58,13.422,7.322
2020-03-30 04:12:18+02:00,17.212,14.127,7.922
2020-03-30 04:15:18+02:00,17.57,15.118,9.122
2020-03-30 04:18:19+02:00,18.795,12.196,8.322
2020-03-30 04:21:19+02:00,19.605,12.667,7.122
2020-03-30 04:24:19+02:00,16.475,14.504,7.522
2020-03-30 04:27:21+02:00,19.155,15.81,7.722
2020-03-30 04:30:21+02:00,16.972,12.7,8.722
2020-03-30 04:33:22+02:00,17.317,13.781,9.322
2020-03-30 04:36:22+02:00,18.419,14.713,8.122
2020-03-30 04:39:22+02:00,18.071,12.491,8.922
2020-03-30 04:42:22+02:00,17.246,15.809,8.922
2020-03-30 04:45:22+02:00,16.433,12.647,10.922
2020-03-30 04:48:23+02:00,18.611,15.962,10.922
2020-03-30 04:51:23+02:00,16.108,12.178,11.322
2020-03-30 04:54:23+02:00,16.211,14.931,13.122
2020-03-30 04:57:23+02:00,17.083,13.644,12.522
2020-03-30 05:00:23+02:00,16.421,14.987,12.922
2020-03-30 05:03:24+02:00,16.764,13.833,13.922
2020-03-30 05:06:24+02:00,17.191,14.996,14.322
2020-03-30 05:09:24+02:00,16.84,14.421,17.322
2020-03-30 05:12:24+02:00,16.826,14.354,15.722
2020-03-30 05:15:24+02:00,17.629,12.207,14.322
2020-03-30 05:18:25+02:00,16.233,13.878,14.122
2020-03-30 05:21:25+02:00,16.662,14.184,14.922
2020-03-30 05:24:25+02:00,17.338,14.006,15.922
2020-03-30 05:27:25+02:00,18.239,14.502,17.522
2020-03-30 05:30:25+02:00,17.986,14.619,18.122
2020-03-30 05:33:26+02:00,17.379,12.481,19.322
2020-03-30 05:36:26+02:00,16.857,13.811,19.922
2020-03-30 05:39:26+02:00,17.72,13.855,19.922
2020-03-30 05:42:26+02:00,17.119,12.639,19.922
2020-03-30 05:45:26+02:00,18.288,14.562,19.122
2020-03-30 05:48:27+02:00,19.205,14.32,18.722
2020-03-30 05:51:27+02:00,18.597,13.156,17.322
2020-03-30 05:54:27+02:00,18.157,15.607,16.122
2020-03-30 05:57:29+02:00,16.283,15.122,14.722
2020-03-30 06:00:29+02:00,19.76,15.532,14.722
2020-03-30 06:03:30+02:00,17.396,14.295,15.722
2020-03-30 06:06:30+02:00,19.553,14.611,14.322
2020-03-30 06:09:30+02:00,16.877,12.781,14.522
2020-03-30 06:12:30+02:00,18.641,12.009,13.522
2020-03-30 06:15:31+02:00,18.279,12.406,12.522
2020-03-30 06:18:31+02:00,16.943,13.683,12.322
2020-03-30 06:21:31+02:00,16.49,12.729,11.922
2020-03-30 06:24:31+02:00,19.413,14.002,10.522
2020-03-30 06:27:31+02:00,19.546,15.542,12.322
2020-03-30 06:30:32+02:00,17.962,15.195,11.922
2020-03-30 06:33:32+02:00,16.615,13.608,13.522
2020-03-30 06:36:32+02:00,19.173,13.73,13.322
2020-03-30 06:39:32+02:00,17.167,12.359,14.122
2020-03-30 06:42:32+02:00,16.951,13.045,12.722
2020-03-30 06:45:33+02:00,17.16,12.835,10.522
2020-03-30 06:48:33+02:00,17.987,13.48,10.722
2020-03-30 06:51:33+02:00,19.684,15.839,12.122
2020-03-30 06:54:33+02:00,16.329,15.13,12.522
2020-03-30 06:57:33+02:00,19.75,15.549,15.322
2020-03-30 07:00:34+02:00,16.487,14.852,14.922
2020-03-30 07:03:34+02:00,18.357,12.76,15.322
2020-03-30 07:06:34+02:00,16.339,13.335,13.922
2020-03-30 07:09:34+02:00,18.058,14.033,11.122
2020-03-30 07:12:34+02:00,17.136,13.749,11.522
2020-03-30 07:15:35+02:00,17.322,15.417,10.922
2020-03-30 07:18:35+02:00,16.654,14.792,10.522
2020-03-30 07:21:35+02:00,19.171,14.214,10.522
2020-03-30 07:24:35+02:00,19.805,13.716,11.322
2020-03-30 07:27:35+02:00,16.575,12.439,11.322
2020-03-30 07:30:36+02:00,17.717,14.417,10.522
2020-03-30 07:33:36+02:00,16.737,15.39,8.122
2020-03-30 07:36:36+02:00,19.517,14.003,7.522
2020-03-30 07:39:36+02:00,16.122,14.614,5.522
2020-03-30 07:42:36+02:00,17.25,13.906,6.922
2020-03-30 07:45:37+02:00,16.777,13.915,5.522
2020-03-30 07:48:37+02:00,18.568,14.837,7.322
2020-03-30 07:51:37+02:00,16.167,14.288,5.122
2020-03-30 07:54:37+02:00,19.699,15.25,5.722
2020-03-30 07:57:38+02:00,19.01,14.39,6.122
2020-03-30 08:00:38+02:00,18.967,12.297,6.322
2020-03-30 08:03:38+02:00,18.313,12.55,6.122
2020-03-30 08:06:38+02:00,16.389,15.988,8.922
2020-03-30 08:09:38+02:00,16.518,14.247,8.722
2020-03-30 08:12:39+02:00,19.5,12.39,8.322
2020-03-30 08:15:39+02:00,16.412,14.954,6.922
2020-03-30 08:18:39+02:00,17.363,12.429,6.722
2020-03-30 08:21:40+02:00,19.723,13.677,4.422
2020-03-30 08:24:40+02:00,18.352,13.85,6.022
2020-03-30 08:27:41+02:00,19.716,14.547,4.222
2020-03-30 08:30:41+02:00,17.505,13.036,4.222
2020-03-30 08:33:41+02:00,17.867,13.915,4.222
2020-03-30 08:36:41+02:00,19.936,15.607,4.022
2020-03-30 08:39:41+02:00,16.257,14.891,4.022
2020-03-30 08:42:42+02:00,18.739,13.788,5.022
2020-03-30 08:45:42+02:00,19.284,14.858,4.022
2020-03-30 08:48:42+02:00,18.237,15.009,4.622
2020-03-30 08:51:42+02:00,17.02,13.075,4.622
2020-03-30 08:54:42+02:00,18.711,13.651,5.622
2020-03-30 08:57:43+02:00,19.435,12.092,4.222
2020-03-30 09:00:43+02:00,19.982,14.605,4.022
2020-03-30 09:03:43+02:00,17.997,13.619,4.622
2020-03-30 09:06:43+02:00,16.894,12.009,6.222
2020-03-30 09:09:43+02:00,18.106,14.428,6.222
2020-03-30 09:12:44+02:00,16.979,13.145,6.222
2020-03-30 09:15:44+02:00,16.658,14.186,6.822
2020-03-30 09:18:44+02:00,16.974,14.536,7.622
2020-03-30 09:21:44+02:00,17.09,13.748,8.222
2020-03-30 09:24:44+02:00,19.427,15.98,8.822
2020-03-30 09:27:45+02:00,19.322,13.328,9.822
2020-03-30 09:30:45+02:00,16.889,12.345,8.022
2020-03-30 09:33:47+02:00,19.469,15.884,7.822
2020-03-30 09:36:47+02:00,19.654,13.295,6.622
2020-03-30 09:39:48+02:00,18.725,15.312,6.422
2020-03-30 09:42:48+02:00,19.34,15.445,5.222
2020-03-30 09:45:48+02:00,18.383,14.178,5.022
2020-03-30 09:48:48+02:00,17.491,14.086,6.222
2020-03-30 09:51:49+02:00,17.432,15.556,5.522
2020-03-30 09:54:50+02:00,19.078,15.649,3.922
2020-03-30 09:57:50+02:00,17.569,14.597,4.122
2020-03-30 10:00:50+02:00,16.318,14.259,4.522
2020-03-30 10:03:50+02:00,18.873,15.867,4.122
2020-03-30 10:06:50+02:00,18.301,15.673,6.122
2020-03-30 10:09:51+02:00,18.613,14.409,6.122
2020-03-30 10:12:51+02:00,18.584,13.062,6.322
2020-03-30 10:15:51+02:00,16.212,13.473,7.722
2020-03-30 10:18:51+02:00,16.555,12.058,7.522
2020-03-30 10:21:51+02:00,16.272,15.838,9.922
2020-03-30 10:24:52+02:00,17.868,15.874,7.322
2020-03-30 10:27:52+02:00,18.6,13.027,4.322
2020-03-30 10:30:52+02:00,18.732,14.461,6.322
2020-03-30 10:33:52+02:00,16.721,13.799,5.722
2020-03-30 10:36:52+02:00,18.875,15.131,7.722
2020-03-30 10:39:53+02:00,16.539,13.082,6.522
2020-03-30 10:42:53+02:00,16.267,15.381,5.522
2020-03-30 10:45:53+02:00,17.949,15.582,4.322
2020-03-30 10:48:53+02:00,17.276,13.927,4.722
2020-03-30 10:51:53+02:00,17.58,12.199,5.122
2020-03-30 10:54:54+02:00,17.25,12.182,4.322
2020-03-30 10:57:54+02:00,18.284,13.443,4.322
2020-03-30 11:00:54+02:00,17.083,13.469,4.322
2020-03-30 11:03:54+02:00,18.094,15.939,4.922
2020-03-30 11:06:55+02:00,16.59,13.909,5.022
2020-03-30 11:09:56+02:00,17.747,12.148,7.422
2020-03-30 11:12:56+02:00,18.409,15.918,7.822
2020-03-30 11:15:56+02:00,19.84,14.028,8.822
2020-03-30 11:18:56+02:00,16.829,15.639,8.822
2020-03-30 11:21:57+02:00,16.828,15.655,8.422
2020-03-30 11:24:57+02:00,18.087,14.588,5.222
2020-03-30 11:27:57+02:00,19.642,15.448,5.622
2020-03-30 11:30:57+02:00,19.808,12.981,4.222
2020-03-30 11:33:57+02:00,16.582,14.405,5.622
2020-03-30 11:36:58+02:00,19.221,14.909,5.422
2020-03-30 11:39:58+02:00,16.799,12.586,4.822
2020-03-30 11:42:58+02:00,17.078,14.473,4.422
2020-03-30 11:45:58+02:00,19.685,14.98,4.822
2020-03-30 11:48:58+02:00,16.63,15.923,4.022
2020-03-30 11:51:59+02:00,18.345,14.909,4.222
2020-03-30 11:54:59+02:00,17.655,15.27,4.822
2020-03-30 11:57:59+02:00,18.537,15.327,4.222
2020-03-30 12:00:59+02:00,19.78,12.083,4.222
2020-03-30 12:03:59+02:00,17.653,13.945,4.422
2020-03-30 12:07:00+02:00,16.3,13.473,4.022
2020-03-30 12:10:00+02:00,17.345,15.978,4.022
2020-03-30 12:13:00+02:00,19.534,14.037,5.822
2020-03-30 12:16:00+02:00,16.948,14.971,6.422
2020-03-30 12:19:00+02:00,19.717,14.79,4.222
2020-03-30 12:22:01+02:00,19.034,13.625,7.022
2020-03-30 12:25:01+02:00,19.017,13.318,7.622
2020-03-30 12:28:01+02:00,18.912,14.922,8.622
2020-03-30 12:31:01+02:00,19.146,15.7,8.222
2020-03-30 12:34:01+02:00,17.923,14.659,8.822
2020-03-30 12:37:02+02:00,19.382,12.703,11.222
2020-03-30 12:40:02+02:00,17.808,15.959,10.022
2020-03-30 12:43:02+02:00,16.811,13.274,9.622
2020-03-30 12:46:02+02:00,18.191,15.226,9.422
2020-03-30 12:49:02+02:00,16.168,13.43,9.822
2020-03-30 12:52:04+02:00,19.485,15.853,11.922
2020-03-30 12:55:04+02:00,16.934,15.407,13.122
2020-03-30 12:58:04+02:00,18.374,13.562,13.922
2020-03-30 13:01:04+02:00,16.303,15.834,13.922
2020-03-30 13:04:05+02:00,19.215,13.568,14.322
2020-03-30 13:07:05+02:00,16.936,15.791,11.722
2020-03-30 13:10:05+02:00,19.483,12.465,9.722
2020-03-30 13:13:05+02:00,19.75,15.952,10.522
2020-03-30 13:16:05+02:00,17.857,15.969,10.722
2020-03-30 13:19:06+02:00,17.715,14.447,10.322
2020-03-30 13:22:06+02:00,16.554,15.054,10.122
2020-03-30 13:25:06+02:00,16.44,14.303,8.322
2020-03-30 13:28:06+02:00,16.236,14.448,9.322
2020-03-30 13:31:06+02:00,16.713,14.769,9.122
2020-03-30 13:34:07+02:00,16.752,15.848,10.122
2020-03-30 13:37:07+02:00,17.823,13.337,10.122
2020-03-30 13:40:08+02:00,17.444,15.318,10.822
2020-03-30 13:43:08+02:00,17.672,13.463,10.022
2020-03-30 13:46:08+02:00,17.923,15.721,10.222
2020-03-30 13:49:09+02:00,19.387,14.148,9.222
2020-03-30 13:52:09+02:00,18.662,14.269,11.222
2020-03-30 13:55:09+02:00,17.149,14.019,10.222
2020-03-30 13:58:09+02:00,18.206,12.512,8.822
