Date and Time,input_8,input_1,in_8_calculated
2020-04-12 22:50:34+02:00,5.425,19.611,20.0
2020-04-12 22:51:04+02:00,5.494,18.811,20.0
2020-04-12 22:51:34+02:00,8.488,19.211,20.0
2020-04-12 22:52:04+02:00,7.405,18.811,20.0
2020-04-12 22:52:34+02:00,8.126,19.011,20.0
2020-04-12 22:53:04+02:00,8.111,19.811,20.0
2020-04-12 22:53:34+02:00,8.591,19.411,20.0
2020-04-12 22:54:04+02:00,6.888,20.011,20.0
2020-04-12 22:54:34+02:00,6.963,19.811,20.0
2020-04-12 22:55:04+02:00,8.665,19.811,20.0
2020-04-12 22:55:34+02:00,7.425,19.611,20.0
2020-04-12 22:56:04+02:00,7.355,19.611,20.0
2020-04-12 22:56:34+02:00,8.905,19.811,20.0
2020-04-12 22:57:04+02:00,8.687,19.611,20.0
2020-04-12 22:57:34+02:00,8.941,19.211,20.0
2020-04-12 22:58:04+02:00,7.834,20.011,20.0
2020-04-12 22:58:34+02:00,5.23,19.211,20.0
2020-04-12 22:59:04+02:00,8.669,19.411,20.0
2020-04-12 22:59:34+02:00,8.15,19.411,20.0
2020-04-12 23:00:04+02:00,8.507,18.811,20.0
2020-04-12 23:00:34+02:00,8.695,19.011,20.0
2020-04-12 23:01:04+02:00,7.553,20.011,20.0
2020-04-12 23:01:34+02:00,5.726,20.011,20.0
2020-04-12 23:02:04+02:00,7.757,19.611,20.0
2020-04-12 23:02:34+02:00,5.914,19.211,20.0
2020-04-12 23:03:04+02:00,7.699,19.411,20.0
2020-04-12 23:03:34+02:00,5.214,19.411,20.0
2020-04-12 23:04:04+02:00,7.279,19.811,20.0
2020-04-12 23:04:35+02:00,5.63,19.411,20.0
2020-04-12 23:05:05+02:00,5.352,19.411,20.0
2020-04-12 23:05:35+02:00,6.883,19.811,20.0
2020-04-12 23:06:05+02:00,6.542,19.611,20.0
2020-04-12 23:06:35+02:00,8.564,19.811,20.0
2020-04-12 23:07:05+02:00,7.481,19.811,20.0
2020-04-12 23:07:35+02:00,6.139,19.611,20.0
2020-04-12 23:08:05+02:00,6.184,19.011,20.0
2020-04-12 23:08:35+02:00,6.932,18.411,20.0
2020-04-12 23:09:05+02:00,5.977,19.211,20.0
2020-04-12 23:09:35+02:00,7.024,19.011,20.0
2020-04-12 23:10:05+02:00,8.169,18.011,20.0
2020-04-12 23:10:35+02:00,7.132,18.211,20.0
2020-04-12 23:11:05+02:00,5.295,18.411,20.0
2020-04-12 23:11:35+02:00,8.581,19.611,20.0
2020-04-12 23:12:05+02:00,7.621,19.211,20.0
2020-04-12 23:12:35+02:00,6.088,19.211,20.0
2020-04-12 23:13:05+02:00,7.93,19.611,20.0
2020-04-12 23:13:35+02:00,5.573,19.011,20.0
2020-04-12 23:14:05+02:00,8.679,18.411,20.0
2020-04-12 23:14:35+02:00,7.796,18.211,20.0
2020-04-12 23:15:05+02:00,8.258,17.411,20.0
2020-04-12 23:15:35+02:00,8.027,17.811,20.0
2020-04-12 23:16:05+02:00,6.947,17.811,20.0
2020-04-12 23:16:35+02:00,8.497,18.811,20.0
2020-04-12 23:17:05+02:00,8.763,19.011,20.0
2020-04-12 23:17:35+02:00,5.449,19.811,20.0
2020-04-12 23:18:05+02:00,5.708,19.611,20.0
2020-04-12 23:18:35+02:00,6.022,19.611,20.0
2020-04-12 23:19:06+02:00,6.191,19.811,20.0
2020-04-12 23:19:36+02:00,8.631,20.011,20.0
2020-04-12 23:20:06+02:00,7.286,19.811,20.0
2020-04-12 23:20:36+02:00,8.628,19.811,20.0
2020-04-12 23:21:06+02:00,6.3,19.811,20.0
2020-04-12 23:21:36+02:00,8.746,19.011,20.0
2020-04-12 23:22:06+02:00,6.186,18.811,20.0
2020-04-12 23:22:36+02:00,6.045,18.011,20.0
2020-04-12 23:23:06+02:00,5.641,17.811,20.0
2020-04-12 23:23:36+02:00,7.79,18.011,20.0
2020-04-12 23:24:06+02:00,7.509,18.211,20.0
2020-04-12 23:24:36+02:00,7.289,19.411,20.0
2020-04-12 23:25:06+02:00,6.868,19.211,20.0
2020-04-12 23:25:36+02:00,6.999,19.011,20.0
2020-04-12 23:26:06+02:00,7.004,18.811,20.0
2020-04-12 23:26:36+02:00,5.026,18.811,20.0
2020-04-12 23:27:06+02:00,7.688,19.211,20.0
2020-04-12 23:27:36+02:00,7.666,19.611,20.0
2020-04-12 23:28:06+02:00,7.87,19.411,20.0
2020-04-12 23:28:36+02:00,6.913,19.611,20.0
2020-04-12 23:29:06+02:00,7.862,20.011,20.0
2020-04-12 23:29:36+02:00,7.301,20.011,20.0
2020-04-12 23:30:06+02:00,7.07,19.411,20.0
2020-04-12 23:30:36+02:00,8.978,19.411,20.0
2020-04-12 23:31:06+02:00,7.192,19.211,20.0
2020-04-12 23:31:36+02:00,6.046,19.011,20.0
2020-04-12 23:32:06+02:00,5.851,19.211,20.0
2020-04-12 23:32:36+02:00,8.103,19.411,20.0
2020-04-12 23:33:06+02:00,5.258,19.411,20.0
2020-04-12 23:33:36+02:00,8.5,19.611,20.0
2020-04-12 23:34:07+02:00,7.945,19.611,20.0
2020-04-12 23:34:37+02:00,6.357,20.011,20.0
2020-04-12 23:35:07+02:00,8.373,19.811,20.0
2020-04-12 23:35:37+02:00,5.72,19.411,20.0
2020-04-12 23:36:07+02:00,7.515,19.611,20.0
2020-04-12 23:36:37+02:00,6.482,19.411,20.0
2020-04-12 23:37:07+02:00,6.191,19.611,20.0
2020-04-12 23:37:37+02:00,7.528,20.011,20.0
2020-04-12 23:38:07+02:00,6.916,19.611,20.0
2020-04-12 23:38:37+02:00,6.691,19.411,20.0
2020-04-12 23:39:07+02:00,8.928,19.211,20.0
2020-04-12 23:39:37+02:00,6.239,19.411,20.0
2020-04-12 23:40:07+02:00,8.268,19.011,20.0
2020-04-12 23:40:37+02:00,8.05,19.811,20.0
2020-04-12 23:41:07+02:00,5.04,19.811,20.0
2020-04-12 23:41:37+02:00,8.01,19.811,20.0
2020-04-12 23:42:07+02:00,7.291,19.811,20.0
2020-04-12 23:42:37+02:00,6.067,19.611,20.0
2020-04-12 23:43:07+02:00,5.464,20.011,20.0
2020-04-12 23:43:37+02:00,6.542,19.211,20.0
2020-04-12 23:44:07+02:00,5.311,19.011,20.0
2020-04-12 23:44:37+02:00,5.559,19.011,20.0
2020-04-12 23:45:07+02:00,8.892,19.211,20.0
2020-04-12 23:45:37+02:00,6.41,20.011,20.0
2020-04-12 23:46:07+02:00,5.015,19.611,20.0
2020-04-12 23:46:37+02:00,8.915,19.411,20.0
2020-04-12 23:47:07+02:00,6.312,19.811,20.0
2020-04-12 23:47:37+02:00,7.291,18.611,20.0
2020-04-12 23:48:07+02:00,5.947,18.011,20.0
2020-04-12 23:48:38+02:00,7.496,18.211,20.0
2020-04-12 23:49:08+02:00,5.482,17.211,20.0
2020-04-12 23:49:38+02:00,8.77,17.611,20.0
2020-04-12 23:50:09+02:00,5.587,17.911,20.0
2020-04-12 23:50:39+02:00,6.633,16.711,20.0
2020-04-12 23:51:09+02:00,6.516,16.511,20.0
2020-04-12 23:51:39+02:00,6.036,17.111,20.0
2020-04-12 23:52:09+02:00,5.289,17.711,20.0
2020-04-12 23:52:39+02:00,7.716,17.511,20.0
2020-04-12 23:53:09+02:00,6.381,17.511,20.0
2020-04-12 23:53:39+02:00,6.749,17.111,20.0
2020-04-12 23:54:09+02:00,5.586,16.711,20.0
2020-04-12 23:54:39+02:00,5.45,16.711,20.0
2020-04-12 23:55:09+02:00,8.078,17.111,20.0
2020-04-12 23:55:39+02:00,5.75,18.111,20.0
2020-04-12 23:56:09+02:00,7.184,18.111,20.0
2020-04-12 23:56:39+02:00,5.057,17.311,20.0
2020-04-12 23:57:09+02:00,7.011,17.911,20.0
2020-04-12 23:57:39+02:00,8.939,17.711,20.0
2020-04-12 23:58:09+02:00,7.55,18.311,20.0
2020-04-12 23:58:39+02:00,7.915,18.711,20.0
2020-04-12 23:59:09+02:00,7.985,18.911,20.0
2020-04-12 23:59:39+02:00,5.002,18.111,20.0
2020-04-13 00:00:09+02:00,8.224,17.111,20.0
2020-04-13 00:00:39+02:00,7.054,16.911,20.0
2020-04-13 00:01:09+02:00,6.018,16.311,20.0
2020-04-13 00:01:39+02:00,6.1,16.511,20.0
2020-04-13 00:02:09+02:00,6.587,15.911,20.0
2020-04-13 00:02:39+02:00,8.216,15.511,20.0
2020-04-13 00:03:09+02:00,7.419,15.911,20.0
2020-04-13 00:03:40+02:00,7.569,15.311,20.0
2020-04-13 00:04:10+02:00,5.039,15.311,20.0
2020-04-13 00:04:40+02:00,7.04,15.911,20.0
2020-04-13 00:05:10+02:00,7.742,16.911,20.0
2020-04-13 00:05:40+02:00,6.619,16.911,20.0
2020-04-13 00:06:10+02:00,7.047,17.711,20.0
2020-04-13 00:06:40+02:00,8.968,18.111,20.0
2020-04-13 00:07:10+02:00,8.782,17.911,20.0
2020-04-13 00:07:40+02:00,7.089,17.511,20.0
2020-04-13 00:08:10+02:00,7.661,17.111,20.0
2020-04-13 00:08:40+02:00,8.179,17.311,20.0
2020-04-13 00:09:10+02:00,5.107,17.311,20.0
2020-04-13 00:09:40+02:00,8.243,17.311,20.0
2020-04-13 00:10:10+02:00,7.89,16.911,20.0
2020-04-13 00:10:40+02:00,7.034,17.311,20.0
2020-04-13 00:11:10+02:00,5.454,16.911,20.0
2020-04-13 00:11:40+02:00,7.145,17.311,20.0
2020-04-13 00:12:10+02:00,8.846,17.711,20.0
2020-04-13 00:13:25+02:00,5.345,9.22,20.0
2020-04-13 00:13:55+02:00,6.543,9.42,20.0
2020-04-13 00:14:25+02:00,7.018,8.82,20.0
2020-04-13 00:14:55+02:00,5.302,8.82,20.0
2020-04-13 00:15:25+02:00,8.479,8.62,20.0
2020-04-13 00:15:56+02:00,5.117,8.42,20.0
2020-04-13 00:16:26+02:00,5.086,8.62,20.0
2020-04-13 00:16:56+02:00,5.216,7.42,20.0
2020-04-13 00:17:26+02:00,8.578,7.62,20.0
2020-04-13 00:17:56+02:00,7.409,7.62,20.0
2020-04-13 00:18:26+02:00,7.238,7.22,20.0
2020-04-13 00:18:56+02:00,5.809,8.02,20.5653
2020-04-13 00:19:26+02:00,8.375,7.42,21.3672
2020-04-13 00:19:56+02:00,6.221,7.62,20.6941
2020-04-13 00:20:26+02:00,5.833,7.02,20.5728
2020-04-13 00:20:56+02:00,5.11,7.02,20.3469
2020-04-13 00:21:26+02:00,5.115,7.02,20.3484
2020-04-13 00:21:56+02:00,8.414,6.62,21.3794
2020-04-13 00:22:26+02:00,8.426,6.22,21.3831
2020-04-13 00:22:56+02:00,8.851,5.82,21.5159
2020-04-13 00:23:26+02:00,5.135,6.62,20.3547
2020-04-13 00:23:56+02:00,5.531,8.02,20.4784
2020-04-13 00:24:26+02:00,8.155,7.82,21.2984
2020-04-13 00:24:56+02:00,8.735,7.22,21.4797
2020-04-13 00:25:26+02:00,8.05,7.42,21.2656
2020-04-13 00:25:56+02:00,6.037,6.42,20.6366
2020-04-13 00:26:26+02:00,5.319,6.22,20.4122
2020-04-13 00:26:56+02:00,5.674,5.82,20.5231
2020-04-13 00:27:26+02:00,6.164,5.62,20.6763
2020-04-13 00:27:56+02:00,5.128,7.02,20.3525
2020-04-13 00:28:26+02:00,5.497,6.22,20.4678
2020-04-13 00:28:56+02:00,8.176,5.62,21.305
2020-04-13 00:29:26+02:00,5.95,5.82,20.6094
2020-04-13 00:29:56+02:00,5.366,6.62,20.4269
2020-04-13 00:30:26+02:00,7.371,6.02,21.0534
2020-04-13 00:30:57+02:00,7.537,7.22,21.1053
2020-04-13 00:31:27+02:00,7.887,7.22,21.2147
2020-04-13 00:31:57+02:00,7.758,7.02,21.1744
2020-04-13 00:32:27+02:00,6.07,7.82,20.6469
2020-04-13 00:32:57+02:00,5.332,7.82,20.4163
2020-04-13 00:33:27+02:00,6.516,8.02,20.7862
2020-04-13 00:33:57+02:00,8.332,7.82,21.3538
2020-04-13 00:34:27+02:00,6.042,7.02,20.6381
2020-04-13 00:34:57+02:00,7.383,7.02,21.0572
2020-04-13 00:35:27+02:00,5.172,7.22,20.3662
2020-04-13 00:35:57+02:00,6.771,6.62,20.8659
2020-04-13 00:36:27+02:00,6.648,7.02,20.8275
2020-04-13 00:36:57+02:00,6.902,6.42,20.9069
2020-04-13 00:37:27+02:00,5.503,6.62,20.4697
2020-04-13 00:37:57+02:00,6.303,7.02,20.7197
2020-04-13 00:38:27+02:00,8.053,6.82,21.2666
2020-04-13 00:38:57+02:00,6.06,7.02,20.6437
2020-04-13 00:39:27+02:00,7.327,7.62,21.0397
2020-04-13 00:39:57+02:00,5.53,7.82,20.4781
2020-04-13 00:40:27+02:00,8.088,8.42,21.2775
2020-04-13 00:40:57+02:00,7.646,7.42,21.1394
2020-04-13 00:41:27+02:00,6.471,7.22,20.7722
2020-04-13 00:41:57+02:00,6.104,7.42,20.6575
2020-04-13 00:42:27+02:00,6.977,7.42,20.9303
2020-04-13 00:42:57+02:00,5.369,7.02,20.4278
2020-04-13 00:43:27+02:00,7.276,6.42,21.0238
2020-04-13 00:43:57+02:00,8.045,6.42,21.2641
2020-04-13 00:44:27+02:00,8.39,7.22,21.3719
2020-04-13 00:44:57+02:00,6.635,7.02,20.8234
2020-04-13 00:45:28+02:00,5.695,5.82,20.5297
2020-04-13 00:45:58+02:00,6.825,5.82,20.8828
2020-04-13 00:46:28+02:00,5.501,5.82,20.4691
2020-04-13 00:46:58+02:00,5.924,5.22,20.6012
2020-04-13 00:47:28+02:00,8.392,4.62,21.3725
2020-04-13 00:47:58+02:00,5.176,4.62,20.3675
2020-04-13 00:48:28+02:00,5.76,4.82,20.55
2020-04-13 00:48:58+02:00,6.787,6.02,20.8709
2020-04-13 00:49:28+02:00,6.806,6.22,20.8769
2020-04-13 00:49:58+02:00,7.635,6.22,21.1359
2020-04-13 00:50:28+02:00,5.476,6.02,20.4613
2020-04-13 00:50:58+02:00,7.997,6.62,21.2491
2020-04-13 00:51:28+02:00,6.853,7.02,20.8916
2020-04-13 00:51:58+02:00,5.375,6.22,20.4297
2020-04-13 00:52:28+02:00,5.668,6.02,20.5212
2020-04-13 00:52:58+02:00,6.892,5.22,20.9037
2020-04-13 00:53:28+02:00,8.27,5.42,21.3344
2020-04-13 00:53:58+02:00,7.785,4.62,21.1828
2020-04-13 00:54:28+02:00,8.762,4.22,21.4881
2020-04-13 00:54:58+02:00,5.721,4.02,20.5378
2020-04-13 00:55:28+02:00,5.638,4.82,20.5119
2020-04-13 00:55:59+02:00,8.678,4.72,21.4619
2020-04-13 00:56:29+02:00,7.897,4.52,21.2178
2020-04-13 00:56:59+02:00,5.32,5.32,20.4125
2020-04-13 00:57:29+02:00,6.999,5.32,20.9372
2020-04-13 00:57:59+02:00,5.835,5.32,20.5734
2020-04-13 00:58:29+02:00,5.401,6.12,20.4378
2020-04-13 00:58:59+02:00,6.54,5.52,20.7938
2020-04-13 00:59:30+02:00,5.704,6.72,20.5325
2020-04-13 01:00:00+02:00,6.607,6.12,20.8147
2020-04-13 01:00:30+02:00,6.778,5.52,20.8681
2020-04-13 01:01:00+02:00,6.151,6.12,20.6722
2020-04-13 01:01:30+02:00,6.225,6.72,20.6953
2020-04-13 01:02:00+02:00,6.4,6.12,20.75
2020-04-13 01:02:30+02:00,5.688,5.32,20.5275
2020-04-13 01:03:00+02:00,6.863,5.92,20.8947
2020-04-13 01:03:30+02:00,8.503,6.92,21.4072
2020-04-13 01:04:00+02:00,7.081,6.52,20.9628
2020-04-13 01:04:30+02:00,8.318,6.12,21.3494
2020-04-13 01:05:00+02:00,5.963,6.32,20.6134
2020-04-13 01:05:30+02:00,8.616,6.12,21.4425
2020-04-13 01:06:00+02:00,8.113,6.12,21.2853
2020-04-13 01:06:30+02:00,5.258,5.32,20.3931
2020-04-13 01:07:00+02:00,8.6,6.12,21.4375
2020-04-13 01:07:31+02:00,8.051,5.82,21.2659
2020-04-13 01:08:01+02:00,8.246,6.62,21.3269
2020-04-13 01:08:31+02:00,6.74,7.02,20.8563
2020-04-13 01:09:01+02:00,7.267,6.82,21.0209
2020-04-13 01:09:31+02:00,6.847,6.82,20.8897
2020-04-13 01:10:01+02:00,6.866,7.22,20.8956
2020-04-13 01:10:31+02:00,5.815,7.62,20.5672
2020-04-13 01:11:01+02:00,8.953,6.42,21.5478
2020-04-13 01:11:31+02:00,7.131,7.02,20.9784
2020-04-13 01:12:01+02:00,6.172,7.02,20.6787
2020-04-13 01:12:31+02:00,5.31,7.42,20.4094
2020-04-13 01:13:01+02:00,8.34,7.62,21.3563
2020-04-13 01:13:31+02:00,5.25,8.02,20.3906
2020-04-13 01:14:02+02:00,6.84,9.02,20.8875
2020-04-13 01:14:32+02:00,8.17,9.22,21.3031
2020-04-13 01:15:02+02:00,7.716,9.02,21.1612
2020-04-13 01:15:32+02:00,5.461,9.42,20.4566
2020-04-13 01:16:02+02:00,8.652,10.02,21.4538
2020-04-13 01:16:32+02:00,7.601,9.62,21.1253
2020-04-13 01:17:02+02:00,6.691,8.82,20.8409
2020-04-13 01:17:32+02:00,5.44,8.62,20.45
2020-04-13 01:18:02+02:00,7.992,7.22,21.2475
2020-04-13 01:18:32+02:00,5.229,7.42,20.3841
2020-04-13 01:19:02+02:00,5.096,7.22,20.3425
2020-04-13 01:19:32+02:00,5.385,7.22,20.4328
2020-04-13 01:20:02+02:00,6.06,7.22,20.6437
2020-04-13 01:20:32+02:00,8.309,8.22,21.3466
2020-04-13 01:21:02+02:00,6.827,7.82,20.8834
2020-04-13 01:21:32+02:00,6.844,8.42,20.8888
2020-04-13 01:22:02+02:00,8.187,8.02,21.3084
2020-04-13 01:22:32+02:00,7.653,7.42,21.1416
2020-04-13 01:23:02+02:00,5.254,7.22,20.3919
2020-04-13 01:23:32+02:00,8.531,6.22,21.4159
2020-04-13 01:24:02+02:00,6.312,5.02,20.7225
2020-04-13 01:24:32+02:00,7.312,6.22,21.035
2020-04-13 01:25:02+02:00,7.06,6.02,20.9562
2020-04-13 01:25:32+02:00,7.686,6.22,21.1519
2020-04-13 01:26:02+02:00,7.098,6.02,20.9681
2020-04-13 01:26:32+02:00,5.707,5.42,20.5334
2020-04-13 01:27:02+02:00,5.326,6.02,20.4144
2020-04-13 01:27:32+02:00,5.873,5.62,20.5853
2020-04-13 01:28:02+02:00,8.314,6.62,21.3481
2020-04-13 01:28:33+02:00,5.955,7.42,20.6109
2020-04-13 01:29:03+02:00,7.226,7.42,21.0081
2020-04-13 01:29:33+02:00,7.763,7.02,21.1759
2020-04-13 01:30:03+02:00,8.401,7.02,21.3753
2020-04-13 01:30:33+02:00,5.504,6.82,20.47
2020-04-13 01:31:03+02:00,5.403,7.62,20.4384
2020-04-13 01:31:33+02:00,5.958,8.02,20.6119
2020-04-13 01:32:03+02:00,6.798,8.02,20.8744
2020-04-13 01:32:33+02:00,7.582,8.02,21.1194
2020-04-13 01:33:03+02:00,5.151,7.62,20.3597
2020-04-13 01:33:33+02:00,8.939,6.62,21.5434
2020-04-13 01:34:03+02:00,6.05,5.62,20.6406
2020-04-13 01:34:33+02:00,6.612,5.62,20.8162
2020-04-13 01:35:03+02:00,5.11,5.22,20.3469
2020-04-13 01:35:33+02:00,7.126,5.22,20.9769
2020-04-13 01:36:03+02:00,8.043,6.02,21.2634
2020-04-13 01:36:33+02:00,8.039,5.22,21.2622
2020-04-13 01:37:03+02:00,6.881,5.02,20.9003
2020-04-13 01:37:33+02:00,6.302,5.42,20.7194
2020-04-13 01:38:03+02:00,8.144,5.42,21.295
2020-04-13 01:38:33+02:00,7.631,4.42,21.1347
2020-04-13 01:39:03+02:00,6.593,4.02,20.8103
2020-04-13 01:39:33+02:00,6.719,4.02,20.8497
2020-04-13 01:40:03+02:00,6.322,4.82,20.7256
2020-04-13 01:40:33+02:00,6.097,5.02,20.6553
2020-04-13 01:41:03+02:00,5.198,5.62,20.3744
2020-04-13 01:41:33+02:00,8.391,5.02,21.3722
2020-04-13 01:42:03+02:00,7.361,5.22,21.0503
2020-04-13 01:42:33+02:00,5.58,5.22,20.4937
2020-04-13 01:43:04+02:00,7.18,5.22,20.9937
2020-04-13 01:43:34+02:00,6.31,5.02,20.7219
2020-04-13 01:44:04+02:00,5.734,5.42,20.5419
2020-04-13 01:44:34+02:00,7.621,5.22,21.1316
2020-04-13 01:45:04+02:00,8.201,6.02,21.3128
2020-04-13 01:45:34+02:00,7.748,6.42,21.1712
2020-04-13 01:46:04+02:00,8.094,6.82,21.2794
2020-04-13 01:46:34+02:00,7.901,6.02,21.2191
2020-04-13 01:47:04+02:00,7.832,5.82,21.1975
2020-04-13 01:47:34+02:00,8.629,5.42,21.4466
2020-04-13 01:48:04+02:00,8.192,5.42,21.31
2020-04-13 01:48:34+02:00,6.967,5.02,20.9272
2020-04-13 01:49:04+02:00,5.545,5.62,20.4828
2020-04-13 01:49:34+02:00,6.457,6.22,20.7678
2020-04-13 01:50:04+02:00,8.961,6.22,21.5503
2020-04-13 01:50:34+02:00,8.81,7.02,21.5031
2020-04-13 01:51:04+02:00,7.67,6.42,21.1469
2020-04-13 01:51:34+02:00,5.347,6.62,20.4209
2020-04-13 01:52:04+02:00,6.644,5.42,20.8263
2020-04-13 01:52:34+02:00,7.618,6.02,21.1306
2020-04-13 01:53:04+02:00,7.674,6.22,21.1481
2020-04-13 01:53:34+02:00,8.129,5.62,21.2903
2020-04-13 01:54:04+02:00,5.043,5.82,20.3259
2020-04-13 01:54:34+02:00,5.64,5.62,20.5125
2020-04-13 01:55:04+02:00,6.643,5.82,20.8259
2020-04-13 01:55:34+02:00,5.458,6.02,20.4556
2020-04-13 01:56:04+02:00,6.93,5.82,20.9156
2020-04-13 01:56:34+02:00,5.096,5.82,20.3425
2020-04-13 01:57:04+02:00,7.511,5.42,21.0972
2020-04-13 01:57:35+02:00,8.595,5.42,21.4359
2020-04-13 01:58:05+02:00,7.472,5.22,21.085
2020-04-13 01:58:35+02:00,7.796,5.62,21.1863
2020-04-13 01:59:05+02:00,5.138,5.62,20.3556
2020-04-13 01:59:35+02:00,6.085,5.62,20.6516
2020-04-13 02:00:29+02:00,6.32,6.22,20.725
2020-04-13 02:00:59+02:00,6.034,6.02,20.6356
2020-04-13 02:01:29+02:00,6.613,6.62,20.8166
2020-04-13 02:01:59+02:00,7.01,6.82,20.9406
2020-04-13 02:02:29+02:00,8.543,5.22,21.4197
2020-04-13 02:02:59+02:00,8.291,4.82,21.3409
2020-04-13 02:03:29+02:00,8.356,5.02,21.3612
2020-04-13 02:03:59+02:00,7.936,5.42,21.23
2020-04-13 02:04:29+02:00,6.05,5.62,20.6406
2020-04-13 02:04:59+02:00,8.738,5.22,21.4806
2020-04-13 02:05:29+02:00,8.989,5.42,21.5591
2020-04-13 02:05:59+02:00,8.098,5.22,21.2806
2020-04-13 02:06:29+02:00,7.428,5.02,21.0713
2020-04-13 02:06:59+02:00,6.502,4.62,20.7819
2020-04-13 02:07:29+02:00,6.468,5.22,20.7712
2020-04-13 02:07:59+02:00,8.346,4.82,21.3581
2020-04-13 02:08:29+02:00,8.991,5.02,21.5597
2020-04-13 02:08:59+02:00,7.831,5.02,21.1972
2020-04-13 02:09:29+02:00,5.967,4.82,20.6147
2020-04-13 02:09:59+02:00,5.529,5.02,20.4778
2020-04-13 02:10:29+02:00,8.188,5.22,21.3088
2020-04-13 02:10:59+02:00,7.387,4.82,21.0584
2020-04-13 02:11:29+02:00,8.167,4.62,21.3022
2020-04-13 02:12:00+02:00,7.144,4.62,20.9825
2020-04-13 02:12:30+02:00,8.866,4.82,21.5206
2020-04-13 02:13:00+02:00,8.349,5.22,21.3591
2020-04-13 02:13:30+02:00,7.766,5.02,21.1769
2020-04-13 02:14:00+02:00,7.268,4.82,21.0212
2020-04-13 02:14:30+02:00,5.815,4.82,20.5672
2020-04-13 02:15:00+02:00,5.963,4.42,20.6134
2020-04-13 02:15:30+02:00,8.158,4.62,21.2994
2020-04-13 02:16:00+02:00,5.122,4.82,20.3506
2020-04-13 02:16:30+02:00,7.082,4.62,20.9631
2020-04-13 02:17:00+02:00,6.233,5.02,20.6978
2020-04-13 02:17:30+02:00,6.606,5.22,20.8144
2020-04-13 02:18:00+02:00,8.479,5.42,21.3997
2020-04-13 02:18:30+02:00,5.283,5.22,20.4009
2020-04-13 02:19:00+02:00,7.837,6.02,21.1991
2020-04-13 02:19:30+02:00,5.47,6.22,20.4594
2020-04-13 02:20:00+02:00,7.187,6.42,20.9959
2020-04-13 02:20:30+02:00,7.14,6.82,20.9813
2020-04-13 02:21:00+02:00,8.253,5.82,21.3291
2020-04-13 02:21:30+02:00,7.172,5.62,20.9912
2020-04-13 02:22:00+02:00,6.574,6.02,20.8044
2020-04-13 02:22:30+02:00,7.546,7.42,21.1081
2020-04-13 02:23:00+02:00,6.21,6.42,20.6906
2020-04-13 02:23:30+02:00,6.697,6.62,20.8428
2020-04-13 02:24:00+02:00,7.773,7.02,21.1791
2020-04-13 02:24:30+02:00,8.335,7.42,21.3547
2020-04-13 02:25:00+02:00,8.805,7.42,21.5016
2020-04-13 02:25:30+02:00,7.219,7.22,21.0059
2020-04-13 02:26:00+02:00,7.055,7.02,20.9547
2020-04-13 02:26:31+02:00,8.02,7.02,21.2563
2020-04-13 02:27:01+02:00,5.81,7.62,20.5656
2020-04-13 02:27:31+02:00,5.35,8.02,20.4219
2020-04-13 02:28:01+02:00,6.323,8.42,20.7259
2020-04-13 02:28:31+02:00,7.32,8.42,21.0375
2020-04-13 02:29:01+02:00,5.037,9.42,20.3241
2020-04-13 02:29:31+02:00,8.254,9.62,21.3294
2020-04-13 02:30:01+02:00,7.202,9.02,21.0006
2020-04-13 02:30:31+02:00,6.623,8.02,20.8197
2020-04-13 02:31:01+02:00,5.7,8.42,20.5312
2020-04-13 02:31:31+02:00,8.53,8.42,21.4156
2020-04-13 02:32:01+02:00,8.78,9.22,21.4937
2020-04-13 02:32:31+02:00,5.267,9.62,20.3959
2020-04-13 02:33:01+02:00,7.136,8.82,20.98
2020-04-13 02:33:31+02:00,5.688,8.22,20.5275
2020-04-13 02:34:01+02:00,6.783,7.82,20.8697
2020-04-13 02:34:31+02:00,5.994,8.02,20.6231
2020-04-13 02:35:01+02:00,8.003,8.42,21.2509
2020-04-13 02:35:31+02:00,6.691,8.42,20.8409
2020-04-13 02:36:01+02:00,8.207,8.42,21.3147
2020-04-13 02:36:31+02:00,5.648,8.62,20.515
2020-04-13 02:37:01+02:00,5.462,8.62,20.4569
2020-04-13 02:37:31+02:00,8.612,8.22,21.4412
2020-04-13 02:38:01+02:00,6.873,8.82,20.8978
2020-04-13 02:38:31+02:00,8.296,9.22,21.3425
2020-04-13 02:39:01+02:00,7.077,8.82,20.9616
2020-04-13 02:39:31+02:00,6.655,8.62,20.8297
2020-04-13 02:40:01+02:00,8.115,9.02,21.2859
2020-04-13 02:40:31+02:00,8.353,9.82,21.3603
2020-04-13 02:41:02+02:00,5.817,10.02,20.5678
2020-04-13 02:41:32+02:00,5.713,9.62,20.5353
2020-04-13 02:42:02+02:00,6.14,8.02,20.6688
2020-04-13 02:42:32+02:00,8.566,8.82,21.4269
2020-04-13 02:43:02+02:00,7.24,9.42,21.0125
2020-04-13 02:43:32+02:00,6.206,10.42,20.6894
2020-04-13 02:44:02+02:00,7.515,10.22,21.0984
2020-04-13 02:44:32+02:00,7.762,10.42,21.1756
2020-04-13 02:45:02+02:00,6.765,10.62,20.8641
2020-04-13 02:45:32+02:00,5.555,10.22,20.4859
2020-04-13 02:46:02+02:00,6.817,10.42,20.8803
2020-04-13 02:46:32+02:00,8.033,10.62,21.2603
2020-04-13 02:47:02+02:00,7.955,11.02,21.2359
2020-04-13 02:47:32+02:00,6.722,10.82,20.8506
2020-04-13 02:48:02+02:00,8.621,11.02,21.4441
2020-04-13 02:48:32+02:00,8.959,10.82,21.5497
2020-04-13 02:49:02+02:00,6.509,11.02,20.7841
2020-04-13 02:49:32+02:00,5.289,11.42,20.4028
2020-04-13 02:50:02+02:00,5.258,11.82,20.3931
2020-04-13 02:50:32+02:00,6.486,10.62,20.7769
2020-04-13 02:51:02+02:00,5.985,10.02,20.6203
2020-04-13 02:51:32+02:00,6.386,8.82,20.7456
2020-04-13 02:52:02+02:00,5.905,8.82,20.5953
2020-04-13 02:52:32+02:00,5.926,8.42,20.6019
2020-04-13 02:53:02+02:00,8.245,7.82,21.3266
2020-04-13 02:53:32+02:00,7.206,7.62,21.0019
2020-04-13 02:54:02+02:00,8.616,7.42,21.4425
2020-04-13 02:54:32+02:00,7.866,8.02,21.2081
2020-04-13 02:55:02+02:00,5.792,7.82,20.56
2020-04-13 02:55:33+02:00,7.813,8.42,21.1916
2020-04-13 02:56:03+02:00,6.708,8.82,20.8463
2020-04-13 02:56:33+02:00,7.013,8.82,20.9416
2020-04-13 02:57:08+02:00,7.058,9.72,20.9556
2020-04-13 02:57:42+02:00,7.723,9.32,21.1634
2020-04-13 02:58:12+02:00,7.39,9.72,21.0594
2020-04-13 02:58:42+02:00,5.562,9.12,20.4881
2020-04-13 02:59:12+02:00,8.378,8.52,21.3681
2020-04-13 02:59:42+02:00,6.968,7.72,20.9275
2020-04-13 03:00:12+02:00,8.792,7.52,21.4975
2020-04-13 03:00:42+02:00,8.221,7.32,21.3191
2020-04-13 03:01:12+02:00,7.822,6.72,21.1944
2020-04-13 03:01:42+02:00,8.091,6.52,21.2784
2020-04-13 03:02:12+02:00,5.156,6.32,20.3612
2020-04-13 03:02:42+02:00,8.218,5.92,21.3181
2020-04-13 03:03:12+02:00,5.793,6.72,20.5603
2020-04-13 03:03:42+02:00,6.786,6.32,20.8706
2020-04-13 03:04:12+02:00,6.627,5.32,20.8209
2020-04-13 03:04:42+02:00,8.834,4.92,21.5106
2020-04-13 03:05:12+02:00,7.708,5.32,21.1588
2020-04-13 03:05:42+02:00,7.745,4.92,21.1703
2020-04-13 03:06:12+02:00,8.725,4.52,21.4766
2020-04-13 03:06:42+02:00,8.634,4.52,21.4481
2020-04-13 03:07:12+02:00,7.099,3.92,20.9684
2020-04-13 03:07:42+02:00,5.19,4.32,20.3719
2020-04-13 03:08:12+02:00,7.214,4.12,21.0044
2020-04-13 03:08:42+02:00,7.819,4.52,21.1934
2020-04-13 03:09:12+02:00,7.444,5.12,21.0763
2020-04-13 03:09:43+02:00,5.671,5.52,20.5222
2020-04-13 03:10:13+02:00,6.751,5.32,20.8597
2020-04-13 03:10:43+02:00,6.678,5.32,20.8369
2020-04-13 03:11:13+02:00,5.773,5.52,20.5541
2020-04-13 03:11:43+02:00,5.899,5.72,20.5934
2020-04-13 03:12:13+02:00,7.414,5.52,21.0669
2020-04-13 03:12:43+02:00,6.377,5.32,20.7428
2020-04-13 03:13:13+02:00,7.37,4.92,21.0531
2020-04-13 03:13:43+02:00,5.014,5.32,20.3169
2020-04-13 03:14:13+02:00,7.5,4.92,21.0938
2020-04-13 03:14:43+02:00,6.569,4.92,20.8028
2020-04-13 03:15:13+02:00,7.98,4.92,21.2437
2020-04-13 03:15:43+02:00,8.995,3.92,21.5609
2020-04-13 03:16:13+02:00,6.111,4.32,20.6597
2020-04-13 03:16:43+02:00,7.231,4.52,21.0097
2020-04-13 03:17:13+02:00,5.602,4.92,20.5006
2020-04-13 03:17:43+02:00,8.087,4.52,21.2772
2020-04-13 03:18:13+02:00,5.368,5.12,20.4275
2020-04-13 03:18:43+02:00,7.164,4.92,20.9888
2020-04-13 03:19:13+02:00,8.886,5.52,21.5269
2020-04-13 03:19:43+02:00,7.884,5.92,21.2138
2020-04-13 03:20:13+02:00,6.79,5.32,20.8719
2020-04-13 03:20:43+02:00,8.859,5.92,21.5184
2020-04-13 03:21:13+02:00,8.473,6.92,21.3978
2020-04-13 03:21:43+02:00,6.372,7.52,20.7412
2020-04-13 03:22:13+02:00,7.937,7.52,21.2303
2020-04-13 03:22:43+02:00,7.664,7.32,21.145
2020-04-13 03:23:13+02:00,5.041,6.52,20.3253
2020-04-13 03:23:43+02:00,5.02,6.92,20.3188
2020-04-13 03:24:14+02:00,7.429,7.32,21.0716
2020-04-13 03:24:44+02:00,8.423,7.12,21.3822
2020-04-13 03:25:14+02:00,7.525,7.32,21.1016
2020-04-13 03:25:44+02:00,8.1,6.52,21.2812
2020-04-13 03:26:14+02:00,7.112,6.72,20.9725
2020-04-13 03:26:44+02:00,5.388,6.52,20.4338
2020-04-13 03:27:14+02:00,6.54,5.92,20.7938
2020-04-13 03:27:44+02:00,8.633,6.52,21.4478
2020-04-13 03:28:14+02:00,8.251,5.92,21.3284
2020-04-13 03:28:44+02:00,7.463,6.32,21.0822
2020-04-13 03:29:14+02:00,7.473,5.32,21.0853
2020-04-13 03:29:44+02:00,7.905,5.32,21.2203
2020-04-13 03:30:14+02:00,6.031,5.92,20.6347
2020-04-13 03:30:44+02:00,8.437,6.52,21.3866
2020-04-13 03:31:14+02:00,8.571,5.92,21.4284
2020-04-13 03:31:44+02:00,8.706,6.52,21.4706
2020-04-13 03:32:14+02:00,6.578,7.52,20.8056
2020-04-13 03:32:44+02:00,8.77,8.72,21.4906
2020-04-13 03:33:14+02:00,5.943,8.32,20.6072
2020-04-13 03:33:44+02:00,7.303,8.12,21.0322
2020-04-13 03:34:14+02:00,6.318,7.52,20.7244
2020-04-13 03:34:44+02:00,5.283,7.32,20.4009
2020-04-13 03:35:14+02:00,5.114,7.12,20.3481
2020-04-13 03:35:44+02:00,5.77,6.72,20.5531
2020-04-13 03:36:14+02:00,7.325,6.52,21.0391
2020-04-13 03:36:44+02:00,6.995,7.12,20.9359
2020-04-13 03:37:14+02:00,7.204,7.12,21.0012
2020-04-13 03:37:44+02:00,7.519,7.12,21.0997
2020-04-13 03:38:14+02:00,6.976,6.52,20.93
2020-04-13 03:38:45+02:00,8.401,5.72,21.3753
2020-04-13 03:39:15+02:00,5.563,6.72,20.4884
2020-04-13 03:39:45+02:00,6.639,6.92,20.8247
2020-04-13 03:40:15+02:00,5.546,6.92,20.4831
2020-04-13 03:40:45+02:00,8.413,5.72,21.3791
2020-04-13 03:41:15+02:00,7.172,5.72,20.9912
2020-04-13 03:41:45+02:00,5.257,5.92,20.3928
2020-04-13 03:42:15+02:00,8.472,6.32,21.3975
2020-04-13 03:42:45+02:00,7.259,5.92,21.0184
2020-04-13 03:43:15+02:00,5.238,5.92,20.3869
2020-04-13 03:43:45+02:00,6.328,5.52,20.7275
2020-04-13 03:44:15+02:00,6.056,4.92,20.6425
2020-04-13 03:44:45+02:00,8.945,3.92,21.5453
2020-04-13 03:45:15+02:00,8.149,4.52,21.2966
2020-04-13 03:45:45+02:00,6.691,4.12,20.8409
2020-04-13 03:46:15+02:00,7.796,4.52,21.1863
2020-04-13 03:46:45+02:00,7.634,3.92,21.1356
2020-04-13 03:47:15+02:00,5.388,4.12,20.4338
2020-04-13 03:47:45+02:00,7.778,4.12,21.1806
2020-04-13 03:48:15+02:00,5.676,4.52,20.5238
2020-04-13 03:48:45+02:00,5.283,5.72,20.4009
2020-04-13 03:49:15+02:00,7.706,5.72,21.1581
2020-04-13 03:49:45+02:00,5.816,5.72,20.5675
2020-04-13 03:50:15+02:00,8.016,5.92,21.255
2020-04-13 03:50:45+02:00,6.691,5.72,20.8409
2020-04-13 03:51:15+02:00,6.044,5.12,20.6388
2020-04-13 03:51:45+02:00,7.6,5.52,21.125
2020-04-13 03:52:15+02:00,5.118,4.92,20.3494
2020-04-13 03:52:45+02:00,5.729,4.12,20.5403
2020-04-13 03:53:16+02:00,7.96,3.92,21.2375
2020-04-13 03:53:46+02:00,8.07,4.32,21.2719
2020-04-13 03:54:16+02:00,8.043,4.12,21.2634
2020-04-13 03:54:46+02:00,6.873,4.32,20.8978
2020-04-13 03:55:16+02:00,6.714,3.92,20.8481
2020-04-13 03:55:46+02:00,8.308,3.92,21.3463
2020-04-13 03:56:16+02:00,8.252,4.12,21.3288
2020-04-13 03:56:46+02:00,8.724,4.52,21.4762
2020-04-13 03:57:16+02:00,6.429,4.92,20.7591
2020-04-13 03:57:46+02:00,8.902,4.52,21.5319
2020-04-13 03:58:16+02:00,8.533,4.52,21.4166
2020-04-13 03:58:46+02:00,5.154,5.12,20.3606
2020-04-13 03:59:16+02:00,7.62,4.52,21.1313
2020-04-13 03:59:46+02:00,5.833,4.12,20.5728
2020-04-13 04:00:16+02:00,6.752,4.52,20.86
2020-04-13 04:00:46+02:00,7.287,3.92,21.0272
2020-04-13 04:01:16+02:00,7.585,4.52,21.1203
2020-04-13 04:01:46+02:00,6.98,4.72,20.9312
2020-04-13 04:02:16+02:00,7.514,5.72,21.0981
2020-04-13 04:02:46+02:00,5.897,5.52,20.5928
2020-04-13 04:03:16+02:00,6.755,5.12,20.8609
2020-04-13 04:03:46+02:00,7.543,4.32,21.1072
2020-04-13 04:04:16+02:00,6.27,4.52,20.7094
2020-04-13 04:04:46+02:00,7.481,4.52,21.0878
2020-04-13 04:05:16+02:00,7.433,4.92,21.0728
2020-04-13 04:05:46+02:00,7.905,4.92,21.2203
2020-04-13 04:06:16+02:00,8.258,4.32,21.3306
2020-04-13 04:06:46+02:00,5.316,4.72,20.4112
2020-04-13 04:07:17+02:00,8.387,4.72,21.3709
2020-04-13 04:07:47+02:00,6.92,4.32,20.9125
2020-04-13 04:08:17+02:00,6.773,4.12,20.8666
2020-04-13 04:08:47+02:00,8.061,4.92,21.2691
2020-04-13 04:09:17+02:00,7.589,5.12,21.1216
2020-04-13 04:09:47+02:00,6.03,5.32,20.6344
2020-04-13 04:10:17+02:00,8.731,4.92,21.4784
2020-04-13 04:10:47+02:00,5.044,4.92,20.3263
2020-04-13 04:11:17+02:00,6.657,4.12,20.8303
2020-04-13 04:11:47+02:00,6.707,3.92,20.8459
2020-04-13 04:12:17+02:00,5.753,3.92,20.5478
2020-04-13 04:12:47+02:00,6.157,4.52,20.6741
2020-04-13 04:13:17+02:00,8.135,4.32,21.2922
2020-04-13 04:13:47+02:00,7.401,4.52,21.0628
2020-04-13 04:14:17+02:00,8.949,5.32,21.5466
2020-04-13 04:14:47+02:00,5.392,5.92,20.435
2020-04-13 04:15:17+02:00,8.154,6.52,21.2981
2020-04-13 04:15:47+02:00,6.159,6.92,20.6747
2020-04-13 04:16:17+02:00,8.827,6.92,21.5084
2020-04-13 04:16:47+02:00,7.237,6.32,21.0116
2020-04-13 04:17:17+02:00,7.025,5.72,20.9453
2020-04-13 04:17:47+02:00,7.021,5.12,20.9441
2020-04-13 04:18:17+02:00,6.075,4.32,20.6484
2020-04-13 04:18:47+02:00,8.607,4.12,21.4397
2020-04-13 04:19:17+02:00,5.197,4.12,20.3741
2020-04-13 04:19:47+02:00,6.923,4.72,20.9134
2020-04-13 04:20:17+02:00,6.986,5.32,20.9331
2020-04-13 04:20:47+02:00,7.622,5.12,21.1319
2020-04-13 04:21:17+02:00,6.322,4.32,20.7256
2020-04-13 04:21:48+02:00,5.692,4.32,20.5287
2020-04-13 04:22:18+02:00,7.528,3.92,21.1025
2020-04-13 04:22:48+02:00,5.21,4.52,20.3781
2020-04-13 04:23:18+02:00,8.501,5.12,21.4066
2020-04-13 04:23:48+02:00,5.901,5.32,20.5941
2020-04-13 04:24:18+02:00,6.3,5.72,20.7188
2020-04-13 04:24:48+02:00,8.699,6.12,21.4684
2020-04-13 04:25:18+02:00,5.538,6.32,20.4806
2020-04-13 04:25:48+02:00,6.573,5.72,20.8041
2020-04-13 04:26:18+02:00,5.985,4.92,20.6203
2020-04-13 04:26:48+02:00,5.258,5.32,20.3931
2020-04-13 04:27:18+02:00,8.271,5.92,21.3347
2020-04-13 04:27:48+02:00,7.236,6.32,21.0112
2020-04-13 04:28:18+02:00,5.182,5.92,20.3694
2020-04-13 04:28:48+02:00,6.35,5.52,20.7344
2020-04-13 04:29:18+02:00,6.574,5.52,20.8044
2020-04-13 04:29:48+02:00,5.625,5.72,20.5078
2020-04-13 04:30:18+02:00,7.513,5.52,21.0978
2020-04-13 04:30:48+02:00,7.966,5.12,21.2394
2020-04-13 04:31:18+02:00,8.854,4.12,21.5169
2020-04-13 04:31:48+02:00,8.892,3.92,21.5287
2020-04-13 04:32:18+02:00,6.631,4.32,20.8222
2020-04-13 04:32:48+02:00,7.532,4.12,21.1038
2020-04-13 04:33:18+02:00,6.226,4.72,20.6956
2020-04-13 04:33:48+02:00,8.362,3.92,21.3631
2020-04-13 04:34:18+02:00,7.612,4.72,21.1287
2020-04-13 04:34:48+02:00,7.689,4.32,21.1528
2020-04-13 04:35:18+02:00,5.87,4.72,20.5844
2020-04-13 04:35:48+02:00,7.91,4.12,21.2219
2020-04-13 04:36:19+02:00,8.469,4.12,21.3966
2020-04-13 04:36:49+02:00,8.597,4.52,21.4366
2020-04-13 04:37:19+02:00,8.143,4.12,21.2947
2020-04-13 04:37:49+02:00,6.799,4.72,20.8747
2020-04-13 04:38:19+02:00,7.381,4.92,21.0566
2020-04-13 04:38:49+02:00,7.409,4.32,21.0653
2020-04-13 04:39:19+02:00,7.967,4.72,21.2397
2020-04-13 04:39:49+02:00,6.104,5.12,20.6575
2020-04-13 04:40:19+02:00,6.082,4.92,20.6506
2020-04-13 04:40:49+02:00,6.251,5.32,20.7034
2020-04-13 04:41:19+02:00,7.515,4.52,21.0984
2020-04-13 04:41:49+02:00,5.099,4.52,20.3434
2020-04-13 04:42:19+02:00,8.387,4.52,21.3709
2020-04-13 04:42:49+02:00,8.136,5.12,21.2925
2020-04-13 04:43:19+02:00,8.86,5.92,21.5187
2020-04-13 04:43:49+02:00,8.204,6.32,21.3137
2020-04-13 04:44:19+02:00,6.235,6.72,20.6984
2020-04-13 04:44:49+02:00,6.123,8.52,20.6634
2020-04-13 04:45:19+02:00,5.481,9.12,20.4628
2020-04-13 04:45:49+02:00,5.008,9.12,20.315
2020-04-13 04:46:19+02:00,5.863,9.92,20.5822
2020-04-13 04:46:49+02:00,6.937,9.52,20.9178
2020-04-13 04:47:19+02:00,8.169,9.12,21.3028
2020-04-13 04:47:49+02:00,6.483,9.32,20.7759
2020-04-13 04:48:19+02:00,8.385,9.52,21.3703
2020-04-13 04:48:49+02:00,7.518,9.92,21.0994
2020-04-13 04:49:19+02:00,7.179,10.52,20.9934
2020-04-13 04:49:49+02:00,6.861,11.32,20.8941
2020-04-13 04:50:19+02:00,6.521,11.52,20.7878
2020-04-13 04:50:50+02:00,7.838,12.32,21.1994
2020-04-13 04:51:20+02:00,7.324,12.92,21.0387
2020-04-13 04:51:50+02:00,7.162,12.92,20.9881
2020-04-13 04:52:20+02:00,6.137,12.52,20.6678
2020-04-13 04:52:50+02:00,8.197,12.72,21.3116
2020-04-13 04:53:20+02:00,7.481,11.92,21.0878
2020-04-13 04:53:50+02:00,5.408,11.52,20.44
2020-04-13 04:54:20+02:00,5.347,11.72,20.4209
2020-04-13 04:54:50+02:00,8.266,11.92,21.3331
2020-04-13 04:55:20+02:00,7.157,12.12,20.9866
2020-04-13 04:55:50+02:00,7.781,11.92,21.1816
2020-04-13 04:56:20+02:00,6.342,11.52,20.7319
2020-04-13 04:56:50+02:00,5.8,11.72,20.5625
2020-04-13 04:57:20+02:00,7.935,11.32,21.2297
2020-04-13 04:57:50+02:00,8.111,10.72,21.2847
2020-04-13 04:58:20+02:00,5.83,10.32,20.5719
2020-04-13 04:58:50+02:00,8.713,11.12,21.4728
2020-04-13 04:59:20+02:00,8.331,11.52,21.3534
2020-04-13 04:59:50+02:00,5.554,11.72,20.4856
2020-04-13 05:00:20+02:00,6.554,11.92,20.7981
2020-04-13 05:00:50+02:00,5.227,12.32,20.3834
2020-04-13 05:01:20+02:00,5.91,12.32,20.5969
2020-04-13 05:01:50+02:00,5.299,12.12,20.4059
2020-04-13 05:02:20+02:00,5.781,12.32,20.5566
2020-04-13 05:02:51+02:00,8.523,12.62,21.4134
2020-04-13 05:03:21+02:00,8.281,11.82,21.3378
2020-04-13 05:03:51+02:00,7.771,11.22,21.1784
2020-04-13 05:04:21+02:00,8.287,11.82,21.3397
2020-04-13 05:04:51+02:00,6.965,12.22,20.9266
2020-04-13 05:05:22+02:00,7.774,12.42,21.1794
2020-04-13 05:05:52+02:00,5.963,12.62,20.6134
2020-04-13 05:06:22+02:00,5.726,12.42,20.5394
2020-04-13 05:06:52+02:00,5.882,13.22,20.5881
2020-04-13 05:07:22+02:00,7.907,11.82,21.2209
2020-04-13 05:07:52+02:00,7.715,11.82,21.1609
2020-04-13 05:08:22+02:00,5.035,11.42,20.3234
2020-04-13 05:08:52+02:00,6.91,11.82,20.9094
2020-04-13 05:09:22+02:00,6.423,12.02,20.7572
2020-04-13 05:09:52+02:00,6.484,11.62,20.7763
2020-04-13 05:10:22+02:00,6.783,11.62,20.8697
2020-04-13 05:10:52+02:00,5.983,12.22,20.6197
2020-04-13 05:11:22+02:00,6.311,11.42,20.7222
2020-04-13 05:11:52+02:00,6.035,11.22,20.6359
2020-04-13 05:12:22+02:00,5.425,11.42,20.4453
2020-04-13 05:12:52+02:00,8.943,10.82,21.5447
2020-04-13 05:13:22+02:00,6.675,10.62,20.8359
2020-04-13 05:13:52+02:00,7.402,10.02,21.0631
2020-04-13 05:14:22+02:00,8.866,9.82,21.5206
2020-04-13 05:14:52+02:00,6.443,10.02,20.7634
2020-04-13 05:15:22+02:00,6.112,9.22,20.66
2020-04-13 05:15:52+02:00,8.241,9.02,21.3253
2020-04-13 05:16:22+02:00,5.67,9.62,20.5219
2020-04-13 05:16:52+02:00,8.878,9.82,21.5244
2020-04-13 05:17:22+02:00,5.99,10.02,20.6219
2020-04-13 05:17:52+02:00,7.217,10.42,21.0053
2020-04-13 05:18:22+02:00,7.579,10.62,21.1184
2020-04-13 05:18:52+02:00,6.285,11.42,20.7141
2020-04-13 05:19:22+02:00,7.511,11.02,21.0972
2020-04-13 05:19:53+02:00,8.285,11.42,21.3391
2020-04-13 05:20:23+02:00,7.265,11.42,21.0203
2020-04-13 05:20:53+02:00,7.24,11.82,21.0125
2020-04-13 05:21:23+02:00,6.03,12.62,20.6344
2020-04-13 05:21:53+02:00,6.59,12.82,20.8094
2020-04-13 05:22:23+02:00,8.877,12.82,21.5241
2020-04-13 05:22:53+02:00,5.075,12.82,20.3359
2020-04-13 05:23:23+02:00,5.538,12.42,20.4806
2020-04-13 05:23:53+02:00,6.024,12.82,20.6325
2020-04-13 05:24:23+02:00,5.734,13.22,20.5419
2020-04-13 05:24:53+02:00,7.644,14.62,21.1388
2020-04-13 05:25:23+02:00,6.562,14.42,20.8006
2020-04-13 05:25:53+02:00,7.794,13.62,21.1856
2020-04-13 05:26:23+02:00,7.377,14.22,21.0553
2020-04-13 05:26:53+02:00,5.489,14.62,20.4653
2020-04-13 05:27:23+02:00,6.802,13.82,20.8756
2020-04-13 05:27:53+02:00,6.102,13.42,20.6569
2020-04-13 05:28:23+02:00,8.479,12.62,21.3997
2020-04-13 05:28:53+02:00,8.695,12.62,21.4672
2020-04-13 05:29:23+02:00,8.24,12.62,21.325
2020-04-13 05:29:53+02:00,8.671,13.02,21.4597
2020-04-13 05:30:23+02:00,5.545,13.42,20.4828
2020-04-13 05:30:53+02:00,7.248,12.82,21.015
2020-04-13 05:31:23+02:00,6.338,12.42,20.7306
2020-04-13 05:31:53+02:00,8.083,12.02,21.2759
2020-04-13 05:32:23+02:00,5.474,10.82,20.4606
2020-04-13 05:32:53+02:00,5.499,11.22,20.4684
2020-04-13 05:33:23+02:00,7.15,10.42,20.9844
2020-04-13 05:33:53+02:00,5.697,10.82,20.5303
2020-04-13 05:34:24+02:00,5.174,10.62,20.3669
2020-04-13 05:34:54+02:00,7.294,10.82,21.0294
2020-04-13 05:35:24+02:00,5.904,10.62,20.595
2020-04-13 05:35:54+02:00,6.489,10.82,20.7778
2020-04-13 05:36:24+02:00,6.368,9.42,20.74
2020-04-13 05:36:54+02:00,8.466,8.42,21.3956
2020-04-13 05:37:24+02:00,7.738,9.22,21.1681
2020-04-13 05:37:54+02:00,6.077,8.02,20.6491
2020-04-13 05:38:24+02:00,8.007,8.22,21.2522
2020-04-13 05:38:54+02:00,5.33,9.22,20.4156
2020-04-13 05:39:24+02:00,8.938,9.02,21.5431
2020-04-13 05:39:54+02:00,7.18,8.62,20.9937
2020-04-13 05:40:24+02:00,6.377,8.82,20.7428
2020-04-13 05:40:54+02:00,7.494,8.22,21.0919
2020-04-13 05:41:24+02:00,7.962,7.82,21.2381
2020-04-13 05:41:54+02:00,7.373,8.42,21.0541
2020-04-13 05:42:24+02:00,5.966,8.42,20.6144
2020-04-13 05:42:54+02:00,8.406,8.42,21.3769
2020-04-13 05:43:24+02:00,8.432,8.62,21.385
2020-04-13 05:43:54+02:00,8.667,9.02,21.4584
2020-04-13 05:44:24+02:00,8.251,9.02,21.3284
2020-04-13 05:44:54+02:00,7.888,9.62,21.215
2020-04-13 05:45:24+02:00,5.513,9.62,20.4728
2020-04-13 05:45:54+02:00,6.527,8.82,20.7897
2020-04-13 05:46:24+02:00,5.519,8.42,20.4747
2020-04-13 05:46:54+02:00,8.286,8.62,21.3394
2020-04-13 05:47:24+02:00,5.155,8.82,20.3609
2020-04-13 05:47:54+02:00,5.756,7.82,20.5487
2020-04-13 05:48:24+02:00,5.05,6.62,20.3281
2020-04-13 05:48:55+02:00,7.017,5.62,20.9428
2020-04-13 05:49:25+02:00,5.974,5.42,20.6169
2020-04-13 05:49:55+02:00,5.658,6.02,20.5181
2020-04-13 05:50:25+02:00,8.844,5.42,21.5138
2020-04-13 05:50:55+02:00,5.921,5.82,20.6003
2020-04-13 05:51:25+02:00,6.018,5.42,20.6306
2020-04-13 05:51:55+02:00,8.692,5.82,21.4662
2020-04-13 05:52:25+02:00,5.441,5.62,20.4503
2020-04-13 05:52:55+02:00,8.744,5.82,21.4825
2020-04-13 05:53:25+02:00,6.003,6.02,20.6259
2020-04-13 05:53:55+02:00,8.683,6.22,21.4634
2020-04-13 05:54:25+02:00,5.082,6.82,20.3381
2020-04-13 05:54:55+02:00,5.773,6.62,20.5541
2020-04-13 05:55:25+02:00,8.652,6.82,21.4538
2020-04-13 05:55:55+02:00,6.483,7.42,20.7759
2020-04-13 05:56:25+02:00,6.081,8.22,20.6503
2020-04-13 05:56:55+02:00,7.721,8.02,21.1628
2020-04-13 05:57:25+02:00,7.68,8.62,21.15
2020-04-13 05:57:55+02:00,6.884,8.62,20.9013
2020-04-13 05:58:25+02:00,5.167,8.02,20.3647
2020-04-13 05:58:55+02:00,5.442,8.82,20.4506
2020-04-13 05:59:25+02:00,5.489,10.02,20.4653
2020-04-13 05:59:55+02:00,7.359,10.02,21.0497
2020-04-13 06:00:25+02:00,7.308,9.82,21.0338
2020-04-13 06:00:55+02:00,5.867,10.42,20.5834
2020-04-13 06:01:25+02:00,7.36,9.82,21.05
2020-04-13 06:01:55+02:00,8.188,10.82,21.3088
2020-04-13 06:02:25+02:00,7.7,9.82,21.1562
2020-04-13 06:02:55+02:00,5.842,9.22,20.5756
2020-04-13 06:03:26+02:00,8.639,9.62,21.4497
2020-04-13 06:03:56+02:00,6.06,10.02,20.6437
2020-04-13 06:04:26+02:00,5.839,10.02,20.5747
2020-04-13 06:04:56+02:00,5.939,9.62,20.6059
2020-04-13 06:05:26+02:00,6.85,10.02,20.8906
2020-04-13 06:05:56+02:00,5.248,8.62,20.39
2020-04-13 06:06:26+02:00,6.591,8.62,20.8097
2020-04-13 06:06:56+02:00,7.444,8.02,21.0763
2020-04-13 06:07:26+02:00,8.961,9.02,21.5503
2020-04-13 06:07:56+02:00,6.22,9.02,20.6938
2020-04-13 06:08:26+02:00,5.07,7.62,20.3344
2020-04-13 06:08:56+02:00,5.835,7.22,20.5734
2020-04-13 06:09:26+02:00,7.955,6.62,21.2359
2020-04-13 06:09:56+02:00,7.915,7.02,21.2234
2020-04-13 06:10:26+02:00,8.738,7.02,21.4806
2020-04-13 06:10:56+02:00,7.78,7.22,21.1812
2020-04-13 06:11:26+02:00,7.405,8.02,21.0641
2020-04-13 06:11:56+02:00,6.587,7.82,20.8084
2020-04-13 06:12:26+02:00,5.334,7.82,20.4169
2020-04-13 06:12:56+02:00,6.156,7.62,20.6737
2020-04-13 06:13:26+02:00,8.516,8.42,21.4112
2020-04-13 06:13:56+02:00,8.038,8.82,21.2619
2020-04-13 06:14:26+02:00,8.203,9.02,21.3134
2020-04-13 06:14:56+02:00,8.964,9.02,21.5513
2020-04-13 06:15:26+02:00,7.732,9.22,21.1663
2020-04-13 06:15:56+02:00,5.459,9.22,20.4559
2020-04-13 06:16:26+02:00,6.808,9.02,20.8775
2020-04-13 06:16:56+02:00,5.795,9.02,20.5609
2020-04-13 06:17:26+02:00,6.915,9.22,20.9109
2020-04-13 06:17:57+02:00,8.992,8.62,21.56
2020-04-13 06:18:27+02:00,5.322,8.82,20.4131
2020-04-13 06:18:57+02:00,7.633,9.62,21.1353
2020-04-13 06:19:27+02:00,5.101,9.82,20.3441
2020-04-13 06:19:57+02:00,6.129,10.02,20.6653
2020-04-13 06:20:27+02:00,7.982,9.62,21.2444
2020-04-13 06:20:57+02:00,7.426,9.82,21.0706
2020-04-13 06:21:27+02:00,7.824,8.62,21.195
2020-04-13 06:21:57+02:00,8.455,9.02,21.3922
2020-04-13 06:22:27+02:00,6.028,9.42,20.6338
2020-04-13 06:22:57+02:00,7.395,9.62,21.0609
2020-04-13 06:23:27+02:00,8.046,9.62,21.2644
2020-04-13 06:23:57+02:00,8.364,9.82,21.3638
2020-04-13 06:24:27+02:00,5.508,9.42,20.4713
2020-04-13 06:24:57+02:00,7.736,9.02,21.1675
2020-04-13 06:25:27+02:00,8.528,9.02,21.415
2020-04-13 06:25:57+02:00,8.628,9.22,21.4463
2020-04-13 06:26:27+02:00,6.833,8.42,20.8853
2020-04-13 06:26:57+02:00,6.068,8.02,20.6462
2020-04-13 06:27:27+02:00,5.848,8.42,20.5775
2020-04-13 06:27:57+02:00,6.744,8.62,20.8575
2020-04-13 06:28:27+02:00,6.88,9.02,20.9
2020-04-13 06:28:57+02:00,8.088,8.42,21.2775
2020-04-13 06:29:27+02:00,7.409,8.82,21.0653
2020-04-13 06:29:57+02:00,8.317,8.62,21.3491
2020-04-13 06:30:27+02:00,6.105,8.42,20.6578
2020-04-13 06:30:57+02:00,7.372,7.62,21.0537
2020-04-13 06:31:27+02:00,6.884,6.82,20.9013
2020-04-13 06:31:57+02:00,8.963,6.62,21.5509
2020-04-13 06:32:28+02:00,5.087,6.22,20.3397
2020-04-13 06:32:58+02:00,5.315,6.02,20.4109
2020-04-13 06:33:28+02:00,6.402,6.02,20.7506
2020-04-13 06:33:58+02:00,6.643,7.02,20.8259
2020-04-13 06:34:29+02:00,7.803,8.12,21.1884
2020-04-13 06:34:59+02:00,5.592,8.12,20.4975
2020-04-13 06:35:29+02:00,5.923,7.92,20.6009
2020-04-13 06:35:59+02:00,7.827,7.32,21.1959
2020-04-13 06:36:29+02:00,5.763,6.32,20.5509
2020-04-13 06:36:59+02:00,7.543,5.72,21.1072
2020-04-13 06:37:29+02:00,8.84,6.12,21.5125
2020-04-13 06:37:59+02:00,7.392,5.92,21.06
2020-04-13 06:38:29+02:00,5.575,5.52,20.4922
2020-04-13 06:38:59+02:00,5.575,5.32,20.4922
2020-04-13 06:39:29+02:00,7.706,5.72,21.1581
2020-04-13 06:39:59+02:00,6.424,5.92,20.7575
2020-04-13 06:40:29+02:00,7.377,6.52,21.0553
2020-04-13 06:40:59+02:00,6.468,6.12,20.7712
2020-04-13 06:41:29+02:00,6.251,6.12,20.7034
2020-04-13 06:41:59+02:00,6.521,6.52,20.7878
2020-04-13 06:42:29+02:00,7.427,5.92,21.0709
2020-04-13 06:42:59+02:00,5.913,5.32,20.5978
2020-04-13 06:43:29+02:00,7.681,5.72,21.1503
2020-04-13 06:43:59+02:00,5.194,6.32,20.3731
2020-04-13 06:44:29+02:00,8.038,5.92,21.2619
2020-04-13 06:44:59+02:00,7.407,6.72,21.0647
2020-04-13 06:45:29+02:00,6.589,6.12,20.8091
2020-04-13 06:45:59+02:00,7.826,6.32,21.1956
2020-04-13 06:46:29+02:00,5.752,6.12,20.5475
2020-04-13 06:47:00+02:00,6.648,5.32,20.8275
2020-04-13 06:47:30+02:00,7.621,5.72,21.1316
2020-04-13 06:48:00+02:00,7.706,5.52,21.1581
2020-04-13 06:48:30+02:00,5.248,5.52,20.39
2020-04-13 06:49:00+02:00,8.904,4.92,21.5325
2020-04-13 06:49:30+02:00,5.107,4.72,20.3459
2020-04-13 06:50:00+02:00,8.187,4.12,21.3084
2020-04-13 06:50:30+02:00,7.476,4.72,21.0863
2020-04-13 06:51:00+02:00,5.097,5.32,20.3428
2020-04-13 06:51:30+02:00,8.759,5.12,21.4872
2020-04-13 06:52:00+02:00,8.597,5.72,21.4366
2020-04-13 06:52:30+02:00,5.714,5.72,20.5356
2020-04-13 06:53:00+02:00,6.359,5.72,20.7372
2020-04-13 06:53:30+02:00,7.956,5.32,21.2362
2020-04-13 06:54:00+02:00,7.138,5.92,20.9806
2020-04-13 06:54:30+02:00,7.498,6.92,21.0931
2020-04-13 06:55:00+02:00,6.292,6.72,20.7162
2020-04-13 06:55:30+02:00,8.121,6.52,21.2878
2020-04-13 06:56:00+02:00,8.829,6.52,21.5091
2020-04-13 06:56:30+02:00,6.139,6.92,20.6684
2020-04-13 06:57:00+02:00,5.994,7.32,20.6231
2020-04-13 06:57:30+02:00,5.052,7.12,20.3288
2020-04-13 06:58:00+02:00,5.943,6.72,20.6072
2020-04-13 06:58:30+02:00,8.496,6.32,21.405
2020-04-13 06:59:00+02:00,6.439,5.72,20.7622
2020-04-13 06:59:30+02:00,7.002,6.52,20.9381
2020-04-13 07:00:00+02:00,8.343,6.92,21.3572
2020-04-13 07:00:30+02:00,8.077,6.92,21.2741
2020-04-13 07:01:00+02:00,7.068,6.32,20.9587
2020-04-13 07:01:31+02:00,8.346,5.72,21.3581
2020-04-13 07:02:01+02:00,5.243,5.92,20.3884
2020-04-13 07:02:31+02:00,6.191,4.72,20.6847
2020-04-13 07:03:01+02:00,6.394,4.92,20.7481
2020-04-13 07:03:31+02:00,8.219,4.32,21.3184
2020-04-13 07:04:01+02:00,8.317,4.92,21.3491
2020-04-13 07:04:31+02:00,7.906,5.32,21.2206
2020-04-13 07:05:01+02:00,8.708,5.92,21.4713
2020-04-13 07:05:31+02:00,7.739,4.52,21.1684
2020-04-13 07:06:01+02:00,7.997,4.52,21.2491
2020-04-13 07:06:31+02:00,8.211,3.92,21.3159
2020-04-13 07:07:01+02:00,8.565,4.72,21.4266
2020-04-13 07:07:31+02:00,7.543,3.92,21.1072
2020-04-13 07:08:01+02:00,7.435,4.12,21.0734
2020-04-13 07:08:31+02:00,5.317,4.52,20.4116
2020-04-13 07:09:01+02:00,7.53,5.12,21.1031
2020-04-13 07:09:31+02:00,7.128,5.52,20.9775
2020-04-13 07:10:01+02:00,8.796,5.52,21.4988
2020-04-13 07:10:31+02:00,5.951,5.72,20.6097
2020-04-13 07:11:01+02:00,5.68,5.92,20.525
2020-04-13 07:11:31+02:00,5.408,5.92,20.44
2020-04-13 07:12:01+02:00,8.971,5.52,21.5534
2020-04-13 07:12:31+02:00,6.078,5.32,20.6494
2020-04-13 07:13:01+02:00,8.426,4.92,21.3831
2020-04-13 07:13:31+02:00,8.773,4.12,21.4916
2020-04-13 07:14:01+02:00,6.382,4.12,20.7444
2020-04-13 07:14:31+02:00,7.795,4.12,21.1859
2020-04-13 07:15:01+02:00,7.967,4.32,21.2397
2020-04-13 07:15:31+02:00,5.896,5.12,20.5925
2020-04-13 07:16:02+02:00,6.2,5.52,20.6875
2020-04-13 07:16:32+02:00,7.554,5.12,21.1106
2020-04-13 07:17:02+02:00,8.021,5.32,21.2566
2020-04-13 07:17:32+02:00,7.442,4.92,21.0756
2020-04-13 07:18:02+02:00,6.805,5.92,20.8766
2020-04-13 07:18:32+02:00,8.114,6.72,21.2856
2020-04-13 07:19:02+02:00,7.54,6.92,21.1063
2020-04-13 07:19:32+02:00,7.014,6.12,20.9419
2020-04-13 07:20:02+02:00,8.811,6.32,21.5034
2020-04-13 07:20:32+02:00,8.777,5.72,21.4928
2020-04-13 07:21:02+02:00,7.073,5.52,20.9603
2020-04-13 07:21:32+02:00,7.214,4.92,21.0044
2020-04-13 07:22:02+02:00,7.188,4.92,20.9963
2020-04-13 07:22:32+02:00,5.279,5.12,20.3997
2020-04-13 07:23:02+02:00,7.433,5.12,21.0728
2020-04-13 07:23:32+02:00,6.076,4.12,20.6488
2020-04-13 07:24:02+02:00,6.587,3.92,20.8084
2020-04-13 07:24:32+02:00,8.389,4.12,21.3716
2020-04-13 07:25:02+02:00,6.568,4.92,20.8025
2020-04-13 07:25:32+02:00,5.463,5.32,20.4572
2020-04-13 07:26:02+02:00,5.379,5.32,20.4309
2020-04-13 07:26:32+02:00,8.044,6.12,21.2638
2020-04-13 07:27:02+02:00,5.823,7.32,20.5697
2020-04-13 07:27:32+02:00,7.283,8.12,21.0259
2020-04-13 07:28:02+02:00,7.703,7.72,21.1572
2020-04-13 07:28:32+02:00,8.128,6.52,21.29
2020-04-13 07:29:02+02:00,8.862,6.12,21.5194
2020-04-13 07:29:32+02:00,5.223,5.32,20.3822
2020-04-13 07:30:02+02:00,5.101,4.72,20.3441
2020-04-13 07:30:33+02:00,8.883,4.52,21.5259
2020-04-13 07:31:03+02:00,7.857,4.32,21.2053
2020-04-13 07:31:33+02:00,5.828,4.72,20.5713
2020-04-13 07:32:03+02:00,5.827,5.12,20.5709
2020-04-13 07:32:33+02:00,5.098,3.92,20.3431
2020-04-13 07:33:03+02:00,6.122,4.32,20.6631
2020-04-13 07:33:33+02:00,6.057,4.12,20.6428
2020-04-13 07:34:03+02:00,5.758,4.32,20.5494
2020-04-13 07:34:33+02:00,8.777,4.92,21.4928
2020-04-13 07:35:03+02:00,7.577,5.72,21.1178
2020-04-13 07:35:33+02:00,5.858,5.12,20.5806
2020-04-13 07:36:03+02:00,6.171,4.52,20.6784
2020-04-13 07:36:33+02:00,7.012,5.12,20.9412
2020-04-13 07:37:03+02:00,5.4,5.12,20.4375
2020-04-13 07:37:33+02:00,7.686,4.52,21.1519
2020-04-13 07:38:03+02:00,6.313,5.52,20.7228
2020-04-13 07:38:33+02:00,7.601,6.12,21.1253
2020-04-13 07:39:03+02:00,7.72,6.32,21.1625
2020-04-13 07:39:33+02:00,6.503,7.72,20.7822
2020-04-13 07:40:03+02:00,7.635,8.12,21.1359
2020-04-13 07:40:33+02:00,5.382,7.32,20.4319
2020-04-13 07:41:03+02:00,5.061,7.92,20.3316
2020-04-13 07:41:33+02:00,6.331,8.32,20.7284
2020-04-13 07:42:03+02:00,8.73,9.32,21.4781
2020-04-13 07:42:33+02:00,5.756,8.52,20.5487
2020-04-13 07:43:03+02:00,7.446,9.32,21.0769
2020-04-13 07:43:33+02:00,6.258,9.12,20.7056
2020-04-13 07:44:03+02:00,6.792,8.92,20.8725
2020-04-13 07:44:33+02:00,8.442,7.32,21.3881
2020-04-13 07:45:04+02:00,5.254,7.72,20.3919
2020-04-13 07:45:34+02:00,5.655,7.72,20.5172
2020-04-13 07:46:04+02:00,7.698,8.12,21.1556
2020-04-13 07:46:34+02:00,6.581,7.92,20.8066
2020-04-13 07:47:04+02:00,5.535,7.52,20.4797
2020-04-13 07:47:34+02:00,7.994,7.92,21.2481
2020-04-13 07:48:04+02:00,7.44,6.92,21.075
2020-04-13 07:48:34+02:00,7.71,7.12,21.1594
2020-04-13 07:49:04+02:00,7.138,7.52,20.9806
2020-04-13 07:49:34+02:00,7.238,8.32,21.0119
2020-04-13 07:50:04+02:00,5.595,7.32,20.4984
2020-04-13 07:50:34+02:00,6.543,7.32,20.7947
2020-04-13 07:51:04+02:00,8.706,7.12,21.4706
2020-04-13 07:51:34+02:00,8.352,7.32,21.36
2020-04-13 07:52:04+02:00,8.761,7.92,21.4878
2020-04-13 07:52:34+02:00,8.955,8.72,21.5484
2020-04-13 07:53:04+02:00,5.325,8.12,20.4141
2020-04-13 07:53:34+02:00,5.025,8.52,20.3203
2020-04-13 07:54:04+02:00,7.654,9.12,21.1419
2020-04-13 07:54:34+02:00,7.658,9.32,21.1431
2020-04-13 07:55:04+02:00,7.212,8.72,21.0037
2020-04-13 07:55:34+02:00,8.459,8.32,21.3934
2020-04-13 07:56:04+02:00,6.701,8.92,20.8441
2020-04-13 07:56:34+02:00,8.898,9.92,21.5306
2020-04-13 07:57:04+02:00,5.025,10.52,20.3203
2020-04-13 07:57:34+02:00,7.895,11.12,21.2172
2020-04-13 07:58:04+02:00,6.833,10.92,20.8853
2020-04-13 07:58:34+02:00,6.526,10.92,20.7894
2020-04-13 07:59:04+02:00,6.607,10.52,20.8147
2020-04-13 07:59:35+02:00,5.596,10.92,20.4988
2020-04-13 08:00:05+02:00,6.233,10.52,20.6978
2020-04-13 08:00:35+02:00,8.375,10.12,21.3672
2020-04-13 08:01:05+02:00,6.993,10.72,20.9353
2020-04-13 08:01:35+02:00,7.227,9.52,21.0084
2020-04-13 08:02:05+02:00,8.237,9.72,21.3241
2020-04-13 08:02:35+02:00,6.806,8.92,20.8769
2020-04-13 08:03:05+02:00,8.351,10.12,21.3597
2020-04-13 08:03:35+02:00,8.816,10.12,21.505
2020-04-13 08:04:05+02:00,7.954,10.52,21.2356
2020-04-13 08:04:35+02:00,7.385,10.72,21.0578
2020-04-13 08:05:05+02:00,5.946,10.52,20.6081
2020-04-13 08:05:35+02:00,7.3,11.52,21.0312
2020-04-13 08:06:05+02:00,6.805,11.72,20.8766
2020-04-13 08:06:35+02:00,8.094,12.12,21.2794
2020-04-13 08:07:05+02:00,5.526,12.72,20.4769
2020-04-13 08:07:35+02:00,5.524,11.72,20.4762
2020-04-13 08:08:05+02:00,7.555,11.52,21.1109
2020-04-13 08:08:35+02:00,6.048,11.72,20.64
2020-04-13 08:09:05+02:00,7.276,10.92,21.0238
2020-04-13 08:09:35+02:00,6.165,10.92,20.6766
2020-04-13 08:10:05+02:00,8.911,11.32,21.5347
2020-04-13 08:10:35+02:00,5.553,11.32,20.4853
2020-04-13 08:11:05+02:00,7.864,11.32,21.2075
2020-04-13 08:11:35+02:00,8.548,12.32,21.4212
2020-04-13 08:12:05+02:00,8.8,13.12,21.5
2020-04-13 08:12:35+02:00,8.758,13.92,21.4869
2020-04-13 08:13:05+02:00,7.174,14.12,20.9919
2020-04-13 08:13:35+02:00,5.865,14.12,20.5828
2020-04-13 08:14:06+02:00,6.246,13.32,20.7019
2020-04-13 08:14:36+02:00,7.046,13.32,20.9519
2020-04-13 08:15:06+02:00,5.832,13.32,20.5725
2020-04-13 08:15:36+02:00,7.361,11.92,21.0503
2020-04-13 08:16:06+02:00,8.952,12.12,21.5475
2020-04-13 08:16:36+02:00,6.744,11.92,20.8575
2020-04-13 08:17:06+02:00,7.772,12.72,21.1787
2020-04-13 08:17:36+02:00,5.82,13.12,20.5688
2020-04-13 08:18:06+02:00,5.701,12.12,20.5316
2020-04-13 08:18:36+02:00,7.161,11.72,20.9878
2020-04-13 08:19:06+02:00,7.968,11.52,21.24
2020-04-13 08:19:36+02:00,7.046,12.12,20.9519
2020-04-13 08:20:06+02:00,7.888,12.12,21.215
2020-04-13 08:20:36+02:00,5.389,11.52,20.4341
2020-04-13 08:21:06+02:00,5.449,11.72,20.4528
2020-04-13 08:21:36+02:00,5.772,11.72,20.5537
2020-04-13 08:22:06+02:00,5.021,10.92,20.3191
2020-04-13 08:22:36+02:00,5.249,11.32,20.3903
2020-04-13 08:23:06+02:00,8.239,10.32,21.3247
2020-04-13 08:23:36+02:00,6.876,10.32,20.8988
2020-04-13 08:24:06+02:00,7.869,9.72,21.2091
2020-04-13 08:24:36+02:00,8.584,9.72,21.4325
2020-04-13 08:25:06+02:00,5.511,9.72,20.4722
2020-04-13 08:25:36+02:00,6.463,8.92,20.7697
2020-04-13 08:26:06+02:00,5.537,9.52,20.4803
2020-04-13 08:26:36+02:00,6.534,9.52,20.7919
2020-04-13 08:27:06+02:00,8.378,10.92,21.3681
2020-04-13 08:27:36+02:00,5.399,10.52,20.4372
2020-04-13 08:28:06+02:00,5.692,11.32,20.5287
2020-04-13 08:28:37+02:00,7.745,10.52,21.1703
2020-04-13 08:29:07+02:00,5.895,9.52,20.5922
2020-04-13 08:29:37+02:00,5.513,9.32,20.4728
2020-04-13 08:30:07+02:00,8.396,7.52,21.3738
2020-04-13 08:30:37+02:00,8.03,6.92,21.2594
2020-04-13 08:31:07+02:00,7.785,7.12,21.1828
2020-04-13 08:31:37+02:00,7.535,7.52,21.1047
2020-04-13 08:32:07+02:00,8.073,7.12,21.2728
2020-04-13 08:32:37+02:00,6.489,6.72,20.7778
2020-04-13 08:33:07+02:00,6.86,6.52,20.8937
2020-04-13 08:33:37+02:00,8.996,6.52,21.5613
2020-04-13 08:34:07+02:00,7.679,6.12,21.1497
2020-04-13 08:34:37+02:00,7.144,5.32,20.9825
2020-04-13 08:35:07+02:00,5.045,6.12,20.3266
2020-04-13 08:35:37+02:00,6.771,6.52,20.8659
2020-04-13 08:36:07+02:00,8.661,6.52,21.4566
2020-04-13 08:36:37+02:00,5.178,6.32,20.3681
2020-04-13 08:37:07+02:00,5.867,6.72,20.5834
2020-04-13 08:37:37+02:00,8.415,6.52,21.3797
2020-04-13 08:38:07+02:00,6.603,6.52,20.8134
2020-04-13 08:38:37+02:00,7.959,5.32,21.2372
2020-04-13 08:39:07+02:00,8.601,5.52,21.4378
2020-04-13 08:39:37+02:00,7.188,6.12,20.9963
2020-04-13 08:40:07+02:00,5.555,5.92,20.4859
2020-04-13 08:40:37+02:00,5.138,5.72,20.3556
2020-04-13 08:41:07+02:00,8.846,6.52,21.5144
2020-04-13 08:41:37+02:00,6.223,6.72,20.6947
2020-04-13 08:42:07+02:00,7.244,6.92,21.0138
2020-04-13 08:42:38+02:00,8.024,6.72,21.2575
2020-04-13 08:43:08+02:00,7.064,6.32,20.9575
2020-04-13 08:43:38+02:00,6.427,7.32,20.7584
2020-04-13 08:44:08+02:00,8.866,8.12,21.5206
2020-04-13 08:44:38+02:00,7.207,7.52,21.0022
2020-04-13 08:45:08+02:00,8.42,7.92,21.3813
2020-04-13 08:45:38+02:00,5.828,8.32,20.5713
2020-04-13 08:46:08+02:00,6.348,7.52,20.7337
2020-04-13 08:46:38+02:00,8.199,7.72,21.3122
2020-04-13 08:47:08+02:00,5.044,7.52,20.3263
2020-04-13 08:47:38+02:00,6.192,7.32,20.685
2020-04-13 08:48:08+02:00,8.901,7.52,21.5316
2020-04-13 08:48:38+02:00,7.167,8.12,20.9897
2020-04-13 08:49:08+02:00,5.783,8.32,20.5572
2020-04-13 08:49:38+02:00,8.571,8.12,21.4284
2020-04-13 08:50:08+02:00,8.892,7.72,21.5287
2020-04-13 08:50:38+02:00,8.068,8.32,21.2712
2020-04-13 08:51:08+02:00,5.376,8.32,20.43
2020-04-13 08:51:38+02:00,5.033,9.12,20.3228
2020-04-13 08:52:08+02:00,6.148,8.72,20.6712
2020-04-13 08:52:38+02:00,6.467,8.72,20.7709
2020-04-13 08:53:08+02:00,8.335,9.52,21.3547
2020-04-13 08:53:38+02:00,5.886,9.32,20.5894
2020-04-13 08:54:08+02:00,8.565,8.52,21.4266
2020-04-13 08:54:38+02:00,8.738,8.72,21.4806
2020-04-13 08:55:08+02:00,8.374,8.92,21.3669
2020-04-13 08:55:38+02:00,5.266,8.52,20.3956
2020-04-13 08:56:08+02:00,5.45,8.72,20.4531
2020-04-13 08:56:38+02:00,7.51,8.32,21.0969
2020-04-13 08:57:09+02:00,5.713,7.92,20.5353
2020-04-13 08:57:39+02:00,8.219,9.52,21.3184
2020-04-13 08:58:09+02:00,6.633,10.32,20.8228
2020-04-13 08:58:39+02:00,8.378,10.52,21.3681
2020-04-13 08:59:09+02:00,7.172,10.92,20.9912
2020-04-13 08:59:39+02:00,5.58,10.52,20.4937
2020-04-13 09:00:09+02:00,7.477,10.32,21.0866
2020-04-13 09:00:39+02:00,7.659,9.52,21.1434
2020-04-13 09:01:09+02:00,5.373,8.72,20.4291
2020-04-13 09:01:39+02:00,8.614,8.12,21.4419
2020-04-13 09:02:09+02:00,5.203,8.32,20.3759
2020-04-13 09:02:39+02:00,5.745,7.72,20.5453
2020-04-13 09:03:09+02:00,6.834,7.72,20.8856
2020-04-13 09:03:39+02:00,5.249,8.92,20.3903
2020-04-13 09:04:09+02:00,8.568,8.72,21.4275
2020-04-13 09:04:39+02:00,5.108,9.12,20.3463
2020-04-13 09:05:10+02:00,6.53,10.42,20.7906
2020-04-13 09:05:40+02:00,5.946,10.22,20.6081
2020-04-13 09:06:10+02:00,8.553,10.62,21.4228
2020-04-13 09:06:40+02:00,7.14,10.02,20.9813
2020-04-13 09:07:10+02:00,7.722,10.02,21.1631
2020-04-13 09:07:40+02:00,7.487,9.82,21.0897
2020-04-13 09:08:10+02:00,7.993,10.02,21.2478
2020-04-13 09:08:40+02:00,8.635,10.22,21.4484
2020-04-13 09:09:10+02:00,5.641,11.02,20.5128
2020-04-13 09:09:40+02:00,6.67,11.02,20.8344
2020-04-13 09:10:10+02:00,6.404,11.22,20.7512
2020-04-13 09:10:40+02:00,5.154,10.42,20.3606
2020-04-13 09:11:10+02:00,8.628,10.22,21.4463
2020-04-13 09:11:41+02:00,7.167,10.82,20.9897
2020-04-13 09:12:11+02:00,8.185,10.62,21.3078
2020-04-13 09:12:41+02:00,5.553,9.62,20.4853
2020-04-13 09:13:11+02:00,5.707,10.42,20.5334
2020-04-13 09:13:41+02:00,7.021,10.02,20.9441
2020-04-13 09:14:11+02:00,7.806,9.42,21.1894
2020-04-13 09:14:41+02:00,7.714,9.42,21.1606
2020-04-13 09:15:11+02:00,6.182,9.22,20.6819
2020-04-13 09:15:41+02:00,5.62,9.02,20.5063
2020-04-13 09:16:11+02:00,8.714,8.62,21.4731
2020-04-13 09:16:41+02:00,7.307,8.62,21.0334
2020-04-13 09:17:11+02:00,7.582,8.42,21.1194
2020-04-13 09:17:41+02:00,7.208,9.22,21.0025
2020-04-13 09:18:11+02:00,7.912,9.02,21.2225
2020-04-13 09:18:41+02:00,8.48,10.22,21.4
2020-04-13 09:19:11+02:00,5.073,10.42,20.3353
2020-04-13 09:19:41+02:00,7.067,10.82,20.9584
2020-04-13 09:20:11+02:00,5.643,10.82,20.5134
2020-04-13 09:20:41+02:00,7.528,11.22,21.1025
2020-04-13 09:21:11+02:00,6.023,11.82,20.6322
2020-04-13 09:21:41+02:00,8.623,11.82,21.4447
2020-04-13 09:22:11+02:00,5.228,11.42,20.3838
2020-04-13 09:22:41+02:00,6.152,10.82,20.6725
2020-04-13 09:23:11+02:00,6.228,10.42,20.6963
2020-04-13 09:23:41+02:00,5.98,10.82,20.6187
2020-04-13 09:24:11+02:00,6.29,11.62,20.7156
2020-04-13 09:24:41+02:00,7.465,11.82,21.0828
2020-04-13 09:25:11+02:00,5.461,11.82,20.4566
2020-04-13 09:25:41+02:00,7.426,12.22,21.0706
2020-04-13 09:26:12+02:00,8.11,12.82,21.2844
2020-04-13 09:26:42+02:00,8.814,12.82,21.5044
2020-04-13 09:27:12+02:00,7.743,11.02,21.1697
2020-04-13 09:27:42+02:00,8.509,10.62,21.4091
2020-04-13 09:28:12+02:00,7.606,10.42,21.1269
2020-04-13 09:28:42+02:00,5.512,9.82,20.4725
2020-04-13 09:29:12+02:00,8.54,9.22,21.4188
2020-04-13 09:29:42+02:00,5.931,9.42,20.6034
2020-04-13 09:30:12+02:00,6.108,8.42,20.6588
2020-04-13 09:30:42+02:00,7.434,8.22,21.0731
2020-04-13 09:31:12+02:00,5.947,8.82,20.6084
2020-04-13 09:31:42+02:00,7.021,7.62,20.9441
2020-04-13 09:32:12+02:00,5.073,8.22,20.3353
2020-04-13 09:32:42+02:00,5.88,8.62,20.5875
2020-04-13 09:33:12+02:00,7.628,9.02,21.1338
2020-04-13 09:33:42+02:00,6.975,8.82,20.9297
2020-04-13 09:34:12+02:00,8.343,8.62,21.3572
2020-04-13 09:34:42+02:00,8.727,9.42,21.4772
2020-04-13 09:35:12+02:00,5.587,9.42,20.4959
2020-04-13 09:35:42+02:00,8.226,9.22,21.3206
2020-04-13 09:36:12+02:00,6.726,9.62,20.8519
2020-04-13 09:36:42+02:00,6.642,10.02,20.8256
2020-04-13 09:37:12+02:00,8.801,10.82,21.5003
2020-04-13 09:37:42+02:00,6.294,9.82,20.7169
2020-04-13 09:38:12+02:00,7.243,10.42,21.0134
2020-04-13 09:38:42+02:00,5.405,9.82,20.4391
2020-04-13 09:39:12+02:00,5.568,8.82,20.49
2020-04-13 09:39:42+02:00,8.504,9.42,21.4075
2020-04-13 09:40:13+02:00,6.968,10.22,20.9275
2020-04-13 09:40:43+02:00,6.29,9.82,20.7156
2020-04-13 09:41:13+02:00,7.435,9.42,21.0734
2020-04-13 09:41:43+02:00,7.251,9.42,21.0159
2020-04-13 09:42:13+02:00,8.116,9.02,21.2862
2020-04-13 09:42:43+02:00,6.674,9.62,20.8356
2020-04-13 09:43:13+02:00,7.4,10.22,21.0625
2020-04-13 09:43:43+02:00,8.42,10.02,21.3813
2020-04-13 09:44:13+02:00,6.964,10.42,20.9263
2020-04-13 09:44:43+02:00,5.455,10.02,20.4547
2020-04-13 09:45:13+02:00,7.339,10.22,21.0434
2020-04-13 09:45:43+02:00,6.52,10.02,20.7875
2020-04-13 09:46:13+02:00,7.067,10.42,20.9584
2020-04-13 09:46:43+02:00,8.936,9.82,21.5425
2020-04-13 09:47:13+02:00,6.331,9.62,20.7284
2020-04-13 09:47:43+02:00,6.018,10.42,20.6306
2020-04-13 09:48:13+02:00,7.13,11.22,20.9781
2020-04-13 09:48:43+02:00,5.425,11.22,20.4453
2020-04-13 09:49:13+02:00,8.966,11.82,21.5519
2020-04-13 09:49:43+02:00,5.161,11.02,20.3628
2020-04-13 09:50:13+02:00,6.99,11.82,20.9344
2020-04-13 09:50:43+02:00,7.453,11.82,21.0791
2020-04-13 09:51:13+02:00,8.13,12.62,21.2906
2020-04-13 09:51:43+02:00,6.724,12.42,20.8512
2020-04-13 09:52:13+02:00,5.715,12.02,20.5359
2020-04-13 09:52:43+02:00,7.535,11.62,21.1047
2020-04-13 09:53:13+02:00,8.816,11.62,21.505
2020-04-13 09:53:43+02:00,8.272,11.02,21.335
2020-04-13 09:54:13+02:00,7.424,11.42,21.07
2020-04-13 09:54:44+02:00,5.689,11.62,20.5278
2020-04-13 09:55:14+02:00,6.215,11.42,20.6922
2020-04-13 09:55:44+02:00,5.251,11.62,20.3909
2020-04-13 09:56:14+02:00,8.151,11.62,21.2972
2020-04-13 09:56:44+02:00,7.64,12.02,21.1375
2020-04-13 09:57:14+02:00,7.422,11.82,21.0694
2020-04-13 09:57:44+02:00,5.842,11.22,20.5756
2020-04-13 09:58:14+02:00,7.815,10.82,21.1922
2020-04-13 09:58:44+02:00,8.577,11.02,21.4303
2020-04-13 09:59:14+02:00,5.326,10.42,20.4144
2020-04-13 09:59:44+02:00,8.394,10.42,21.3731
2020-04-13 10:00:14+02:00,5.333,11.42,20.4166
2020-04-13 10:00:44+02:00,7.354,11.02,21.0481
2020-04-13 10:01:14+02:00,5.183,11.42,20.3697
2020-04-13 10:01:44+02:00,7.942,12.22,21.2319
2020-04-13 10:02:14+02:00,8.742,13.42,21.4819
2020-04-13 10:02:44+02:00,5.227,13.22,20.3834
2020-04-13 10:03:14+02:00,5.978,13.42,20.6181
2020-04-13 10:03:44+02:00,7.801,13.02,21.1878
2020-04-13 10:04:14+02:00,7.889,13.82,21.2153
2020-04-13 10:04:44+02:00,5.875,13.02,20.5859
2020-04-13 10:05:14+02:00,7.102,12.62,20.9694
2020-04-13 10:05:44+02:00,7.771,12.82,21.1784
2020-04-13 10:06:14+02:00,8.052,12.42,21.2663
2020-04-13 10:06:44+02:00,5.431,12.22,20.4472
2020-04-13 10:07:14+02:00,8.279,12.42,21.3372
2020-04-13 10:07:44+02:00,5.714,12.22,20.5356
2020-04-13 10:08:14+02:00,6.9,12.42,20.9062
2020-04-13 10:08:44+02:00,8.82,11.22,21.5063
2020-04-13 10:15:59+02:00,7.133,6.573,20.9791
2020-04-13 10:16:29+02:00,8.682,6.373,21.4631
2020-04-13 10:17:47+02:00,6.323,,20.7259
2020-04-13 10:18:17+02:00,5.006,,20.3144
2020-04-13 10:18:47+02:00,7.967,,21.2397
2020-04-13 10:19:17+02:00,8.061,,21.2691
2020-04-13 10:36:52+02:00,8.796,,21.4988
2020-04-13 10:37:22+02:00,7.077,,20.9616
2020-04-13 10:37:52+02:00,5.555,,20.4859
2020-04-13 10:38:22+02:00,5.876,,20.5863
2020-04-13 10:38:52+02:00,8.621,,21.4441
2020-04-13 10:39:22+02:00,7.099,,20.9684
2020-04-13 10:39:52+02:00,5.157,,20.3616
2020-04-13 10:40:23+02:00,7.404,,21.0637
2020-04-13 10:40:53+02:00,8.563,,21.4259
2020-04-13 10:41:23+02:00,7.776,,21.18
2020-04-13 10:41:53+02:00,8.036,,21.2612
2020-04-13 10:42:23+02:00,7.551,,21.1097
2020-04-13 10:42:53+02:00,7.601,,21.1253
2020-04-13 10:43:23+02:00,6.934,,20.9169
2020-04-13 10:43:53+02:00,7.372,,21.0537
2020-04-13 10:44:23+02:00,6.953,,20.9228
2020-04-13 10:44:53+02:00,6.692,,20.8412
2020-04-13 10:45:23+02:00,5.139,,20.3559
2020-04-13 10:45:53+02:00,8.031,,21.2597
2020-04-13 10:46:23+02:00,6.634,,20.8231
2020-04-13 10:46:53+02:00,7.493,,21.0916
2020-04-13 10:47:23+02:00,8.671,,21.4597
2020-04-13 10:47:53+02:00,5.017,,20.3178
2020-04-13 10:48:23+02:00,6.534,,20.7919
2020-04-13 10:48:53+02:00,7.44,,21.075
2020-04-13 10:49:23+02:00,7.246,,21.0144
2020-04-13 10:49:53+02:00,6.922,,20.9131
2020-04-13 10:50:23+02:00,8.003,,21.2509
2020-04-13 10:50:53+02:00,6.284,,20.7138
2020-04-13 10:51:23+02:00,6.272,,20.71
2020-04-13 10:51:54+02:00,7.413,,21.0666
2020-04-13 10:52:24+02:00,5.081,,20.3378
2020-04-13 10:52:54+02:00,8.493,,21.4041
2020-04-13 10:53:24+02:00,5.639,,20.5122
2020-04-13 10:53:54+02:00,5.495,,20.4672
2020-04-13 10:54:24+02:00,8.004,,21.2512
2020-04-13 10:54:54+02:00,7.509,,21.0966
2020-04-13 10:55:24+02:00,8.405,,21.3766
2020-04-13 10:55:54+02:00,5.369,,20.4278
2020-04-13 10:56:24+02:00,8.18,,21.3062
2020-04-13 10:56:54+02:00,7.19,,20.9969
2020-04-13 10:57:24+02:00,7.134,,20.9794
2020-04-13 10:57:54+02:00,6.361,,20.7378
2020-04-13 10:58:24+02:00,6.083,,20.6509
2020-04-13 10:58:54+02:00,8.804,,21.5012
2020-04-13 10:59:24+02:00,7.526,,21.1019
2020-04-13 10:59:54+02:00,6.552,,20.7975
2020-04-13 11:00:24+02:00,5.186,,20.3706
2020-04-13 11:00:54+02:00,6.584,,20.8075
2020-04-13 11:01:24+02:00,7.679,,21.1497
2020-04-13 11:01:54+02:00,7.336,,21.0425
2020-04-13 11:02:24+02:00,8.095,,21.2797
2020-04-13 12:13:51+02:00,6.613,,20.8166
2020-04-13 12:21:23+02:00,6.742,,20.8569
2020-04-13 12:23:19+02:00,5.205,,20.3766
2020-04-13 12:23:49+02:00,7.987,,21.2459
2020-04-13 12:24:19+02:00,7.461,,21.0816
2020-04-13 12:24:49+02:00,5.381,,20.4316
2020-04-13 12:25:20+02:00,5.452,,20.4538
2020-04-13 12:25:50+02:00,6.81,,20.8781
2020-04-13 12:26:20+02:00,5.017,,20.3178
2020-04-13 12:26:50+02:00,7.615,,21.1297
2020-04-13 12:27:20+02:00,6.306,,20.7206
2020-04-13 12:27:50+02:00,8.426,,21.3831
2020-04-13 12:28:20+02:00,8.217,,21.3178
2020-04-13 12:28:50+02:00,5.469,,20.4591
2020-04-13 12:29:23+02:00,6.178,,20.6806
2020-04-13 12:51:39+02:00,7.871,,21.2097
2020-04-13 12:53:03+02:00,4.692,,20.2162
2020-04-13 12:53:33+02:00,5.892,,20.5912
2020-04-13 13:06:12+02:00,8.016,11.61,21.255
2020-04-13 13:07:58+02:00,7.912,8.964,21.2225
2020-04-13 13:09:57+02:00,7.383,19.571,21.0572
2020-04-13 16:36:15+02:00,7.648,14.607,21.14
2020-04-13 16:36:45+02:00,5.019,15.207,20.3184
2020-04-13 16:37:15+02:00,6.539,15.007,20.7934
2020-04-13 16:37:45+02:00,7.565,15.807,21.1141
2020-04-13 16:38:19+02:00,7.894,14.1,21.2169
2020-04-13 16:40:03+02:00,5.344,4.201,20.42
2020-04-13 16:40:33+02:00,6.94,4.001,20.9188
2020-04-13 16:41:03+02:00,6.478,4.401,20.7744
2020-04-13 16:41:33+02:00,6.464,4.801,20.77
2020-04-13 16:42:03+02:00,6.69,4.201,20.8406
2020-04-13 16:42:33+02:00,7.507,4.601,21.0959
2020-04-13 16:43:03+02:00,7.694,4.601,21.1544
2020-04-13 16:43:33+02:00,7.541,5.201,21.1066
2020-04-13 16:44:03+02:00,7.881,4.801,21.2128
2020-04-13 16:44:33+02:00,8.286,4.801,21.3394
2020-04-13 16:45:03+02:00,5.848,4.401,20.5775
2020-04-13 16:45:33+02:00,7.522,4.401,21.1006
2020-04-13 16:46:03+02:00,6.351,4.801,20.7347
2020-04-13 16:46:33+02:00,5.907,4.601,20.5959
2020-04-13 16:47:03+02:00,8.012,5.001,21.2537
2020-04-13 16:47:33+02:00,5.299,4.201,20.4059
2020-04-13 16:48:03+02:00,8.543,4.001,21.4197
2020-04-13 16:48:33+02:00,7.808,4.001,21.19
2020-04-13 16:49:03+02:00,7.38,4.801,21.0562
2020-04-13 16:49:33+02:00,5.524,5.601,20.4762
2020-04-13 16:50:03+02:00,8.099,5.401,21.2809
2020-04-13 16:50:33+02:00,5.848,4.601,20.5775
2020-04-13 16:51:03+02:00,8.804,4.601,21.5012
2020-04-13 16:51:33+02:00,7.411,4.201,21.0659
2020-04-13 16:52:03+02:00,6.655,4.401,20.8297
2020-04-13 16:52:33+02:00,8.524,4.401,21.4137
2020-04-13 16:53:03+02:00,5.839,4.401,20.5747
2020-04-13 16:53:33+02:00,5.344,4.201,20.42
2020-04-13 16:54:04+02:00,8.729,5.201,21.4778
2020-04-13 16:54:34+02:00,7.009,4.601,20.9403
2020-04-13 16:55:04+02:00,6.872,4.601,20.8975
2020-04-13 16:55:34+02:00,8.648,5.001,21.4525
2020-04-13 16:56:04+02:00,7.377,4.201,21.0553
2020-04-13 16:56:34+02:00,7.128,4.401,20.9775
2020-04-13 16:57:05+02:00,7.95,3.901,21.2344
2020-04-13 16:57:35+02:00,8.62,4.701,21.4438
2020-04-13 16:58:05+02:00,5.8,4.501,20.5625
2020-04-13 16:58:35+02:00,7.552,4.301,21.11
2020-04-13 16:59:05+02:00,7.335,4.301,21.0422
2020-04-13 16:59:35+02:00,7.403,4.501,21.0634
2020-04-13 17:00:05+02:00,8.904,4.701,21.5325
2020-04-13 17:00:35+02:00,7.376,4.301,21.055
2020-04-13 17:01:05+02:00,7.635,4.701,21.1359
2020-04-13 17:01:35+02:00,8.483,4.301,21.4009
2020-04-13 17:02:05+02:00,8.417,4.501,21.3803
2020-04-13 17:02:35+02:00,8.085,4.901,21.2766
2020-04-13 17:03:05+02:00,8.167,4.101,21.3022
2020-04-13 17:03:35+02:00,7.185,4.701,20.9953
2020-04-13 17:04:05+02:00,5.645,5.101,20.5141
2020-04-13 17:04:35+02:00,8.167,5.701,21.3022
2020-04-13 17:05:05+02:00,7.95,5.301,21.2344
2020-04-13 17:05:35+02:00,5.222,5.501,20.3819
2020-04-13 17:06:05+02:00,6.956,4.901,20.9237
2020-04-13 17:06:35+02:00,5.394,5.701,20.4356
2020-04-13 17:07:05+02:00,5.93,5.901,20.6031
2020-04-13 17:07:35+02:00,8.796,5.901,21.4988
2020-04-13 17:08:05+02:00,6.788,5.301,20.8713
2020-04-13 17:08:36+02:00,6.28,4.901,20.7125
2020-04-13 17:09:06+02:00,7.112,4.901,20.9725
2020-04-13 17:09:36+02:00,7.283,5.501,21.0259
2020-04-13 17:10:06+02:00,5.541,5.301,20.4816
2020-04-13 17:10:36+02:00,8.596,5.101,21.4363
2020-04-13 17:11:06+02:00,8.175,4.701,21.3047
2020-04-13 17:11:36+02:00,6.469,4.701,20.7716
2020-04-13 17:12:06+02:00,7.853,5.101,21.2041
2020-04-13 17:12:36+02:00,8.419,5.101,21.3809
2020-04-13 17:13:06+02:00,5.398,4.901,20.4369
2020-04-13 17:13:36+02:00,6.867,5.101,20.8959
2020-04-13 17:14:06+02:00,5.698,5.301,20.5306
2020-04-13 17:14:36+02:00,5.708,5.101,20.5338
2020-04-13 17:15:06+02:00,5.228,4.501,20.3838
2020-04-13 17:15:37+02:00,7.64,4.401,21.1375
2020-04-13 17:16:07+02:00,6.955,4.401,20.9234
2020-04-13 17:16:37+02:00,6.781,4.801,20.8691
2020-04-13 17:17:07+02:00,6.779,4.401,20.8684
2020-04-13 17:17:37+02:00,8.091,5.201,21.2784
2020-04-13 17:18:07+02:00,5.158,5.001,20.3619
2020-04-13 17:18:37+02:00,8.209,5.601,21.3153
2020-04-13 17:19:07+02:00,6.229,5.801,20.6966
2020-04-13 17:19:37+02:00,8.126,5.401,21.2894
2020-04-13 17:20:07+02:00,6.804,5.001,20.8762
2020-04-13 17:20:37+02:00,6.599,4.801,20.8122
2020-04-13 17:21:07+02:00,5.392,4.401,20.435
2020-04-13 17:21:37+02:00,8.474,5.001,21.3981
2020-04-13 17:22:07+02:00,5.598,5.801,20.4994
2020-04-13 17:22:37+02:00,5.377,6.401,20.4303
2020-04-13 17:23:08+02:00,8.773,6.601,21.4916
2020-04-13 17:23:38+02:00,5.276,6.401,20.3988
2020-04-13 17:24:08+02:00,6.364,7.201,20.7388
2020-04-13 17:24:38+02:00,5.584,7.601,20.495
2020-04-13 17:25:08+02:00,8.236,9.401,21.3237
2020-04-13 17:25:38+02:00,6.605,9.001,20.8141
2020-04-13 17:26:09+02:00,7.068,8.501,20.9587
2020-04-13 17:26:39+02:00,6.823,9.301,20.8822
2020-04-13 17:27:09+02:00,8.571,8.701,21.4284
2020-04-13 17:27:39+02:00,5.424,8.701,20.445
2020-04-13 17:28:09+02:00,6.74,9.101,20.8563
2020-04-13 17:28:40+02:00,5.446,9.601,20.4519
2020-04-13 17:29:10+02:00,6.814,9.201,20.8794
2020-04-13 17:29:40+02:00,6.014,8.401,20.6294
2020-04-13 17:30:10+02:00,6.373,7.801,20.7416
2020-04-13 17:30:40+02:00,8.551,7.801,21.4222
2020-04-13 17:31:10+02:00,7.121,7.601,20.9753
2020-04-13 17:31:40+02:00,8.874,7.201,21.5231
2020-04-13 17:32:10+02:00,6.369,7.001,20.7403
2020-04-13 17:32:40+02:00,6.841,6.801,20.8878
2020-04-13 17:33:10+02:00,7.207,6.201,21.0022
2020-04-13 17:33:40+02:00,5.3,7.001,20.4062
2020-04-13 17:34:10+02:00,8.531,7.401,21.4159
2020-04-13 17:34:41+02:00,5.424,7.701,20.445
2020-04-13 17:35:11+02:00,8.877,7.901,21.5241
2020-04-13 17:35:41+02:00,5.263,8.101,20.3947
2020-04-13 17:36:11+02:00,6.261,8.301,20.7066
2020-04-13 17:36:41+02:00,6.149,9.301,20.6716
2020-04-13 17:37:11+02:00,6.899,9.101,20.9059
2020-04-13 17:37:41+02:00,7.685,10.101,21.1516
2020-04-13 17:38:11+02:00,5.731,10.701,20.5409
2020-04-13 17:38:42+02:00,8.526,10.301,21.4144
2020-04-13 17:39:12+02:00,5.614,10.701,20.5044
2020-04-13 17:39:42+02:00,8.619,10.701,21.4434
2020-04-13 17:40:12+02:00,6.071,10.701,20.6472
2020-04-13 17:40:42+02:00,7.484,9.701,21.0888
2020-04-13 17:41:12+02:00,5.464,9.301,20.4575
2020-04-13 17:41:42+02:00,6.108,9.501,20.6588
2020-04-13 17:42:12+02:00,6.692,9.501,20.8412
2020-04-13 17:42:42+02:00,6.443,7.901,20.7634
2020-04-13 17:43:12+02:00,8.972,8.301,21.5537
2020-04-13 17:43:43+02:00,5.098,8.201,20.3431
2020-04-13 17:44:13+02:00,8.949,8.001,21.5466
2020-04-13 17:44:43+02:00,7.999,7.801,21.2497
2020-04-13 17:45:13+02:00,7.944,8.601,21.2325
2020-04-13 17:45:43+02:00,5.973,8.201,20.6166
2020-04-13 17:46:13+02:00,8.965,7.201,21.5516
2020-04-13 17:46:43+02:00,5.128,6.201,20.3525
2020-04-13 17:47:13+02:00,6.435,6.001,20.7609
2020-04-13 17:47:43+02:00,7.957,6.801,21.2366
2020-04-13 17:48:13+02:00,8.448,6.801,21.39
2020-04-13 17:48:43+02:00,6.453,6.801,20.7666
2020-04-13 17:49:13+02:00,5.699,7.001,20.5309
2020-04-13 17:49:43+02:00,5.698,7.601,20.5306
2020-04-13 17:50:13+02:00,8.714,7.801,21.4731
2020-04-13 17:50:43+02:00,5.887,8.201,20.5897
2020-04-13 17:51:13+02:00,6.277,7.401,20.7116
2020-04-13 17:51:43+02:00,6.165,7.601,20.6766
2020-04-13 17:52:13+02:00,6.201,6.801,20.6878
2020-04-13 17:52:43+02:00,7.089,6.401,20.9653
2020-04-13 17:53:13+02:00,7.608,6.601,21.1275
2020-04-13 17:53:43+02:00,5.996,6.401,20.6238
2020-04-13 17:54:13+02:00,7.96,7.001,21.2375
2020-04-13 17:54:44+02:00,8.839,7.601,21.5122
2020-04-13 17:55:14+02:00,7.75,8.001,21.1719
2020-04-13 17:55:44+02:00,5.004,7.401,20.3137
2020-04-13 17:56:14+02:00,8.295,6.801,21.3422
2020-04-13 17:56:44+02:00,6.382,7.401,20.7444
2020-04-13 17:57:14+02:00,7.2,7.201,21.0
2020-04-13 17:57:44+02:00,5.702,6.801,20.5319
2020-04-13 17:58:14+02:00,7.148,7.401,20.9837
2020-04-13 17:58:44+02:00,6.237,7.601,20.6991
2020-04-13 17:59:14+02:00,7.908,7.801,21.2213
2020-04-13 17:59:44+02:00,7.796,8.801,21.1863
2020-04-13 18:00:14+02:00,6.665,7.401,20.8328
2020-04-13 18:00:44+02:00,7.438,7.201,21.0744
2020-04-13 18:01:14+02:00,7.187,6.201,20.9959
2020-04-13 18:01:44+02:00,5.049,5.601,20.3278
2020-04-13 18:02:14+02:00,7.75,5.401,21.1719
2020-04-13 18:02:44+02:00,6.875,5.601,20.8984
2020-04-13 18:03:14+02:00,6.944,5.401,20.92
2020-04-13 18:03:44+02:00,5.84,4.601,20.575
2020-04-13 18:04:14+02:00,8.719,4.001,21.4747
2020-04-13 18:04:44+02:00,7.508,4.001,21.0963
2020-04-13 18:05:14+02:00,7.504,4.401,21.095
2020-04-13 18:05:44+02:00,7.899,5.401,21.2184
2020-04-13 18:06:14+02:00,8.861,5.401,21.5191
2020-04-13 18:06:44+02:00,5.078,4.601,20.3369
2020-04-13 18:07:14+02:00,5.19,5.001,20.3719
2020-04-13 18:07:44+02:00,5.585,4.601,20.4953
2020-04-13 18:08:14+02:00,5.187,4.201,20.3709
2020-04-13 18:08:44+02:00,8.888,4.201,21.5275
2020-04-13 18:09:14+02:00,8.505,5.601,21.4078
2020-04-13 18:09:44+02:00,5.213,6.001,20.3791
2020-04-13 18:10:15+02:00,6.624,5.801,20.82
2020-04-13 18:10:45+02:00,5.367,5.401,20.4272
2020-04-13 18:11:15+02:00,8.437,6.201,21.3866
2020-04-13 18:11:45+02:00,7.527,6.201,21.1022
2020-04-13 18:12:15+02:00,6.01,7.001,20.6281
2020-04-13 18:12:45+02:00,8.362,7.001,21.3631
2020-04-13 18:13:15+02:00,6.93,6.801,20.9156
2020-04-13 18:13:45+02:00,6.298,7.401,20.7181
2020-04-13 18:14:15+02:00,5.43,7.801,20.4469
2020-04-13 18:14:45+02:00,5.984,9.001,20.62
2020-04-13 18:15:16+02:00,6.528,8.501,20.79
2020-04-13 18:15:46+02:00,5.884,7.701,20.5888
2020-04-13 18:16:16+02:00,7.236,7.301,21.0112
2020-04-13 18:16:46+02:00,6.222,6.701,20.6944
2020-04-13 18:17:16+02:00,5.921,6.101,20.6003
2020-04-13 18:17:46+02:00,5.769,6.301,20.5528
2020-04-13 18:18:16+02:00,8.229,6.701,21.3216
2020-04-13 18:18:46+02:00,7.579,7.101,21.1184
2020-04-13 18:19:16+02:00,5.025,7.101,20.3203
2020-04-13 18:19:46+02:00,6.256,6.701,20.705
2020-04-13 18:20:16+02:00,5.928,6.901,20.6025
2020-04-13 18:20:46+02:00,7.113,7.101,20.9728
2020-04-13 18:21:16+02:00,6.859,7.301,20.8934
2020-04-13 18:21:46+02:00,5.908,7.301,20.5963
2020-04-13 18:22:16+02:00,6.207,7.101,20.6897
2020-04-13 18:22:46+02:00,6.819,6.901,20.8809
2020-04-13 18:23:16+02:00,7.936,7.501,21.23
2020-04-13 18:23:46+02:00,5.39,6.901,20.4344
2020-04-13 18:24:16+02:00,8.807,6.901,21.5022
2020-04-13 18:24:46+02:00,8.854,7.501,21.5169
2020-04-13 18:25:16+02:00,6.889,6.301,20.9028
2020-04-13 18:25:47+02:00,6.45,5.901,20.7656
2020-04-13 18:26:17+02:00,8.512,6.301,21.41
2020-04-13 18:26:47+02:00,7.375,5.301,21.0547
2020-04-13 18:27:17+02:00,8.112,5.501,21.285
2020-04-13 18:27:47+02:00,7.242,4.701,21.0131
2020-04-13 18:28:17+02:00,6.608,5.301,20.815
2020-04-13 18:28:47+02:00,8.117,5.101,21.2866
2020-04-13 18:29:18+02:00,7.597,4.401,21.1241
2020-04-13 18:29:48+02:00,8.072,4.201,21.2725
2020-04-13 18:30:18+02:00,5.288,4.401,20.4025
2020-04-13 18:30:48+02:00,8.952,4.401,21.5475
2020-04-13 18:31:18+02:00,8.854,4.601,21.5169
2020-04-13 18:31:48+02:00,5.663,4.001,20.5197
2020-04-13 18:32:18+02:00,7.952,4.201,21.235
2020-04-13 18:32:48+02:00,7.563,4.001,21.1134
2020-04-13 18:33:18+02:00,8.451,4.201,21.3909
2020-04-13 18:33:48+02:00,5.263,4.801,20.3947
2020-04-13 18:34:18+02:00,7.603,5.001,21.1259
2020-04-13 18:34:48+02:00,5.282,4.401,20.4006
2020-04-13 18:35:18+02:00,8.139,5.201,21.2934
2020-04-13 18:35:48+02:00,5.696,5.401,20.53
2020-04-13 18:36:18+02:00,6.759,5.401,20.8622
2020-04-13 18:36:48+02:00,6.475,6.001,20.7734
2020-04-13 18:37:18+02:00,8.525,6.001,21.4141
2020-04-13 18:37:48+02:00,7.202,5.601,21.0006
2020-04-13 18:38:18+02:00,5.953,5.401,20.6103
2020-04-13 18:38:48+02:00,8.639,6.001,21.4497
2020-04-13 18:39:18+02:00,6.469,6.401,20.7716
2020-04-13 18:39:48+02:00,6.376,6.201,20.7425
2020-04-13 18:40:18+02:00,8.608,6.401,21.44
2020-04-13 18:40:49+02:00,7.341,6.201,21.0441
2020-04-13 18:41:19+02:00,7.435,5.401,21.0734
2020-04-13 18:41:49+02:00,5.196,4.601,20.3738
2020-04-13 18:42:19+02:00,8.574,4.601,21.4294
2020-04-13 18:42:49+02:00,5.882,4.001,20.5881
2020-04-13 18:43:19+02:00,5.899,4.001,20.5934
2020-04-13 18:43:49+02:00,8.068,4.401,21.2712
2020-04-13 18:44:19+02:00,5.673,5.001,20.5228
2020-04-13 18:44:49+02:00,6.634,5.001,20.8231
2020-04-13 18:45:19+02:00,8.07,5.001,21.2719
2020-04-13 18:45:49+02:00,5.644,5.201,20.5138
2020-04-13 18:46:20+02:00,6.415,6.301,20.7547
2020-04-13 18:46:50+02:00,7.035,7.101,20.9484
2020-04-13 18:47:20+02:00,7.314,8.501,21.0356
2020-04-13 18:47:50+02:00,7.833,9.301,21.1978
2020-04-13 18:48:20+02:00,5.262,8.901,20.3944
2020-04-13 18:48:50+02:00,7.771,7.901,21.1784
2020-04-13 18:49:20+02:00,6.504,8.901,20.7825
2020-04-13 18:49:50+02:00,7.129,8.301,20.9778
2020-04-13 18:50:20+02:00,7.465,8.701,21.0828
2020-04-13 18:50:50+02:00,8.401,9.501,21.3753
2020-04-13 18:51:20+02:00,7.407,9.301,21.0647
2020-04-13 18:51:50+02:00,5.241,8.901,20.3878
2020-04-13 18:52:20+02:00,8.453,8.501,21.3916
2020-04-13 18:52:50+02:00,7.591,8.701,21.1222
2020-04-13 18:53:20+02:00,5.922,8.301,20.6006
2020-04-13 18:53:50+02:00,6.861,8.101,20.8941
2020-04-13 18:54:20+02:00,6.948,8.101,20.9212
2020-04-13 18:54:50+02:00,5.617,8.301,20.5053
2020-04-13 18:55:20+02:00,6.017,7.101,20.6303
2020-04-13 18:55:50+02:00,7.75,6.501,21.1719
2020-04-13 18:56:21+02:00,6.144,6.101,20.67
2020-04-13 18:56:51+02:00,7.203,5.501,21.0009
2020-04-13 18:57:22+02:00,5.269,6.001,20.3966
2020-04-13 18:57:52+02:00,5.325,6.401,20.4141
2020-04-13 18:58:22+02:00,5.484,6.601,20.4638
2020-04-13 18:58:52+02:00,7.296,5.801,21.03
2020-04-13 18:59:22+02:00,8.635,5.601,21.4484
2020-04-13 18:59:52+02:00,7.456,6.401,21.08
2020-04-13 19:00:22+02:00,5.997,6.401,20.6241
2020-04-13 19:00:52+02:00,8.393,7.201,21.3728
2020-04-13 19:01:22+02:00,5.863,8.401,20.5822
2020-04-13 19:01:52+02:00,6.658,8.401,20.8306
2020-04-13 19:02:22+02:00,8.958,8.601,21.5494
2020-04-13 19:02:52+02:00,7.447,8.801,21.0772
2020-04-13 19:03:22+02:00,5.748,10.201,20.5462
2020-04-13 19:03:52+02:00,7.446,10.001,21.0769
2020-04-13 19:04:23+02:00,5.91,9.301,20.5969
2020-04-13 19:04:53+02:00,5.066,9.901,20.3331
2020-04-13 19:05:23+02:00,6.316,11.101,20.7237
2020-04-13 19:05:53+02:00,7.118,11.501,20.9744
2020-04-13 19:06:23+02:00,7.996,11.301,21.2488
2020-04-13 19:06:53+02:00,5.945,10.901,20.6078
2020-04-13 19:07:23+02:00,5.732,11.101,20.5413
2020-04-13 19:07:53+02:00,8.663,11.301,21.4572
2020-04-13 19:08:23+02:00,8.441,11.101,21.3878
2020-04-13 19:08:53+02:00,8.876,10.701,21.5238
2020-04-13 19:09:23+02:00,6.573,10.701,20.8041
2020-04-13 19:09:53+02:00,7.352,10.901,21.0475
2020-04-13 19:10:23+02:00,5.955,11.501,20.6109
2020-04-13 19:10:53+02:00,8.938,11.901,21.5431
2020-04-13 19:11:24+02:00,6.329,12.301,20.7278
2020-04-13 19:11:54+02:00,7.3,11.901,21.0312
2020-04-13 19:12:24+02:00,8.126,12.701,21.2894
2020-04-13 19:12:54+02:00,6.62,12.701,20.8188
2020-04-13 19:13:24+02:00,8.84,13.901,21.5125
2020-04-13 19:13:54+02:00,8.517,13.901,21.4116
2020-04-13 19:14:24+02:00,6.923,13.701,20.9134
2020-04-13 19:14:54+02:00,8.674,13.501,21.4606
2020-04-13 19:15:24+02:00,8.842,12.901,21.5131
2020-04-13 19:15:54+02:00,6.111,12.701,20.6597
2020-04-13 19:16:24+02:00,7.327,13.701,21.0397
2020-04-13 19:16:54+02:00,7.444,12.701,21.0763
2020-04-13 19:17:24+02:00,5.951,13.501,20.6097
2020-04-13 19:17:54+02:00,8.758,13.301,21.4869
2020-04-13 19:18:24+02:00,7.106,13.301,20.9706
2020-04-13 19:18:54+02:00,6.747,13.901,20.8584
2020-04-13 19:19:24+02:00,5.551,13.501,20.4847
2020-04-13 19:19:54+02:00,6.33,13.501,20.7281
2020-04-13 19:20:24+02:00,5.316,14.301,20.4112
2020-04-13 19:20:54+02:00,8.601,14.101,21.4378
2020-04-13 19:21:24+02:00,8.222,14.901,21.3194
2020-04-13 19:21:54+02:00,8.508,15.301,21.4088
2020-04-13 19:22:24+02:00,6.525,16.701,20.7891
2020-04-13 19:22:54+02:00,5.796,16.701,20.5613
2020-04-13 19:23:24+02:00,6.706,17.101,20.8456
2020-04-13 19:23:54+02:00,8.518,17.501,21.4119
2020-04-13 19:24:24+02:00,6.295,16.701,20.7172
2020-04-13 19:24:54+02:00,8.773,16.901,21.4916
2020-04-13 19:25:24+02:00,6.768,17.101,20.865
2020-04-13 19:25:55+02:00,6.7,17.001,20.8438
2020-04-13 19:26:25+02:00,5.983,16.801,20.6197
2020-04-13 19:26:56+02:00,6.508,16.401,20.7838
2020-04-13 19:27:26+02:00,7.112,17.401,20.9725
2020-04-13 19:27:56+02:00,8.02,17.401,21.2563
2020-04-13 19:28:26+02:00,8.848,17.801,21.515
2020-04-13 19:28:56+02:00,8.156,17.801,21.2987
2020-04-13 19:29:26+02:00,5.887,17.401,20.5897
2020-04-13 19:29:56+02:00,8.52,17.001,21.4125
2020-04-13 19:30:26+02:00,7.645,16.001,21.1391
2020-04-13 19:30:56+02:00,7.728,15.601,21.165
2020-04-13 19:31:26+02:00,5.273,16.001,20.3978
2020-04-13 19:31:56+02:00,8.368,15.401,21.365
2020-04-13 19:32:26+02:00,7.501,14.801,21.0941
2020-04-13 19:32:56+02:00,5.845,14.801,20.5766
2020-04-13 19:33:26+02:00,8.83,15.201,21.5094
2020-04-13 19:33:56+02:00,8.581,14.801,21.4316
2020-04-13 19:34:26+02:00,8.959,14.001,21.5497
2020-04-13 19:34:56+02:00,5.756,14.401,20.5487
2020-04-13 19:35:26+02:00,6.296,15.001,20.7175
2020-04-13 19:35:56+02:00,8.6,15.001,21.4375
2020-04-13 19:36:26+02:00,6.596,15.601,20.8113
2020-04-13 19:36:56+02:00,5.298,16.601,20.4056
2020-04-13 19:37:26+02:00,7.577,16.801,21.1178
2020-04-13 19:37:56+02:00,5.699,15.801,20.5309
2020-04-13 19:38:26+02:00,7.221,15.801,21.0066
2020-04-13 19:38:56+02:00,8.442,15.801,21.3881
2020-04-13 19:39:26+02:00,8.022,16.001,21.2569
2020-04-13 19:39:56+02:00,7.073,15.601,20.9603
2020-04-13 19:40:26+02:00,5.877,14.401,20.5866
2020-04-13 19:40:56+02:00,7.692,15.201,21.1537
2020-04-13 19:41:27+02:00,6.737,15.201,20.8553
2020-04-13 19:41:57+02:00,7.829,14.201,21.1966
2020-04-13 19:42:27+02:00,7.786,14.601,21.1831
2020-04-13 19:42:57+02:00,5.717,14.201,20.5366
2020-04-13 19:43:27+02:00,5.051,14.201,20.3284
2020-04-13 19:43:57+02:00,8.628,14.601,21.4463
2020-04-13 19:44:27+02:00,5.288,14.601,20.4025
2020-04-13 19:44:57+02:00,7.93,14.201,21.2281
2020-04-13 19:45:27+02:00,7.69,14.001,21.1531
2020-04-13 19:45:57+02:00,8.685,14.801,21.4641
2020-04-13 19:46:27+02:00,7.246,14.601,21.0144
2020-04-13 19:46:57+02:00,8.246,15.201,21.3269
2020-04-13 19:47:27+02:00,7.251,16.001,21.0159
2020-04-13 19:47:57+02:00,7.08,16.201,20.9625
2020-04-13 19:48:27+02:00,6.149,16.001,20.6716
2020-04-13 19:48:57+02:00,5.578,15.801,20.4931
2020-04-13 19:49:27+02:00,5.385,16.601,20.4328
2020-04-13 19:49:57+02:00,7.365,16.201,21.0516
2020-04-13 19:50:27+02:00,5.723,16.401,20.5384
2020-04-13 19:50:57+02:00,6.384,16.201,20.745
2020-04-13 19:51:27+02:00,8.402,16.401,21.3756
2020-04-13 19:51:57+02:00,8.118,16.801,21.2869
2020-04-13 19:52:27+02:00,5.538,17.601,20.4806
2020-04-13 19:52:57+02:00,8.888,18.401,21.5275
2020-04-13 19:53:27+02:00,5.14,18.201,20.3563
2020-04-13 19:53:57+02:00,8.762,17.601,21.4881
2020-04-13 19:54:27+02:00,5.835,17.601,20.5734
2020-04-13 19:54:57+02:00,8.171,17.401,21.3034
2020-04-13 19:55:27+02:00,8.722,18.201,21.4756
2020-04-13 19:55:57+02:00,6.771,18.801,20.8659
2020-04-13 19:56:27+02:00,7.624,19.601,21.1325
2020-04-13 19:56:58+02:00,5.343,19.001,20.4197
2020-04-13 19:57:28+02:00,8.512,19.001,21.41
2020-04-13 19:57:58+02:00,8.15,18.801,21.2969
2020-04-13 19:58:28+02:00,5.322,18.601,20.4131
2020-04-13 19:58:58+02:00,7.022,18.201,20.9444
2020-04-13 19:59:28+02:00,8.335,18.601,21.3547
2020-04-13 19:59:58+02:00,6.436,19.401,20.7612
2020-04-13 20:00:28+02:00,8.878,19.001,21.5244
2020-04-13 20:00:58+02:00,7.811,18.201,21.1909
2020-04-13 20:01:28+02:00,7.282,17.601,21.0256
2020-04-13 20:01:58+02:00,6.716,17.201,20.8487
2020-04-13 20:02:28+02:00,7.309,17.201,21.0341
2020-04-13 20:02:59+02:00,6.555,16.701,20.7984
2020-04-13 20:03:29+02:00,8.004,15.701,21.2512
2020-04-13 20:03:59+02:00,6.065,15.501,20.6453
2020-04-13 20:04:29+02:00,7.299,15.701,21.0309
2020-04-13 20:04:59+02:00,8.063,15.301,21.2697
2020-04-13 20:05:29+02:00,5.823,14.701,20.5697
2020-04-13 20:05:59+02:00,5.734,14.301,20.5419
2020-04-13 20:06:29+02:00,8.076,13.901,21.2738
2020-04-13 20:06:59+02:00,5.95,14.301,20.6094
2020-04-13 20:07:29+02:00,8.512,13.701,21.41
2020-04-13 20:07:59+02:00,5.83,14.501,20.5719
2020-04-13 20:08:29+02:00,7.503,15.301,21.0947
2020-04-13 20:08:59+02:00,6.082,15.101,20.6506
2020-04-13 20:09:29+02:00,6.632,15.301,20.8225
2020-04-13 20:09:59+02:00,5.428,16.101,20.4463
2020-04-13 20:10:29+02:00,6.237,15.901,20.6991
2020-04-13 20:10:59+02:00,5.667,15.301,20.5209
2020-04-13 20:11:30+02:00,6.604,16.101,20.8137
2020-04-13 20:12:00+02:00,7.572,15.901,21.1162
2020-04-13 20:12:30+02:00,6.4,16.701,20.75
2020-04-13 20:13:00+02:00,8.772,16.501,21.4912
2020-04-13 20:13:30+02:00,6.884,16.901,20.9013
2020-04-13 20:14:00+02:00,6.6,16.901,20.8125
2020-04-13 20:14:30+02:00,6.072,17.101,20.6475
2020-04-13 20:15:00+02:00,7.56,17.101,21.1125
2020-04-13 20:15:30+02:00,5.906,17.701,20.5956
2020-04-13 20:16:00+02:00,5.951,16.701,20.6097
2020-04-13 20:16:30+02:00,5.008,16.701,20.315
2020-04-13 20:17:00+02:00,6.838,16.701,20.8869
2020-04-13 20:17:30+02:00,6.808,15.701,20.8775
2020-04-13 20:18:00+02:00,6.018,15.501,20.6306
2020-04-13 20:18:30+02:00,8.405,15.701,21.3766
2020-04-13 20:19:00+02:00,8.972,16.101,21.5537
2020-04-13 20:19:30+02:00,7.153,15.501,20.9853
2020-04-13 20:20:01+02:00,5.922,14.801,20.6006
2020-04-13 20:20:31+02:00,7.282,14.401,21.0256
2020-04-13 20:21:01+02:00,7.361,14.001,21.0503
2020-04-13 20:21:31+02:00,8.541,14.601,21.4191
2020-04-13 20:22:01+02:00,6.999,15.601,20.9372
2020-04-13 20:22:31+02:00,5.038,15.601,20.3244
2020-04-13 20:23:01+02:00,5.171,15.201,20.3659
2020-04-13 20:23:31+02:00,6.004,14.801,20.6262
2020-04-13 20:24:01+02:00,7.845,14.201,21.2016
2020-04-13 20:24:31+02:00,7.569,14.801,21.1153
2020-04-13 20:25:01+02:00,5.124,14.801,20.3512
2020-04-13 20:25:31+02:00,5.414,14.201,20.4419
2020-04-13 20:26:01+02:00,6.658,14.001,20.8306
2020-04-13 20:26:32+02:00,7.587,13.801,21.1209
2020-04-13 20:27:02+02:00,8.797,13.601,21.4991
2020-04-13 20:27:32+02:00,7.029,14.601,20.9466
2020-04-13 20:28:02+02:00,5.227,15.401,20.3834
2020-04-13 20:28:32+02:00,5.806,15.401,20.5644
2020-04-13 20:29:02+02:00,5.072,14.801,20.335
2020-04-13 20:29:32+02:00,7.843,15.001,21.2009
2020-04-13 20:30:02+02:00,6.218,15.001,20.6931
2020-04-13 20:30:32+02:00,8.819,14.001,21.5059
2020-04-13 20:31:02+02:00,7.935,13.801,21.2297
2020-04-13 20:31:32+02:00,8.787,13.801,21.4959
2020-04-13 20:32:02+02:00,8.18,14.201,21.3062
2020-04-13 20:32:32+02:00,7.206,15.201,21.0019
2020-04-13 20:33:04+02:00,8.545,15.401,21.4203
2020-04-13 20:33:34+02:00,6.75,14.201,20.8594
2020-04-13 20:34:04+02:00,8.053,14.401,21.2666
2020-04-13 20:34:34+02:00,6.218,14.801,20.6931
2020-04-13 20:35:04+02:00,5.113,15.401,20.3478
2020-04-13 20:35:34+02:00,6.82,15.601,20.8813
2020-04-13 20:36:04+02:00,8.357,15.201,21.3616
2020-04-13 20:36:34+02:00,5.638,15.401,20.5119
2020-04-13 20:37:04+02:00,7.442,15.801,21.0756
2020-04-13 20:37:34+02:00,8.087,15.801,21.2772
2020-04-13 20:38:04+02:00,7.482,15.401,21.0881
2020-04-13 20:38:34+02:00,7.398,15.401,21.0619
2020-04-13 20:39:04+02:00,8.653,16.601,21.4541
2020-04-13 20:39:34+02:00,7.64,17.601,21.1375
2020-04-13 20:40:04+02:00,7.407,17.801,21.0647
2020-04-13 20:40:34+02:00,8.379,17.801,21.3684
2020-04-13 20:41:05+02:00,6.45,18.001,20.7656
2020-04-13 20:41:35+02:00,8.29,17.801,21.3406
2020-04-13 20:42:05+02:00,7.069,17.401,20.9591
2020-04-13 20:42:35+02:00,7.395,18.001,21.0609
2020-04-13 20:43:05+02:00,5.633,17.401,20.5103
2020-04-13 20:43:35+02:00,7.912,18.001,21.2225
2020-04-13 20:44:05+02:00,6.164,18.201,20.6763
2020-04-13 20:44:35+02:00,6.628,18.201,20.8213
2020-04-13 20:45:05+02:00,5.231,19.001,20.3847
2020-04-13 20:45:35+02:00,5.298,19.001,20.4056
2020-04-13 20:46:05+02:00,6.491,19.201,20.7784
2020-04-13 20:46:35+02:00,5.718,19.801,20.5369
2020-04-13 20:47:05+02:00,8.881,18.801,21.5253
2020-04-13 20:47:35+02:00,8.278,18.201,21.3369
2020-04-13 20:48:05+02:00,6.728,18.001,20.8525
2020-04-13 20:48:35+02:00,8.402,17.601,21.3756
2020-04-13 20:49:05+02:00,5.017,17.001,20.3178
2020-04-13 20:49:35+02:00,8.578,17.801,21.4306
2020-04-13 20:50:05+02:00,8.637,17.801,21.4491
2020-04-13 20:50:35+02:00,8.901,17.601,21.5316
2020-04-13 20:51:05+02:00,6.626,17.601,20.8206
2020-04-13 20:51:35+02:00,7.187,17.601,20.9959
2020-04-13 20:52:05+02:00,7.559,18.201,21.1122
2020-04-13 20:52:36+02:00,7.782,18.701,21.1819
2020-04-13 20:53:06+02:00,6.219,19.101,20.6934
2020-04-13 20:53:36+02:00,7.107,19.101,20.9709
2020-04-13 20:54:06+02:00,5.877,18.501,20.5866
2020-04-13 20:54:36+02:00,8.817,18.501,21.5053
2020-04-13 20:55:06+02:00,6.43,17.901,20.7594
2020-04-13 20:55:36+02:00,6.956,18.301,20.9237
2020-04-13 20:56:06+02:00,6.925,17.501,20.9141
2020-04-13 20:56:37+02:00,7.69,16.301,21.1531
2020-04-13 20:57:07+02:00,8.29,16.701,21.3406
2020-04-13 20:57:37+02:00,7.345,16.901,21.0453
2020-04-13 20:58:07+02:00,5.172,16.701,20.3662
2020-04-13 20:58:37+02:00,8.203,17.101,21.3134
2020-04-13 20:59:07+02:00,7.077,16.901,20.9616
2020-04-13 20:59:37+02:00,7.236,16.901,21.0112
2020-04-13 21:00:07+02:00,8.242,16.301,21.3256
2020-04-13 21:00:37+02:00,7.778,16.501,21.1806
2020-04-13 21:01:07+02:00,6.04,16.701,20.6375
2020-04-13 21:01:37+02:00,5.649,16.901,20.5153
2020-04-13 21:02:07+02:00,8.28,17.901,21.3375
2020-04-13 21:02:37+02:00,8.402,18.901,21.3756
2020-04-13 21:03:07+02:00,8.672,18.701,21.46
2020-04-13 21:03:37+02:00,5.681,18.901,20.5253
2020-04-13 21:04:07+02:00,5.493,19.501,20.4666
2020-04-13 21:04:37+02:00,7.877,19.701,21.2116
2020-04-13 21:05:07+02:00,7.983,19.901,21.2447
2020-04-13 21:05:37+02:00,8.129,19.901,21.2903
2020-04-13 21:06:07+02:00,5.339,19.701,20.4184
2020-04-13 21:06:37+02:00,8.244,19.901,21.3263
2020-04-13 21:07:07+02:00,6.629,19.701,20.8216
2020-04-13 21:07:37+02:00,5.749,19.101,20.5466
2020-04-13 21:08:07+02:00,5.864,18.901,20.5825
2020-04-13 21:08:37+02:00,6.948,18.901,20.9212
2020-04-13 21:09:07+02:00,7.955,19.901,21.2359
2020-04-13 21:09:37+02:00,6.485,19.901,20.7766
2020-04-13 21:10:07+02:00,5.246,19.501,20.3894
2020-04-13 21:10:37+02:00,7.996,19.301,21.2488
2020-04-13 21:11:08+02:00,5.599,19.501,20.4997
2020-04-13 21:11:38+02:00,6.913,18.901,20.9103
2020-04-13 21:12:08+02:00,7.593,19.301,21.1228
2020-04-13 21:12:39+02:00,8.768,19.401,21.49
2020-04-13 21:13:09+02:00,5.227,19.601,20.3834
2020-04-13 21:13:39+02:00,5.781,19.401,20.5566
2020-04-13 21:14:09+02:00,6.818,19.201,20.8806
2020-04-13 21:14:39+02:00,6.251,19.201,20.7034
2020-04-13 21:15:09+02:00,5.336,18.401,20.4175
2020-04-13 21:15:39+02:00,5.087,19.001,20.3397
2020-04-13 21:16:09+02:00,7.404,18.401,21.0637
2020-04-13 21:16:39+02:00,6.682,18.001,20.8381
2020-04-13 21:17:09+02:00,8.792,17.401,21.4975
2020-04-13 21:17:39+02:00,7.989,16.601,21.2466
2020-04-13 21:18:10+02:00,5.8,16.501,20.5625
2020-04-13 21:18:40+02:00,6.758,17.101,20.8619
2020-04-13 21:19:10+02:00,5.951,17.901,20.6097
2020-04-13 21:19:40+02:00,6.399,18.501,20.7497
2020-04-13 21:20:10+02:00,6.188,19.501,20.6838
2020-04-13 21:20:40+02:00,5.755,18.901,20.5484
2020-04-13 21:21:10+02:00,5.154,18.501,20.3606
2020-04-13 21:21:40+02:00,8.445,17.901,21.3891
2020-04-13 21:22:10+02:00,5.523,17.301,20.4759
2020-04-13 21:22:40+02:00,5.109,17.901,20.3466
2020-04-13 21:23:10+02:00,7.429,16.701,21.0716
2020-04-13 21:23:40+02:00,7.545,16.901,21.1078
2020-04-13 21:24:10+02:00,7.67,16.901,21.1469
2020-04-13 21:24:40+02:00,5.341,17.101,20.4191
2020-04-13 21:25:10+02:00,5.941,16.701,20.6066
2020-04-13 21:25:40+02:00,5.372,16.701,20.4287
2020-04-13 21:26:10+02:00,5.183,16.901,20.3697
2020-04-13 21:26:41+02:00,6.345,17.501,20.7328
2020-04-13 21:27:11+02:00,5.172,17.101,20.3662
2020-04-13 21:27:41+02:00,7.323,16.901,21.0384
2020-04-13 21:28:11+02:00,7.983,16.501,21.2447
2020-04-13 21:28:41+02:00,8.837,16.701,21.5116
2020-04-13 21:29:11+02:00,6.134,17.101,20.6669
2020-04-13 21:29:41+02:00,6.618,15.901,20.8181
2020-04-13 21:30:11+02:00,8.304,16.501,21.345
2020-04-13 21:30:41+02:00,7.073,16.301,20.9603
2020-04-13 21:31:11+02:00,8.283,16.301,21.3384
2020-04-13 21:31:41+02:00,5.635,16.701,20.5109
2020-04-13 21:32:12+02:00,7.48,17.401,21.0875
2020-04-13 21:32:42+02:00,7.169,17.201,20.9903
2020-04-13 21:33:12+02:00,7.73,17.601,21.1656
2020-04-13 21:33:42+02:00,8.589,18.201,21.4341
2020-04-13 21:34:12+02:00,6.805,18.201,20.8766
2020-04-13 21:34:42+02:00,5.918,18.201,20.5994
2020-04-13 21:35:12+02:00,8.704,18.401,21.47
2020-04-13 21:35:42+02:00,8.739,18.001,21.4809
2020-04-13 21:36:12+02:00,5.039,17.001,20.3247
2020-04-13 21:36:42+02:00,7.975,17.201,21.2422
2020-04-13 21:37:12+02:00,6.155,17.801,20.6734
2020-04-13 21:37:42+02:00,5.616,18.401,20.505
2020-04-13 21:38:12+02:00,8.156,18.001,21.2987
2020-04-13 21:38:42+02:00,8.344,18.201,21.3575
2020-04-13 21:39:12+02:00,6.754,18.201,20.8606
2020-04-13 21:39:42+02:00,8.18,17.801,21.3062
2020-04-13 21:40:12+02:00,8.689,18.401,21.4653
2020-04-13 21:40:42+02:00,5.884,18.001,20.5888
2020-04-13 21:41:12+02:00,5.119,18.001,20.3497
2020-04-13 21:41:42+02:00,6.186,18.601,20.6831
2020-04-13 21:42:13+02:00,7.213,19.001,21.0041
2020-04-13 21:42:43+02:00,8.741,20.001,21.4816
2020-04-13 21:43:13+02:00,6.5,19.001,20.7812
2020-04-13 21:43:43+02:00,8.06,19.201,21.2687
2020-04-13 21:44:13+02:00,8.697,19.001,21.4678
2020-04-13 21:44:43+02:00,5.113,18.801,20.3478
2020-04-13 21:45:13+02:00,5.606,18.001,20.5019
2020-04-13 21:45:43+02:00,7.505,18.201,21.0953
2020-04-13 21:46:13+02:00,5.292,17.401,20.4037
2020-04-13 21:46:43+02:00,6.717,18.601,20.8491
2020-04-13 21:47:13+02:00,7.608,20.001,21.1275
2020-04-13 21:47:43+02:00,8.034,19.001,21.2606
2020-04-13 21:48:13+02:00,8.547,19.601,21.4209
2020-04-13 21:48:43+02:00,7.944,19.801,21.2325
2020-04-13 21:49:13+02:00,7.459,18.801,21.0809
2020-04-13 21:49:43+02:00,7.518,18.801,21.0994
2020-04-13 21:50:13+02:00,6.744,19.001,20.8575
2020-04-13 21:50:43+02:00,6.488,19.401,20.7775
2020-04-13 21:51:13+02:00,5.432,19.801,20.4475
2020-04-13 21:51:43+02:00,5.036,20.001,20.3237
2020-04-13 21:52:13+02:00,5.172,19.401,20.3662
2020-04-13 21:52:43+02:00,8.604,19.801,21.4387
2020-04-13 21:53:13+02:00,6.733,19.401,20.8541
2020-04-13 21:53:43+02:00,8.002,19.601,21.2506
2020-04-13 21:54:13+02:00,5.861,19.801,20.5816
2020-04-13 21:54:43+02:00,7.818,19.601,21.1931
2020-04-13 21:55:13+02:00,5.351,20.001,20.4222
2020-04-13 21:55:43+02:00,7.617,19.801,21.1303
2020-04-13 21:56:13+02:00,6.513,19.001,20.7853
2020-04-13 21:56:43+02:00,6.26,19.001,20.7062
2020-04-13 21:57:14+02:00,6.721,19.801,20.8503
2020-04-13 21:57:44+02:00,5.071,19.801,20.3347
2020-04-13 21:58:14+02:00,8.896,19.801,21.53
2020-04-13 21:58:44+02:00,5.968,19.401,20.615
2020-04-13 21:59:14+02:00,6.035,19.601,20.6359
2020-04-13 21:59:44+02:00,5.172,19.601,20.3662
2020-04-13 22:00:14+02:00,7.59,19.001,21.1219
2020-04-13 22:00:44+02:00,8.113,19.201,21.2853
2020-04-13 22:01:15+02:00,6.868,18.501,20.8962
2020-04-13 22:01:45+02:00,8.421,18.301,21.3816
2020-04-13 22:02:15+02:00,5.177,18.501,20.3678
2020-04-13 22:02:45+02:00,5.329,19.501,20.4153
2020-04-13 22:03:15+02:00,5.748,18.501,20.5462
2020-04-13 22:03:45+02:00,5.591,18.701,20.4972
2020-04-13 22:04:15+02:00,8.533,18.301,21.4166
2020-04-13 22:04:45+02:00,8.873,18.901,21.5228
2020-04-13 22:05:15+02:00,5.053,19.301,20.3291
2020-04-13 22:05:45+02:00,6.76,19.301,20.8625
2020-04-13 22:06:15+02:00,8.848,18.101,21.515
2020-04-13 22:06:45+02:00,5.654,18.101,20.5169
2020-04-13 22:07:15+02:00,8.556,18.301,21.4237
2020-04-13 22:07:45+02:00,5.512,18.501,20.4725
2020-04-13 22:08:15+02:00,7.298,17.901,21.0306
2020-04-13 22:08:45+02:00,8.416,17.301,21.38
2020-04-13 22:09:15+02:00,7.318,17.501,21.0369
2020-04-13 22:09:45+02:00,8.526,17.701,21.4144
2020-04-13 22:10:15+02:00,7.123,18.301,20.9759
2020-04-13 22:10:45+02:00,5.212,18.901,20.3787
2020-04-13 22:11:15+02:00,5.456,18.501,20.455
2020-04-13 22:11:45+02:00,8.645,18.901,21.4516
2020-04-13 22:12:16+02:00,8.389,18.901,21.3716
2020-04-13 22:12:46+02:00,6.134,19.101,20.6669
2020-04-13 22:13:16+02:00,8.684,18.901,21.4638
2020-04-13 22:13:46+02:00,,18.901,
2020-04-13 22:14:16+02:00,,19.701,
2020-04-13 22:14:46+02:00,,19.901,
2020-04-13 22:15:16+02:00,,19.501,
2020-04-13 22:15:46+02:00,,19.101,
2020-04-13 22:16:16+02:00,,18.101,
2020-04-13 22:16:47+02:00,,18.001,
2020-04-13 22:17:17+02:00,,18.401,
2020-04-13 22:17:47+02:00,,18.001,
2020-04-13 22:18:17+02:00,,18.001,
2020-04-13 22:18:47+02:00,,17.801,
2020-04-13 22:19:17+02:00,,18.401,
2020-04-13 22:19:47+02:00,,18.201,
2020-04-13 22:20:17+02:00,,18.201,
2020-04-13 22:20:47+02:00,,17.801,
2020-04-13 22:21:17+02:00,,18.001,
2020-04-13 22:21:47+02:00,,18.201,
2020-04-13 22:22:17+02:00,,18.401,
2020-04-13 22:22:47+02:00,,19.201,
2020-04-13 22:23:17+02:00,,18.201,
2020-04-13 22:23:47+02:00,,18.201,
2020-04-13 22:24:17+02:00,,18.601,
2020-04-13 22:24:47+02:00,,19.001,
2020-04-13 22:25:17+02:00,,18.201,
2020-04-13 22:25:47+02:00,,18.001,
2020-04-13 22:26:17+02:00,,17.601,
2020-04-13 22:26:47+02:00,,17.801,
2020-04-13 22:27:18+02:00,,16.801,
2020-04-13 22:27:48+02:00,,17.201,
2020-04-13 22:28:18+02:00,,16.801,
2020-04-13 22:28:48+02:00,,16.001,
2020-04-13 22:29:18+02:00,,16.401,
2020-04-13 22:29:48+02:00,,16.401,
2020-04-13 22:30:19+02:00,,16.701,
2020-04-13 22:30:49+02:00,,16.101,
2020-04-13 22:31:19+02:00,,15.701,
2020-04-13 22:31:49+02:00,,15.301,
2020-04-13 22:32:19+02:00,,15.501,
2020-04-13 22:32:49+02:00,,15.701,
2020-04-13 22:33:19+02:00,,15.901,
2020-04-13 22:33:49+02:00,,15.501,
2020-04-13 22:34:19+02:00,,15.701,
2020-04-13 22:34:49+02:00,,16.501,
2020-04-13 22:35:19+02:00,,17.501,
2020-04-13 22:35:49+02:00,,16.701,
2020-04-13 22:36:19+02:00,,16.701,
2020-04-13 22:36:49+02:00,,16.101,
2020-04-13 22:37:19+02:00,,16.101,
2020-04-13 22:37:49+02:00,,16.701,
2020-04-13 22:38:19+02:00,,17.501,
2020-04-13 22:38:49+02:00,,17.301,
2020-04-13 22:39:19+02:00,,17.301,
2020-04-13 22:39:49+02:00,,17.301,
2020-04-13 22:40:19+02:00,,18.501,
2020-04-13 22:40:49+02:00,,18.301,
2020-04-13 22:41:19+02:00,,18.101,
2020-04-13 22:41:49+02:00,,17.901,
2020-04-13 22:42:19+02:00,,17.901,
2020-04-13 22:42:50+02:00,,18.701,
2020-04-13 22:43:20+02:00,,18.701,
2020-04-13 22:43:50+02:00,,18.501,
2020-04-13 22:44:20+02:00,,18.501,
2020-04-13 22:44:50+02:00,,19.101,
2020-04-13 22:45:20+02:00,,19.301,
2020-04-13 22:45:50+02:00,,18.501,
2020-04-13 22:46:20+02:00,,19.101,
2020-04-13 22:46:50+02:00,,18.701,
2020-04-13 22:47:20+02:00,,18.701,
2020-04-13 22:47:50+02:00,,19.101,
2020-04-13 22:48:20+02:00,,19.301,
2020-04-13 22:48:50+02:00,,18.701,
2020-04-13 22:49:22+02:00,,19.901,
2020-04-13 22:49:52+02:00,,19.901,
2020-04-13 22:50:22+02:00,,19.901,
2020-04-13 22:50:52+02:00,,18.901,
2020-04-13 22:51:22+02:00,,19.301,
2020-04-13 22:51:52+02:00,,19.501,
2020-04-13 22:52:22+02:00,,19.301,
2020-04-13 22:52:52+02:00,,19.701,
2020-04-13 22:53:22+02:00,,19.901,
2020-04-13 22:53:52+02:00,,19.901,
2020-04-13 22:54:22+02:00,,19.501,
2020-04-13 22:54:52+02:00,,19.101,
2020-04-13 22:55:22+02:00,,18.501,
2020-04-13 22:55:52+02:00,,18.301,
2020-04-13 22:56:22+02:00,,17.301,
2020-04-13 22:56:52+02:00,,17.701,
2020-04-13 22:57:22+02:00,,18.301,
2020-04-13 22:57:52+02:00,,17.901,
2020-04-13 22:58:23+02:00,,17.501,
2020-04-13 22:58:53+02:00,,17.501,
2020-04-13 22:59:23+02:00,,17.901,
2020-04-13 22:59:54+02:00,,18.801,
2020-04-13 23:00:24+02:00,,17.801,
2020-04-13 23:00:54+02:00,,18.401,
2020-04-13 23:01:24+02:00,,18.601,
2020-04-13 23:01:54+02:00,,18.201,
2020-04-13 23:02:24+02:00,,17.601,
2020-04-13 23:02:54+02:00,,18.401,
2020-04-13 23:03:24+02:00,,18.601,
2020-04-13 23:03:54+02:00,,18.001,
2020-04-13 23:04:24+02:00,,18.001,
2020-04-13 23:04:54+02:00,,17.201,
2020-04-13 23:05:28+02:00,,16.601,
2020-04-13 23:06:06+02:00,,16.601,
2020-04-13 23:06:42+02:00,,16.601,
2020-04-13 23:07:12+02:00,,16.001,
2020-04-13 23:07:42+02:00,,15.601,
2020-04-13 23:08:12+02:00,,15.801,
2020-04-13 23:08:42+02:00,,15.801,
2020-04-13 23:09:12+02:00,,15.601,
2020-04-13 23:09:42+02:00,,15.601,
2020-04-13 23:10:12+02:00,,15.601,
2020-04-13 23:10:42+02:00,,16.001,
2020-04-13 23:11:12+02:00,,15.601,
2020-04-13 23:11:42+02:00,,16.201,
2020-04-13 23:12:12+02:00,,16.001,
2020-04-13 23:12:42+02:00,,16.001,
2020-04-13 23:13:13+02:00,,15.601,
2020-04-13 23:13:43+02:00,,15.401,
2020-04-13 23:14:13+02:00,,15.801,
2020-04-13 23:14:53+02:00,,15.201,
2020-04-13 23:15:27+02:00,,14.801,
2020-04-13 23:15:57+02:00,,14.401,
2020-04-13 23:16:27+02:00,,15.001,
2020-04-13 23:16:57+02:00,,15.001,
2020-04-13 23:17:27+02:00,,15.201,
2020-04-13 23:17:57+02:00,,15.001,
2020-04-13 23:18:27+02:00,,14.201,
2020-04-13 23:18:57+02:00,,14.801,
2020-04-13 23:19:27+02:00,,13.801,
2020-04-13 23:19:57+02:00,,13.601,
2020-04-13 23:20:27+02:00,,14.601,
2020-04-13 23:20:57+02:00,,,
