Date and Time,input_4,input_3,input_2,input_1
2020-04-12 22:50:34+02:00,17.531,14.213,8.417,19.611
2020-04-12 22:51:04+02:00,19.466,13.088,10.533,18.811
2020-04-12 22:51:34+02:00,19.674,12.479,11.195,19.211
2020-04-12 22:52:04+02:00,19.331,14.763,10.007,18.811
2020-04-12 22:52:34+02:00,17.491,14.087,11.718,19.011
2020-04-12 22:53:04+02:00,17.978,13.233,8.96,19.811
2020-04-12 22:53:34+02:00,16.724,12.714,11.739,19.411
2020-04-12 22:54:04+02:00,16.813,15.879,9.619,20.011
2020-04-12 22:54:34+02:00,16.463,13.772,10.619,19.811
2020-04-12 22:55:04+02:00,17.419,15.553,11.543,19.811
2020-04-12 22:55:34+02:00,18.385,12.36,11.511,19.611
2020-04-12 22:56:04+02:00,16.018,12.674,11.333,19.611
2020-04-12 22:56:34+02:00,19.81,14.641,10.627,19.811
2020-04-12 22:57:04+02:00,17.908,15.801,11.947,19.611
2020-04-12 22:57:34+02:00,17.858,13.293,10.581,19.211
2020-04-12 22:58:04+02:00,16.506,14.311,10.681,20.011
2020-04-12 22:58:34+02:00,19.875,15.622,9.285,19.211
2020-04-12 22:59:04+02:00,18.212,12.416,9.333,19.411
2020-04-12 22:59:34+02:00,18.178,14.039,9.152,19.411
2020-04-12 23:00:04+02:00,16.619,14.787,9.505,18.811
2020-04-12 23:00:34+02:00,19.749,14.794,11.889,19.011
2020-04-12 23:01:04+02:00,18.292,12.928,10.902,20.011
2020-04-12 23:01:34+02:00,16.851,13.169,9.554,20.011
2020-04-12 23:02:04+02:00,17.757,12.294,10.499,19.611
2020-04-12 23:02:34+02:00,17.063,14.099,10.53,19.211
2020-04-12 23:03:04+02:00,19.225,15.687,9.824,19.411
2020-04-12 23:03:34+02:00,17.367,14.886,10.217,19.411
2020-04-12 23:04:04+02:00,18.035,12.16,9.541,19.811
2020-04-12 23:04:35+02:00,17.674,14.958,9.714,19.411
2020-04-12 23:05:05+02:00,18.986,12.201,11.486,19.411
2020-04-12 23:05:35+02:00,18.442,15.235,9.773,19.811
2020-04-12 23:06:05+02:00,19.833,12.885,8.763,19.611
2020-04-12 23:06:35+02:00,18.073,14.368,9.632,19.811
2020-04-12 23:07:05+02:00,18.182,12.16,8.216,19.811
2020-04-12 23:07:35+02:00,17.481,14.19,8.505,19.611
2020-04-12 23:08:05+02:00,18.987,12.026,11.862,19.011
2020-04-12 23:08:35+02:00,17.371,14.08,9.999,18.411
2020-04-12 23:09:05+02:00,17.667,14.248,9.581,19.211
2020-04-12 23:09:35+02:00,16.843,14.462,11.469,19.011
2020-04-12 23:10:05+02:00,17.139,12.85,8.567,18.011
2020-04-12 23:10:35+02:00,16.705,15.259,8.459,18.211
2020-04-12 23:11:05+02:00,18.662,12.618,11.919,18.411
2020-04-12 23:11:35+02:00,17.682,15.651,11.317,19.611
2020-04-12 23:12:05+02:00,19.326,14.252,10.536,19.211
2020-04-12 23:12:35+02:00,19.118,15.413,8.164,19.211
2020-04-12 23:13:05+02:00,18.209,13.261,11.258,19.611
2020-04-12 23:13:35+02:00,17.444,12.219,10.806,19.011
2020-04-12 23:14:05+02:00,16.335,15.79,9.188,18.411
2020-04-12 23:14:35+02:00,18.26,14.36,9.848,18.211
2020-04-12 23:15:05+02:00,19.764,12.816,10.295,17.411
2020-04-12 23:15:35+02:00,16.532,15.729,9.693,17.811
2020-04-12 23:16:05+02:00,19.731,13.654,11.982,17.811
2020-04-12 23:16:35+02:00,17.782,13.621,8.022,18.811
2020-04-12 23:17:05+02:00,17.056,12.204,8.884,19.011
2020-04-12 23:17:35+02:00,16.26,15.159,8.636,19.811
2020-04-12 23:18:05+02:00,17.718,15.136,10.283,19.611
2020-04-12 23:18:35+02:00,18.402,14.286,9.089,19.611
2020-04-12 23:19:06+02:00,19.88,15.253,11.425,19.811
2020-04-12 23:19:36+02:00,19.479,13.103,10.159,20.011
2020-04-12 23:20:06+02:00,16.676,13.164,8.313,19.811
2020-04-12 23:20:36+02:00,16.31,15.337,8.586,19.811
2020-04-12 23:21:06+02:00,19.971,14.786,10.921,19.811
2020-04-12 23:21:36+02:00,16.813,12.897,9.541,19.011
2020-04-12 23:22:06+02:00,16.967,12.475,11.818,18.811
2020-04-12 23:22:36+02:00,17.075,14.078,11.936,18.011
2020-04-12 23:23:06+02:00,16.41,13.916,11.209,17.811
2020-04-12 23:23:36+02:00,16.419,14.477,10.802,18.011
2020-04-12 23:24:06+02:00,19.334,13.497,11.258,18.211
2020-04-12 23:24:36+02:00,19.59,13.232,8.435,19.411
2020-04-12 23:25:06+02:00,16.167,15.322,9.127,19.211
2020-04-12 23:25:36+02:00,19.02,13.895,8.578,19.011
2020-04-12 23:26:06+02:00,18.071,14.762,10.429,18.811
2020-04-12 23:26:36+02:00,16.861,12.385,9.564,18.811
2020-04-12 23:27:06+02:00,18.919,13.851,9.997,19.211
2020-04-12 23:27:36+02:00,17.596,14.502,9.909,19.611
2020-04-12 23:28:06+02:00,19.707,14.966,10.238,19.411
2020-04-12 23:28:36+02:00,18.728,13.179,11.463,19.611
2020-04-12 23:29:06+02:00,18.146,15.557,11.626,20.011
2020-04-12 23:29:36+02:00,17.995,13.461,11.798,20.011
2020-04-12 23:30:06+02:00,18.281,14.228,8.125,19.411
2020-04-12 23:30:36+02:00,19.82,14.226,9.252,19.411
2020-04-12 23:31:06+02:00,16.164,15.91,9.775,19.211
2020-04-12 23:31:36+02:00,18.299,12.489,10.112,19.011
2020-04-12 23:32:06+02:00,17.053,13.905,9.756,19.211
2020-04-12 23:32:36+02:00,18.861,15.51,11.523,19.411
2020-04-12 23:33:06+02:00,17.538,13.717,11.628,19.411
2020-04-12 23:33:36+02:00,17.086,15.966,8.987,19.611
2020-04-12 23:34:07+02:00,19.07,13.389,8.718,19.611
2020-04-12 23:34:37+02:00,19.496,13.996,9.202,20.011
2020-04-12 23:35:07+02:00,17.518,12.295,8.054,19.811
2020-04-12 23:35:37+02:00,19.32,14.679,10.121,19.411
2020-04-12 23:36:07+02:00,17.483,15.605,8.454,19.611
2020-04-12 23:36:37+02:00,16.063,15.064,9.145,19.411
2020-04-12 23:37:07+02:00,19.512,15.23,9.896,19.611
2020-04-12 23:37:37+02:00,17.476,14.329,11.189,20.011
2020-04-12 23:38:07+02:00,16.47,14.396,10.723,19.611
2020-04-12 23:38:37+02:00,16.61,14.939,9.177,19.411
2020-04-12 23:39:07+02:00,18.714,14.231,9.646,19.211
2020-04-12 23:39:37+02:00,17.765,12.236,9.878,19.411
2020-04-12 23:40:07+02:00,17.8,12.894,10.988,19.011
2020-04-12 23:40:37+02:00,19.832,15.158,10.255,19.811
2020-04-12 23:41:07+02:00,18.871,15.354,11.562,19.811
2020-04-12 23:41:37+02:00,16.873,15.503,11.078,19.811
2020-04-12 23:42:07+02:00,16.228,15.1,9.07,19.811
2020-04-12 23:42:37+02:00,18.693,14.243,9.7,19.611
2020-04-12 23:43:07+02:00,19.479,13.476,10.765,20.011
2020-04-12 23:43:37+02:00,16.095,14.66,11.247,19.211
2020-04-12 23:44:07+02:00,17.678,12.951,9.532,19.011
2020-04-12 23:44:37+02:00,16.076,12.973,8.48,19.011
2020-04-12 23:45:07+02:00,18.407,14.755,11.388,19.211
2020-04-12 23:45:37+02:00,19.367,15.014,10.605,20.011
2020-04-12 23:46:07+02:00,16.396,12.223,11.724,19.611
2020-04-12 23:46:37+02:00,16.213,12.095,8.843,19.411
2020-04-12 23:47:07+02:00,18.088,14.381,11.179,19.811
2020-04-12 23:47:37+02:00,16.5,12.762,10.459,18.611
2020-04-12 23:48:07+02:00,17.821,14.016,11.11,18.011
2020-04-12 23:48:38+02:00,18.527,13.204,9.037,18.211
2020-04-12 23:49:08+02:00,18.28,15.977,10.751,17.211
2020-04-12 23:49:38+02:00,16.985,13.056,11.091,17.611
2020-04-12 23:50:09+02:00,16.905,15.512,8.115,17.911
2020-04-12 23:50:39+02:00,17.103,12.233,8.308,16.711
2020-04-12 23:51:09+02:00,17.484,13.359,11.274,16.511
2020-04-12 23:51:39+02:00,19.432,14.698,10.34,17.111
2020-04-12 23:52:09+02:00,16.539,14.683,11.805,17.711
2020-04-12 23:52:39+02:00,18.379,13.188,11.482,17.511
2020-04-12 23:53:09+02:00,18.051,14.878,10.854,17.511
2020-04-12 23:53:39+02:00,19.828,14.475,8.331,17.111
2020-04-12 23:54:09+02:00,18.16,13.509,9.609,16.711
2020-04-12 23:54:39+02:00,16.042,12.421,10.672,16.711
2020-04-12 23:55:09+02:00,17.552,13.986,11.443,17.111
2020-04-12 23:55:39+02:00,18.813,13.046,10.997,18.111
2020-04-12 23:56:09+02:00,18.105,12.571,11.415,18.111
2020-04-12 23:56:39+02:00,19.685,14.561,11.982,17.311
2020-04-12 23:57:09+02:00,16.634,12.947,9.634,17.911
2020-04-12 23:57:39+02:00,17.355,14.848,9.074,17.711
2020-04-12 23:58:09+02:00,17.174,12.087,8.459,18.311
2020-04-12 23:58:39+02:00,17.606,12.078,8.419,18.711
2020-04-12 23:59:09+02:00,18.529,15.2,11.371,18.911
2020-04-12 23:59:39+02:00,17.849,13.849,10.502,18.111
2020-04-13 00:00:09+02:00,16.491,14.57,9.305,17.111
2020-04-13 00:00:39+02:00,18.666,13.017,8.748,16.911
2020-04-13 00:01:09+02:00,19.563,14.198,11.944,16.311
2020-04-13 00:01:39+02:00,18.316,13.024,9.009,16.511
2020-04-13 00:02:09+02:00,16.418,14.222,11.109,15.911
2020-04-13 00:02:39+02:00,16.658,14.501,10.126,15.511
2020-04-13 00:03:09+02:00,18.339,12.61,11.953,15.911
2020-04-13 00:03:40+02:00,17.559,13.263,9.225,15.311
2020-04-13 00:04:10+02:00,16.244,15.359,8.412,15.311
2020-04-13 00:04:40+02:00,16.263,12.469,9.875,15.911
2020-04-13 00:05:10+02:00,16.412,14.189,8.471,16.911
2020-04-13 00:05:40+02:00,16.462,14.528,10.183,16.911
2020-04-13 00:06:10+02:00,19.414,14.962,11.828,17.711
2020-04-13 00:06:40+02:00,17.659,13.348,10.678,18.111
2020-04-13 00:07:10+02:00,16.504,12.624,9.925,17.911
2020-04-13 00:07:40+02:00,19.544,12.674,11.797,17.511
2020-04-13 00:08:10+02:00,17.186,12.118,8.936,17.111
2020-04-13 00:08:40+02:00,19.515,12.343,11.547,17.311
2020-04-13 00:09:10+02:00,18.716,13.091,10.907,17.311
2020-04-13 00:09:40+02:00,17.201,12.584,11.728,17.311
2020-04-13 00:10:10+02:00,17.88,12.594,10.695,16.911
2020-04-13 00:10:40+02:00,17.429,15.703,9.955,17.311
2020-04-13 00:11:10+02:00,18.679,14.64,10.685,16.911
2020-04-13 00:11:40+02:00,16.143,14.342,8.509,17.311
2020-04-13 00:12:10+02:00,18.811,14.766,11.549,17.711
2020-04-13 00:13:25+02:00,17.144,12.997,8.069,9.22
2020-04-13 00:13:55+02:00,16.3,15.816,10.934,9.42
2020-04-13 00:14:25+02:00,19.298,12.835,9.419,8.82
2020-04-13 00:14:55+02:00,16.79,14.846,11.981,8.82
2020-04-13 00:15:25+02:00,18.445,15.043,9.697,8.62
2020-04-13 00:15:56+02:00,18.158,13.274,11.412,8.42
2020-04-13 00:16:26+02:00,17.472,15.843,11.363,8.62
2020-04-13 00:16:56+02:00,17.507,14.567,9.761,7.42
2020-04-13 00:17:26+02:00,18.892,13.743,9.096,7.62
2020-04-13 00:17:56+02:00,19.284,12.826,10.558,7.62
2020-04-13 00:18:26+02:00,18.711,15.013,11.841,7.22
2020-04-13 00:18:56+02:00,17.109,12.861,9.56,8.02
2020-04-13 00:19:26+02:00,17.474,15.983,9.959,7.42
2020-04-13 00:19:56+02:00,16.033,13.831,10.303,7.62
2020-04-13 00:20:26+02:00,16.655,12.271,8.768,7.02
2020-04-13 00:20:56+02:00,17.083,14.669,11.205,7.02
2020-04-13 00:21:26+02:00,19.964,15.185,11.997,7.02
2020-04-13 00:21:56+02:00,18.755,15.055,11.546,6.62
2020-04-13 00:22:26+02:00,19.957,14.198,9.632,6.22
2020-04-13 00:22:56+02:00,16.713,13.958,8.078,5.82
2020-04-13 00:23:26+02:00,19.084,13.107,10.863,6.62
2020-04-13 00:23:56+02:00,18.541,13.542,11.023,8.02
2020-04-13 00:24:26+02:00,18.895,12.659,10.621,7.82
2020-04-13 00:24:56+02:00,18.451,15.273,11.839,7.22
2020-04-13 00:25:26+02:00,19.332,14.438,8.15,7.42
2020-04-13 00:25:56+02:00,18.686,13.991,8.444,6.42
2020-04-13 00:26:26+02:00,17.245,13.246,10.504,6.22
2020-04-13 00:26:56+02:00,18.378,14.451,9.766,5.82
2020-04-13 00:27:26+02:00,16.912,15.154,9.705,5.62
2020-04-13 00:27:56+02:00,19.35,12.954,8.916,7.02
2020-04-13 00:28:26+02:00,19.442,12.096,10.914,6.22
2020-04-13 00:28:56+02:00,17.499,15.508,10.487,5.62
2020-04-13 00:29:26+02:00,18.773,14.979,11.1,5.82
2020-04-13 00:29:56+02:00,17.243,15.291,9.079,6.62
2020-04-13 00:30:26+02:00,19.735,12.285,8.078,6.02
2020-04-13 00:30:57+02:00,17.872,14.008,8.343,7.22
2020-04-13 00:31:27+02:00,16.549,15.413,9.595,7.22
2020-04-13 00:31:57+02:00,16.732,14.026,8.715,7.02
2020-04-13 00:32:27+02:00,19.108,14.269,8.042,7.82
2020-04-13 00:32:57+02:00,17.379,13.248,9.045,7.82
2020-04-13 00:33:27+02:00,16.68,13.076,9.036,8.02
2020-04-13 00:33:57+02:00,19.082,13.749,10.8,7.82
2020-04-13 00:34:27+02:00,17.046,15.986,8.496,7.02
2020-04-13 00:34:57+02:00,18.222,12.37,10.576,7.02
2020-04-13 00:35:27+02:00,18.862,12.731,9.672,7.22
2020-04-13 00:35:57+02:00,16.486,14.27,9.288,6.62
2020-04-13 00:36:27+02:00,18.346,15.255,8.543,7.02
2020-04-13 00:36:57+02:00,18.298,15.685,11.965,6.42
2020-04-13 00:37:27+02:00,16.268,13.357,10.726,6.62
2020-04-13 00:37:57+02:00,19.853,12.06,11.668,7.02
2020-04-13 00:38:27+02:00,16.961,15.804,9.016,6.82
2020-04-13 00:38:57+02:00,16.386,13.917,10.717,7.02
2020-04-13 00:39:27+02:00,19.206,13.494,11.637,7.62
2020-04-13 00:39:57+02:00,17.637,12.464,9.024,7.82
2020-04-13 00:40:27+02:00,18.106,13.78,11.68,8.42
2020-04-13 00:40:57+02:00,18.363,12.065,8.509,7.42
2020-04-13 00:41:27+02:00,18.481,15.596,9.221,7.22
2020-04-13 00:41:57+02:00,19.662,12.538,9.3,7.42
2020-04-13 00:42:27+02:00,16.127,13.156,11.921,7.42
2020-04-13 00:42:57+02:00,16.034,15.529,8.886,7.02
2020-04-13 00:43:27+02:00,17.118,15.455,11.368,6.42
2020-04-13 00:43:57+02:00,16.985,14.781,11.749,6.42
2020-04-13 00:44:27+02:00,17.5,15.086,10.09,7.22
2020-04-13 00:44:57+02:00,17.551,14.769,11.369,7.02
2020-04-13 00:45:28+02:00,16.942,12.769,9.662,5.82
2020-04-13 00:45:58+02:00,17.361,15.916,9.851,5.82
2020-04-13 00:46:28+02:00,18.992,15.12,11.998,5.82
2020-04-13 00:46:58+02:00,18.438,14.644,9.232,5.22
2020-04-13 00:47:28+02:00,18.48,12.768,9.104,4.62
2020-04-13 00:47:58+02:00,17.095,15.013,10.771,4.62
2020-04-13 00:48:28+02:00,18.004,15.519,11.937,4.82
2020-04-13 00:48:58+02:00,16.078,14.23,10.446,6.02
2020-04-13 00:49:28+02:00,19.821,13.509,11.981,6.22
2020-04-13 00:49:58+02:00,17.02,15.443,11.697,6.22
2020-04-13 00:50:28+02:00,18.137,13.584,11.644,6.02
2020-04-13 00:50:58+02:00,16.544,14.695,9.384,6.62
2020-04-13 00:51:28+02:00,19.349,12.123,9.176,7.02
2020-04-13 00:51:58+02:00,19.422,14.16,11.568,6.22
2020-04-13 00:52:28+02:00,19.283,15.748,8.009,6.02
2020-04-13 00:52:58+02:00,17.956,15.494,11.942,5.22
2020-04-13 00:53:28+02:00,18.243,12.167,11.666,5.42
2020-04-13 00:53:58+02:00,19.431,15.096,8.31,4.62
2020-04-13 00:54:28+02:00,16.149,15.267,11.223,4.22
2020-04-13 00:54:58+02:00,18.13,14.121,9.821,4.02
2020-04-13 00:55:28+02:00,18.953,14.674,8.213,4.82
2020-04-13 00:55:59+02:00,17.805,12.875,10.462,4.72
2020-04-13 00:56:29+02:00,16.727,15.074,8.472,4.52
2020-04-13 00:56:59+02:00,19.942,13.999,9.374,5.32
2020-04-13 00:57:29+02:00,17.033,15.779,9.309,5.32
2020-04-13 00:57:59+02:00,17.874,15.204,11.207,5.32
2020-04-13 00:58:29+02:00,18.973,15.777,8.436,6.12
2020-04-13 00:58:59+02:00,19.744,12.344,9.836,5.52
2020-04-13 00:59:30+02:00,17.53,13.774,8.171,6.72
2020-04-13 01:00:00+02:00,19.437,12.336,10.577,6.12
2020-04-13 01:00:30+02:00,18.002,13.091,9.557,5.52
2020-04-13 01:01:00+02:00,18.041,12.044,9.471,6.12
2020-04-13 01:01:30+02:00,18.445,15.749,8.044,6.72
2020-04-13 01:02:00+02:00,17.814,12.598,9.736,6.12
2020-04-13 01:02:30+02:00,19.027,12.054,11.261,5.32
2020-04-13 01:03:00+02:00,16.958,15.624,10.299,5.92
2020-04-13 01:03:30+02:00,19.89,13.725,8.569,6.92
2020-04-13 01:04:00+02:00,17.799,13.268,10.567,6.52
2020-04-13 01:04:30+02:00,19.9,12.862,9.634,6.12
2020-04-13 01:05:00+02:00,18.286,13.873,11.136,6.32
2020-04-13 01:05:30+02:00,17.274,15.522,11.702,6.12
2020-04-13 01:06:00+02:00,19.754,12.867,10.88,6.12
2020-04-13 01:06:30+02:00,16.538,14.94,8.346,5.32
2020-04-13 01:07:00+02:00,19.366,12.982,10.507,6.12
2020-04-13 01:07:31+02:00,16.33,13.311,9.048,5.82
2020-04-13 01:08:01+02:00,16.774,14.326,11.215,6.62
2020-04-13 01:08:31+02:00,18.425,12.113,8.003,7.02
2020-04-13 01:09:01+02:00,19.235,14.447,10.072,6.82
2020-04-13 01:09:31+02:00,16.034,13.234,9.371,6.82
2020-04-13 01:10:01+02:00,19.359,15.128,11.459,7.22
2020-04-13 01:10:31+02:00,18.701,15.114,10.693,7.62
2020-04-13 01:11:01+02:00,19.888,14.107,9.908,6.42
2020-04-13 01:11:31+02:00,18.075,14.161,9.16,7.02
2020-04-13 01:12:01+02:00,18.471,14.035,10.933,7.02
2020-04-13 01:12:31+02:00,16.265,14.495,8.395,7.42
2020-04-13 01:13:01+02:00,18.31,12.737,11.97,7.62
2020-04-13 01:13:31+02:00,18.865,12.263,10.964,8.02
2020-04-13 01:14:02+02:00,18.5,14.086,8.028,9.02
2020-04-13 01:14:32+02:00,18.65,15.459,10.064,9.22
2020-04-13 01:15:02+02:00,18.444,12.456,8.017,9.02
2020-04-13 01:15:32+02:00,19.945,13.698,10.113,9.42
2020-04-13 01:16:02+02:00,16.669,13.141,11.422,10.02
2020-04-13 01:16:32+02:00,19.658,14.048,8.219,9.62
2020-04-13 01:17:02+02:00,19.557,15.626,8.28,8.82
2020-04-13 01:17:32+02:00,19.174,13.712,10.0,8.62
2020-04-13 01:18:02+02:00,17.967,13.348,8.748,7.22
2020-04-13 01:18:32+02:00,17.321,13.309,11.294,7.42
2020-04-13 01:19:02+02:00,16.707,15.559,9.889,7.22
2020-04-13 01:19:32+02:00,18.598,12.587,10.288,7.22
2020-04-13 01:20:02+02:00,16.92,13.716,11.372,7.22
2020-04-13 01:20:32+02:00,17.566,12.238,10.983,8.22
2020-04-13 01:21:02+02:00,19.092,13.101,10.516,7.82
2020-04-13 01:21:32+02:00,17.959,12.658,11.153,8.42
2020-04-13 01:22:02+02:00,18.058,12.667,11.018,8.02
2020-04-13 01:22:32+02:00,18.511,14.437,10.284,7.42
2020-04-13 01:23:02+02:00,19.131,14.621,11.7,7.22
2020-04-13 01:23:32+02:00,16.017,13.272,9.432,6.22
2020-04-13 01:24:02+02:00,17.404,13.976,9.199,5.02
2020-04-13 01:24:32+02:00,19.675,14.374,10.409,6.22
2020-04-13 01:25:02+02:00,18.564,13.067,9.712,6.02
2020-04-13 01:25:32+02:00,18.87,14.282,10.436,6.22
2020-04-13 01:26:02+02:00,19.899,14.702,10.259,6.02
2020-04-13 01:26:32+02:00,18.375,12.789,11.776,5.42
2020-04-13 01:27:02+02:00,17.265,12.242,8.643,6.02
2020-04-13 01:27:32+02:00,19.959,13.285,10.989,5.62
2020-04-13 01:28:02+02:00,19.982,13.836,11.896,6.62
2020-04-13 01:28:33+02:00,17.637,14.641,10.066,7.42
2020-04-13 01:29:03+02:00,17.553,12.971,8.556,7.42
2020-04-13 01:29:33+02:00,18.788,14.466,11.711,7.02
2020-04-13 01:30:03+02:00,19.758,15.405,10.638,7.02
2020-04-13 01:30:33+02:00,19.422,12.798,9.981,6.82
2020-04-13 01:31:03+02:00,17.248,12.69,8.804,7.62
2020-04-13 01:31:33+02:00,17.139,13.392,8.677,8.02
2020-04-13 01:32:03+02:00,17.339,12.567,10.357,8.02
2020-04-13 01:32:33+02:00,18.938,13.518,9.266,8.02
2020-04-13 01:33:03+02:00,17.071,13.098,9.182,7.62
2020-04-13 01:33:33+02:00,16.731,13.897,8.134,6.62
2020-04-13 01:34:03+02:00,18.804,12.425,10.577,5.62
2020-04-13 01:34:33+02:00,16.125,14.767,8.778,5.62
2020-04-13 01:35:03+02:00,16.281,12.555,10.11,5.22
2020-04-13 01:35:33+02:00,18.866,12.757,8.371,5.22
2020-04-13 01:36:03+02:00,17.68,12.993,8.11,6.02
2020-04-13 01:36:33+02:00,16.414,13.156,8.7,5.22
2020-04-13 01:37:03+02:00,19.743,12.585,9.353,5.02
2020-04-13 01:37:33+02:00,17.673,14.765,11.766,5.42
2020-04-13 01:38:03+02:00,16.931,12.34,8.813,5.42
2020-04-13 01:38:33+02:00,19.389,14.509,8.268,4.42
2020-04-13 01:39:03+02:00,16.586,13.564,9.931,4.02
2020-04-13 01:39:33+02:00,18.136,14.853,10.468,4.02
2020-04-13 01:40:03+02:00,16.3,15.1,10.52,4.82
2020-04-13 01:40:33+02:00,17.234,15.486,10.621,5.02
2020-04-13 01:41:03+02:00,16.125,15.322,9.935,5.62
2020-04-13 01:41:33+02:00,18.737,15.181,8.345,5.02
2020-04-13 01:42:03+02:00,18.606,12.753,10.434,5.22
2020-04-13 01:42:33+02:00,19.548,13.584,11.732,5.22
2020-04-13 01:43:04+02:00,19.223,13.276,9.04,5.22
2020-04-13 01:43:34+02:00,16.729,14.236,8.362,5.02
2020-04-13 01:44:04+02:00,19.974,14.512,10.117,5.42
2020-04-13 01:44:34+02:00,19.774,15.468,11.893,5.22
2020-04-13 01:45:04+02:00,16.922,12.762,10.184,6.02
2020-04-13 01:45:34+02:00,16.357,13.108,10.942,6.42
2020-04-13 01:46:04+02:00,18.007,14.817,10.938,6.82
2020-04-13 01:46:34+02:00,18.266,14.649,11.983,6.02
2020-04-13 01:47:04+02:00,17.406,14.926,9.838,5.82
2020-04-13 01:47:34+02:00,18.789,13.735,11.65,5.42
2020-04-13 01:48:04+02:00,19.687,14.145,8.559,5.42
2020-04-13 01:48:34+02:00,17.358,14.215,10.959,5.02
2020-04-13 01:49:04+02:00,18.189,12.289,9.645,5.62
2020-04-13 01:49:34+02:00,19.658,13.657,9.026,6.22
2020-04-13 01:50:04+02:00,17.897,15.673,8.035,6.22
2020-04-13 01:50:34+02:00,18.689,12.495,9.97,7.02
2020-04-13 01:51:04+02:00,16.597,14.614,11.62,6.42
2020-04-13 01:51:34+02:00,16.214,15.05,11.463,6.62
2020-04-13 01:52:04+02:00,17.25,13.196,8.332,5.42
2020-04-13 01:52:34+02:00,16.164,15.6,9.773,6.02
2020-04-13 01:53:04+02:00,16.776,14.494,9.722,6.22
2020-04-13 01:53:34+02:00,18.378,15.891,11.734,5.62
2020-04-13 01:54:04+02:00,19.729,14.465,9.462,5.82
2020-04-13 01:54:34+02:00,17.821,15.51,9.116,5.62
2020-04-13 01:55:04+02:00,17.991,15.113,11.001,5.82
2020-04-13 01:55:34+02:00,17.543,12.742,10.412,6.02
2020-04-13 01:56:04+02:00,19.654,15.075,9.698,5.82
2020-04-13 01:56:34+02:00,16.764,14.007,10.464,5.82
2020-04-13 01:57:04+02:00,18.127,14.952,8.855,5.42
2020-04-13 01:57:35+02:00,19.078,14.362,11.548,5.42
2020-04-13 01:58:05+02:00,18.777,12.438,9.217,5.22
2020-04-13 01:58:35+02:00,18.03,15.453,8.219,5.62
2020-04-13 01:59:05+02:00,19.179,15.854,9.031,5.62
2020-04-13 01:59:35+02:00,16.015,12.748,11.363,5.62
2020-04-13 02:00:29+02:00,17.386,14.115,11.29,6.22
2020-04-13 02:00:59+02:00,17.901,15.005,8.2,6.02
2020-04-13 02:01:29+02:00,16.285,14.124,9.27,6.62
2020-04-13 02:01:59+02:00,18.645,15.036,10.878,6.82
2020-04-13 02:02:29+02:00,17.554,13.789,10.095,5.22
2020-04-13 02:02:59+02:00,16.62,13.794,10.498,4.82
2020-04-13 02:03:29+02:00,17.5,12.249,10.046,5.02
2020-04-13 02:03:59+02:00,16.804,12.589,8.581,5.42
2020-04-13 02:04:29+02:00,19.667,13.744,11.34,5.62
2020-04-13 02:04:59+02:00,19.5,15.989,11.511,5.22
2020-04-13 02:05:29+02:00,19.338,15.176,8.28,5.42
2020-04-13 02:05:59+02:00,16.364,15.604,9.681,5.22
2020-04-13 02:06:29+02:00,16.869,13.589,8.789,5.02
2020-04-13 02:06:59+02:00,18.007,13.273,8.064,4.62
2020-04-13 02:07:29+02:00,19.644,12.984,8.283,5.22
2020-04-13 02:07:59+02:00,19.991,13.231,10.88,4.82
2020-04-13 02:08:29+02:00,19.65,15.365,8.268,5.02
2020-04-13 02:08:59+02:00,19.341,14.527,8.231,5.02
2020-04-13 02:09:29+02:00,19.491,14.351,10.519,4.82
2020-04-13 02:09:59+02:00,18.315,13.29,11.687,5.02
2020-04-13 02:10:29+02:00,17.396,15.399,10.24,5.22
2020-04-13 02:10:59+02:00,19.77,13.202,8.07,4.82
2020-04-13 02:11:29+02:00,18.831,15.452,10.691,4.62
2020-04-13 02:12:00+02:00,19.432,12.247,10.734,4.62
2020-04-13 02:12:30+02:00,17.448,13.092,10.201,4.82
2020-04-13 02:13:00+02:00,18.478,13.769,9.65,5.22
2020-04-13 02:13:30+02:00,18.41,13.923,10.906,5.02
2020-04-13 02:14:00+02:00,17.942,12.623,8.141,4.82
2020-04-13 02:14:30+02:00,16.627,14.805,11.16,4.82
2020-04-13 02:15:00+02:00,17.635,12.833,10.636,4.42
2020-04-13 02:15:30+02:00,19.27,14.521,11.8,4.62
2020-04-13 02:16:00+02:00,16.87,15.5,9.835,4.82
2020-04-13 02:16:30+02:00,19.333,15.912,9.728,4.62
2020-04-13 02:17:00+02:00,19.502,13.666,11.334,5.02
2020-04-13 02:17:30+02:00,19.72,13.319,10.852,5.22
2020-04-13 02:18:00+02:00,16.154,15.222,8.509,5.42
2020-04-13 02:18:30+02:00,19.92,14.197,10.368,5.22
2020-04-13 02:19:00+02:00,16.753,14.555,11.869,6.02
2020-04-13 02:19:30+02:00,17.451,13.827,10.174,6.22
2020-04-13 02:20:00+02:00,17.908,13.066,11.738,6.42
2020-04-13 02:20:30+02:00,18.8,14.401,11.526,6.82
2020-04-13 02:21:00+02:00,17.263,13.971,10.869,5.82
2020-04-13 02:21:30+02:00,18.668,15.953,8.361,5.62
2020-04-13 02:22:00+02:00,16.617,14.431,8.199,6.02
2020-04-13 02:22:30+02:00,17.178,14.671,11.386,7.42
2020-04-13 02:23:00+02:00,16.853,12.507,10.059,6.42
2020-04-13 02:23:30+02:00,18.061,14.341,8.723,6.62
2020-04-13 02:24:00+02:00,18.845,15.552,11.942,7.02
2020-04-13 02:24:30+02:00,18.898,13.169,10.587,7.42
2020-04-13 02:25:00+02:00,18.279,12.436,10.386,7.42
2020-04-13 02:25:30+02:00,18.049,15.689,8.738,7.22
2020-04-13 02:26:00+02:00,16.502,12.316,9.21,7.02
2020-04-13 02:26:31+02:00,17.557,12.218,11.136,7.02
2020-04-13 02:27:01+02:00,16.451,15.543,10.999,7.62
2020-04-13 02:27:31+02:00,17.335,13.298,11.647,8.02
2020-04-13 02:28:01+02:00,19.398,13.175,8.982,8.42
2020-04-13 02:28:31+02:00,16.914,12.863,9.991,8.42
2020-04-13 02:29:01+02:00,17.263,14.316,11.745,9.42
2020-04-13 02:29:31+02:00,18.804,14.494,8.904,9.62
2020-04-13 02:30:01+02:00,16.571,13.178,9.667,9.02
2020-04-13 02:30:31+02:00,16.983,13.598,9.757,8.02
2020-04-13 02:31:01+02:00,19.007,15.149,11.236,8.42
2020-04-13 02:31:31+02:00,17.456,12.975,11.423,8.42
2020-04-13 02:32:01+02:00,19.993,13.183,8.067,9.22
2020-04-13 02:32:31+02:00,19.016,13.558,8.129,9.62
2020-04-13 02:33:01+02:00,19.324,14.92,11.592,8.82
2020-04-13 02:33:31+02:00,17.878,12.292,9.912,8.22
2020-04-13 02:34:01+02:00,17.449,15.42,8.321,7.82
2020-04-13 02:34:31+02:00,18.816,15.771,10.585,8.02
2020-04-13 02:35:01+02:00,16.476,12.179,8.98,8.42
2020-04-13 02:35:31+02:00,16.106,12.867,11.756,8.42
2020-04-13 02:36:01+02:00,19.477,15.301,9.181,8.42
2020-04-13 02:36:31+02:00,17.909,12.06,11.756,8.62
2020-04-13 02:37:01+02:00,16.624,13.288,10.374,8.62
2020-04-13 02:37:31+02:00,18.756,14.45,10.144,8.22
2020-04-13 02:38:01+02:00,16.503,15.771,8.147,8.82
2020-04-13 02:38:31+02:00,18.834,12.897,8.233,9.22
2020-04-13 02:39:01+02:00,16.221,15.46,10.317,8.82
2020-04-13 02:39:31+02:00,18.516,15.958,8.078,8.62
2020-04-13 02:40:01+02:00,17.621,14.546,11.712,9.02
2020-04-13 02:40:31+02:00,18.623,12.634,11.941,9.82
2020-04-13 02:41:02+02:00,18.619,13.055,8.207,10.02
2020-04-13 02:41:32+02:00,18.775,12.857,11.995,9.62
2020-04-13 02:42:02+02:00,19.974,13.546,9.156,8.02
2020-04-13 02:42:32+02:00,19.482,12.426,9.731,8.82
2020-04-13 02:43:02+02:00,17.849,12.363,11.122,9.42
2020-04-13 02:43:32+02:00,18.982,12.477,11.243,10.42
2020-04-13 02:44:02+02:00,16.579,14.852,10.951,10.22
2020-04-13 02:44:32+02:00,18.276,13.038,11.257,10.42
2020-04-13 02:45:02+02:00,16.486,12.695,8.67,10.62
2020-04-13 02:45:32+02:00,17.923,12.463,11.388,10.22
2020-04-13 02:46:02+02:00,17.719,13.228,11.815,10.42
2020-04-13 02:46:32+02:00,17.955,12.845,11.068,10.62
2020-04-13 02:47:02+02:00,18.989,14.992,10.154,11.02
2020-04-13 02:47:32+02:00,19.608,15.758,11.386,10.82
2020-04-13 02:48:02+02:00,17.256,13.862,10.785,11.02
2020-04-13 02:48:32+02:00,16.035,13.061,8.309,10.82
2020-04-13 02:49:02+02:00,19.936,15.351,9.684,11.02
2020-04-13 02:49:32+02:00,18.022,12.899,8.902,11.42
2020-04-13 02:50:02+02:00,16.996,12.903,8.453,11.82
2020-04-13 02:50:32+02:00,17.585,13.778,10.0,10.62
2020-04-13 02:51:02+02:00,16.885,13.637,11.929,10.02
2020-04-13 02:51:32+02:00,17.243,13.478,10.83,8.82
2020-04-13 02:52:02+02:00,17.59,15.277,10.672,8.82
2020-04-13 02:52:32+02:00,19.88,14.865,10.705,8.42
2020-04-13 02:53:02+02:00,17.545,13.327,10.467,7.82
2020-04-13 02:53:32+02:00,18.934,14.537,8.33,7.62
2020-04-13 02:54:02+02:00,18.513,15.28,9.003,7.42
2020-04-13 02:54:32+02:00,16.094,12.127,11.628,8.02
2020-04-13 02:55:02+02:00,17.899,14.636,10.575,7.82
2020-04-13 02:55:33+02:00,17.315,13.024,9.326,8.42
2020-04-13 02:56:03+02:00,19.429,14.958,9.18,8.82
2020-04-13 02:56:33+02:00,18.589,12.643,8.767,8.82
2020-04-13 02:57:08+02:00,18.594,14.029,8.447,9.72
2020-04-13 02:57:42+02:00,16.63,12.331,9.939,9.32
2020-04-13 02:58:12+02:00,18.408,12.259,11.597,9.72
2020-04-13 02:58:42+02:00,16.726,13.379,10.101,9.12
2020-04-13 02:59:12+02:00,17.211,15.064,10.525,8.52
2020-04-13 02:59:42+02:00,16.667,14.665,11.496,7.72
2020-04-13 03:00:12+02:00,16.632,15.198,8.737,7.52
2020-04-13 03:00:42+02:00,18.596,13.939,8.522,7.32
2020-04-13 03:01:12+02:00,18.593,14.992,9.98,6.72
2020-04-13 03:01:42+02:00,17.217,15.832,10.797,6.52
2020-04-13 03:02:12+02:00,19.324,12.747,8.577,6.32
2020-04-13 03:02:42+02:00,18.445,14.005,8.05,5.92
2020-04-13 03:03:12+02:00,17.495,13.8,11.138,6.72
2020-04-13 03:03:42+02:00,18.179,14.203,11.869,6.32
2020-04-13 03:04:12+02:00,16.9,13.243,8.313,5.32
2020-04-13 03:04:42+02:00,17.601,12.065,11.281,4.92
2020-04-13 03:05:12+02:00,18.275,13.468,11.877,5.32
2020-04-13 03:05:42+02:00,16.536,12.764,9.672,4.92
2020-04-13 03:06:12+02:00,17.85,15.205,11.608,4.52
2020-04-13 03:06:42+02:00,18.94,12.032,9.294,4.52
2020-04-13 03:07:12+02:00,18.905,15.586,8.587,3.92
2020-04-13 03:07:42+02:00,18.401,13.578,11.169,4.32
2020-04-13 03:08:12+02:00,19.228,12.6,9.728,4.12
2020-04-13 03:08:42+02:00,19.887,12.571,10.337,4.52
2020-04-13 03:09:12+02:00,17.134,15.31,10.335,5.12
2020-04-13 03:09:43+02:00,16.717,13.431,8.16,5.52
2020-04-13 03:10:13+02:00,16.004,15.861,10.846,5.32
2020-04-13 03:10:43+02:00,19.139,13.566,10.183,5.32
2020-04-13 03:11:13+02:00,16.021,15.349,11.046,5.52
2020-04-13 03:11:43+02:00,17.691,13.347,11.494,5.72
2020-04-13 03:12:13+02:00,17.802,14.953,10.331,5.52
2020-04-13 03:12:43+02:00,17.779,14.281,9.179,5.32
2020-04-13 03:13:13+02:00,16.911,14.745,8.728,4.92
2020-04-13 03:13:43+02:00,17.942,13.397,10.657,5.32
2020-04-13 03:14:13+02:00,18.408,14.457,11.459,4.92
2020-04-13 03:14:43+02:00,17.679,14.002,10.329,4.92
2020-04-13 03:15:13+02:00,18.633,12.442,10.607,4.92
2020-04-13 03:15:43+02:00,17.365,13.464,8.009,3.92
2020-04-13 03:16:13+02:00,17.673,14.388,8.539,4.32
2020-04-13 03:16:43+02:00,16.321,13.077,9.061,4.52
2020-04-13 03:17:13+02:00,19.864,12.904,9.634,4.92
2020-04-13 03:17:43+02:00,17.014,13.575,9.532,4.52
2020-04-13 03:18:13+02:00,19.063,14.474,8.452,5.12
2020-04-13 03:18:43+02:00,18.707,13.212,8.146,4.92
2020-04-13 03:19:13+02:00,19.437,12.319,11.065,5.52
2020-04-13 03:19:43+02:00,19.451,12.437,11.426,5.92
2020-04-13 03:20:13+02:00,17.697,14.342,9.957,5.32
2020-04-13 03:20:43+02:00,18.537,12.324,8.486,5.92
2020-04-13 03:21:13+02:00,19.885,15.376,9.098,6.92
2020-04-13 03:21:43+02:00,17.454,12.403,11.23,7.52
2020-04-13 03:22:13+02:00,16.309,14.315,9.544,7.52
2020-04-13 03:22:43+02:00,17.864,12.865,10.557,7.32
2020-04-13 03:23:13+02:00,18.161,12.695,11.139,6.52
2020-04-13 03:23:43+02:00,18.186,14.536,8.36,6.92
2020-04-13 03:24:14+02:00,16.578,13.316,10.378,7.32
2020-04-13 03:24:44+02:00,16.193,15.066,9.095,7.12
2020-04-13 03:25:14+02:00,16.828,13.514,11.438,7.32
2020-04-13 03:25:44+02:00,16.701,15.282,9.123,6.52
2020-04-13 03:26:14+02:00,17.273,14.91,10.294,6.72
2020-04-13 03:26:44+02:00,17.302,14.166,11.294,6.52
2020-04-13 03:27:14+02:00,17.281,15.709,9.841,5.92
2020-04-13 03:27:44+02:00,18.133,12.202,11.035,6.52
2020-04-13 03:28:14+02:00,17.754,13.922,8.962,5.92
2020-04-13 03:28:44+02:00,17.688,13.953,8.497,6.32
2020-04-13 03:29:14+02:00,19.329,15.254,10.496,5.32
2020-04-13 03:29:44+02:00,18.051,13.932,9.974,5.32
2020-04-13 03:30:14+02:00,17.631,15.742,9.722,5.92
2020-04-13 03:30:44+02:00,18.963,14.435,8.159,6.52
2020-04-13 03:31:14+02:00,18.799,14.039,10.731,5.92
2020-04-13 03:31:44+02:00,19.227,13.761,8.819,6.52
2020-04-13 03:32:14+02:00,18.144,14.064,8.453,7.52
2020-04-13 03:32:44+02:00,16.261,13.292,9.241,8.72
2020-04-13 03:33:14+02:00,17.841,15.806,8.36,8.32
2020-04-13 03:33:44+02:00,17.29,14.0,9.662,8.12
2020-04-13 03:34:14+02:00,17.333,14.382,10.096,7.52
2020-04-13 03:34:44+02:00,19.623,15.586,8.816,7.32
2020-04-13 03:35:14+02:00,18.751,15.896,11.989,7.12
2020-04-13 03:35:44+02:00,17.299,15.466,10.415,6.72
2020-04-13 03:36:14+02:00,18.479,14.622,9.326,6.52
2020-04-13 03:36:44+02:00,17.404,14.896,10.104,7.12
2020-04-13 03:37:14+02:00,19.933,12.487,10.254,7.12
2020-04-13 03:37:44+02:00,16.26,13.247,8.084,7.12
2020-04-13 03:38:14+02:00,19.508,14.176,9.269,6.52
2020-04-13 03:38:45+02:00,17.706,13.886,9.786,5.72
2020-04-13 03:39:15+02:00,19.577,15.754,9.85,6.72
2020-04-13 03:39:45+02:00,19.748,14.874,10.082,6.92
2020-04-13 03:40:15+02:00,17.724,14.925,11.046,6.92
2020-04-13 03:40:45+02:00,16.671,14.47,10.05,5.72
2020-04-13 03:41:15+02:00,18.059,15.13,11.761,5.72
2020-04-13 03:41:45+02:00,17.343,13.909,11.316,5.92
2020-04-13 03:42:15+02:00,19.704,12.72,10.898,6.32
2020-04-13 03:42:45+02:00,18.871,13.878,9.469,5.92
2020-04-13 03:43:15+02:00,19.919,15.761,11.506,5.92
2020-04-13 03:43:45+02:00,17.173,14.187,8.503,5.52
2020-04-13 03:44:15+02:00,19.712,13.645,9.093,4.92
2020-04-13 03:44:45+02:00,16.986,14.744,9.869,3.92
2020-04-13 03:45:15+02:00,18.569,12.702,9.419,4.52
2020-04-13 03:45:45+02:00,16.409,14.8,11.315,4.12
2020-04-13 03:46:15+02:00,18.569,12.199,11.782,4.52
2020-04-13 03:46:45+02:00,17.368,13.573,9.703,3.92
2020-04-13 03:47:15+02:00,17.764,15.054,9.299,4.12
2020-04-13 03:47:45+02:00,17.72,14.221,11.9,4.12
2020-04-13 03:48:15+02:00,17.52,15.362,8.125,4.52
2020-04-13 03:48:45+02:00,19.559,14.432,9.304,5.72
2020-04-13 03:49:15+02:00,18.614,14.13,8.084,5.72
2020-04-13 03:49:45+02:00,18.553,14.544,9.884,5.72
2020-04-13 03:50:15+02:00,17.701,13.245,8.295,5.92
2020-04-13 03:50:45+02:00,19.849,15.252,8.005,5.72
2020-04-13 03:51:15+02:00,19.228,14.095,10.406,5.12
2020-04-13 03:51:45+02:00,16.047,13.824,8.681,5.52
2020-04-13 03:52:15+02:00,16.413,14.081,11.709,4.92
2020-04-13 03:52:45+02:00,19.942,12.24,10.903,4.12
2020-04-13 03:53:16+02:00,16.73,12.746,9.058,3.92
2020-04-13 03:53:46+02:00,17.097,12.084,11.965,4.32
2020-04-13 03:54:16+02:00,17.495,14.654,10.614,4.12
2020-04-13 03:54:46+02:00,16.805,13.968,11.907,4.32
2020-04-13 03:55:16+02:00,16.859,14.126,10.355,3.92
2020-04-13 03:55:46+02:00,17.128,12.731,9.254,3.92
2020-04-13 03:56:16+02:00,18.408,14.271,10.842,4.12
2020-04-13 03:56:46+02:00,19.616,15.054,10.133,4.52
2020-04-13 03:57:16+02:00,18.026,13.812,11.319,4.92
2020-04-13 03:57:46+02:00,18.298,13.111,9.563,4.52
2020-04-13 03:58:16+02:00,18.898,13.993,10.473,4.52
2020-04-13 03:58:46+02:00,17.981,15.974,10.189,5.12
2020-04-13 03:59:16+02:00,19.537,15.978,9.982,4.52
2020-04-13 03:59:46+02:00,16.771,13.806,10.104,4.12
2020-04-13 04:00:16+02:00,18.892,14.861,9.753,4.52
2020-04-13 04:00:46+02:00,18.528,12.626,11.796,3.92
2020-04-13 04:01:16+02:00,19.47,15.223,9.964,4.52
2020-04-13 04:01:46+02:00,18.305,12.029,9.01,4.72
2020-04-13 04:02:16+02:00,16.539,14.026,11.134,5.72
2020-04-13 04:02:46+02:00,18.593,12.287,9.494,5.52
2020-04-13 04:03:16+02:00,16.322,15.74,11.086,5.12
2020-04-13 04:03:46+02:00,18.814,12.225,10.698,4.32
2020-04-13 04:04:16+02:00,19.452,14.973,8.728,4.52
2020-04-13 04:04:46+02:00,16.604,13.13,10.157,4.52
2020-04-13 04:05:16+02:00,19.354,15.406,11.236,4.92
2020-04-13 04:05:46+02:00,16.603,14.298,11.832,4.92
2020-04-13 04:06:16+02:00,18.594,15.672,10.847,4.32
2020-04-13 04:06:46+02:00,19.804,14.697,8.29,4.72
2020-04-13 04:07:17+02:00,16.656,14.729,8.727,4.72
2020-04-13 04:07:47+02:00,18.114,13.917,8.804,4.32
2020-04-13 04:08:17+02:00,18.698,13.678,11.167,4.12
2020-04-13 04:08:47+02:00,18.841,15.934,11.979,4.92
2020-04-13 04:09:17+02:00,18.777,12.54,9.13,5.12
2020-04-13 04:09:47+02:00,17.259,15.734,11.548,5.32
2020-04-13 04:10:17+02:00,19.414,13.728,9.765,4.92
2020-04-13 04:10:47+02:00,16.38,13.316,10.311,4.92
2020-04-13 04:11:17+02:00,16.131,14.712,10.066,4.12
2020-04-13 04:11:47+02:00,17.224,15.865,11.806,3.92
2020-04-13 04:12:17+02:00,17.528,13.36,9.817,3.92
2020-04-13 04:12:47+02:00,17.573,14.181,10.222,4.52
2020-04-13 04:13:17+02:00,19.907,15.926,11.454,4.32
2020-04-13 04:13:47+02:00,16.144,14.581,8.935,4.52
2020-04-13 04:14:17+02:00,17.006,12.08,9.22,5.32
2020-04-13 04:14:47+02:00,19.067,13.213,9.694,5.92
2020-04-13 04:15:17+02:00,16.925,13.188,11.08,6.52
2020-04-13 04:15:47+02:00,19.15,14.559,9.966,6.92
2020-04-13 04:16:17+02:00,18.971,14.24,8.831,6.92
2020-04-13 04:16:47+02:00,18.241,15.107,10.113,6.32
2020-04-13 04:17:17+02:00,19.014,15.921,11.541,5.72
2020-04-13 04:17:47+02:00,19.391,12.914,10.41,5.12
2020-04-13 04:18:17+02:00,16.975,13.676,10.632,4.32
2020-04-13 04:18:47+02:00,18.68,15.153,10.166,4.12
2020-04-13 04:19:17+02:00,19.117,15.871,11.503,4.12
2020-04-13 04:19:47+02:00,19.237,15.457,10.237,4.72
2020-04-13 04:20:17+02:00,19.403,13.466,9.689,5.32
2020-04-13 04:20:47+02:00,18.17,14.545,10.182,5.12
2020-04-13 04:21:17+02:00,17.177,15.383,10.763,4.32
2020-04-13 04:21:48+02:00,16.465,15.925,10.412,4.32
2020-04-13 04:22:18+02:00,17.445,15.657,10.748,3.92
2020-04-13 04:22:48+02:00,16.822,12.09,8.867,4.52
2020-04-13 04:23:18+02:00,17.799,14.468,9.898,5.12
2020-04-13 04:23:48+02:00,19.424,15.591,8.087,5.32
2020-04-13 04:24:18+02:00,18.916,12.058,9.211,5.72
2020-04-13 04:24:48+02:00,18.467,12.887,10.722,6.12
2020-04-13 04:25:18+02:00,19.987,14.268,10.184,6.32
2020-04-13 04:25:48+02:00,16.71,15.64,8.381,5.72
2020-04-13 04:26:18+02:00,16.171,12.505,8.956,4.92
2020-04-13 04:26:48+02:00,18.539,14.636,10.412,5.32
2020-04-13 04:27:18+02:00,18.138,14.584,10.929,5.92
2020-04-13 04:27:48+02:00,18.001,14.814,10.331,6.32
2020-04-13 04:28:18+02:00,16.552,13.631,10.717,5.92
2020-04-13 04:28:48+02:00,18.107,12.142,11.696,5.52
2020-04-13 04:29:18+02:00,16.063,15.102,9.163,5.52
2020-04-13 04:29:48+02:00,17.278,13.584,10.27,5.72
2020-04-13 04:30:18+02:00,17.12,15.867,9.539,5.52
2020-04-13 04:30:48+02:00,16.617,15.875,9.56,5.12
2020-04-13 04:31:18+02:00,16.849,12.404,10.171,4.12
2020-04-13 04:31:48+02:00,17.825,14.808,10.249,3.92
2020-04-13 04:32:18+02:00,16.629,13.362,8.322,4.32
2020-04-13 04:32:48+02:00,19.339,12.411,11.549,4.12
2020-04-13 04:33:18+02:00,17.695,12.493,11.007,4.72
2020-04-13 04:33:48+02:00,17.662,14.285,8.841,3.92
2020-04-13 04:34:18+02:00,19.724,15.164,9.439,4.72
2020-04-13 04:34:48+02:00,17.894,12.966,10.097,4.32
2020-04-13 04:35:18+02:00,19.09,12.417,9.242,4.72
2020-04-13 04:35:48+02:00,16.458,15.952,9.717,4.12
2020-04-13 04:36:19+02:00,19.222,15.476,9.822,4.12
2020-04-13 04:36:49+02:00,19.067,13.914,10.616,4.52
2020-04-13 04:37:19+02:00,19.758,12.204,8.365,4.12
2020-04-13 04:37:49+02:00,16.34,12.334,11.156,4.72
2020-04-13 04:38:19+02:00,18.363,15.255,10.713,4.92
2020-04-13 04:38:49+02:00,18.492,15.741,10.165,4.32
2020-04-13 04:39:19+02:00,19.3,13.445,8.121,4.72
2020-04-13 04:39:49+02:00,18.839,12.936,10.973,5.12
2020-04-13 04:40:19+02:00,16.387,15.524,10.174,4.92
2020-04-13 04:40:49+02:00,17.634,12.116,11.057,5.32
2020-04-13 04:41:19+02:00,16.373,15.752,10.721,4.52
2020-04-13 04:41:49+02:00,17.46,12.239,11.611,4.52
2020-04-13 04:42:19+02:00,16.441,15.825,11.262,4.52
2020-04-13 04:42:49+02:00,16.9,15.632,10.248,5.12
2020-04-13 04:43:19+02:00,19.682,12.187,8.845,5.92
2020-04-13 04:43:49+02:00,16.2,15.224,9.025,6.32
2020-04-13 04:44:19+02:00,19.215,13.127,8.14,6.72
2020-04-13 04:44:49+02:00,19.002,14.613,9.11,8.52
2020-04-13 04:45:19+02:00,17.359,13.64,8.134,9.12
2020-04-13 04:45:49+02:00,18.938,15.086,8.12,9.12
2020-04-13 04:46:19+02:00,16.401,13.22,10.253,9.92
2020-04-13 04:46:49+02:00,16.41,15.623,11.135,9.52
2020-04-13 04:47:19+02:00,17.527,14.515,10.183,9.12
2020-04-13 04:47:49+02:00,18.102,14.729,9.598,9.32
2020-04-13 04:48:19+02:00,16.978,15.43,9.979,9.52
2020-04-13 04:48:49+02:00,19.049,15.553,11.878,9.92
2020-04-13 04:49:19+02:00,16.606,12.89,8.292,10.52
2020-04-13 04:49:49+02:00,18.46,12.434,10.886,11.32
2020-04-13 04:50:19+02:00,19.099,14.199,9.933,11.52
2020-04-13 04:50:50+02:00,16.891,14.252,9.099,12.32
2020-04-13 04:51:20+02:00,18.344,12.643,10.84,12.92
2020-04-13 04:51:50+02:00,18.765,13.006,8.51,12.92
2020-04-13 04:52:20+02:00,19.96,12.779,11.383,12.52
2020-04-13 04:52:50+02:00,16.147,13.281,8.98,12.72
2020-04-13 04:53:20+02:00,17.614,14.014,8.888,11.92
2020-04-13 04:53:50+02:00,17.763,14.063,8.049,11.52
2020-04-13 04:54:20+02:00,17.764,13.279,11.713,11.72
2020-04-13 04:54:50+02:00,16.579,14.536,11.585,11.92
2020-04-13 04:55:20+02:00,18.924,13.699,11.748,12.12
2020-04-13 04:55:50+02:00,17.313,13.226,11.791,11.92
2020-04-13 04:56:20+02:00,18.441,14.178,8.781,11.52
2020-04-13 04:56:50+02:00,17.106,12.979,8.979,11.72
2020-04-13 04:57:20+02:00,19.43,14.173,10.303,11.32
2020-04-13 04:57:50+02:00,16.455,13.718,11.315,10.72
2020-04-13 04:58:20+02:00,18.004,15.943,8.937,10.32
2020-04-13 04:58:50+02:00,17.817,13.127,8.066,11.12
2020-04-13 04:59:20+02:00,16.182,15.709,10.353,11.52
2020-04-13 04:59:50+02:00,19.325,12.67,10.63,11.72
2020-04-13 05:00:20+02:00,19.973,15.451,8.617,11.92
2020-04-13 05:00:50+02:00,18.08,13.742,11.377,12.32
2020-04-13 05:01:20+02:00,18.721,13.225,10.609,12.32
2020-04-13 05:01:50+02:00,19.512,14.897,10.006,12.12
2020-04-13 05:02:20+02:00,19.985,14.294,10.212,12.32
2020-04-13 05:02:51+02:00,19.003,13.498,10.48,12.62
2020-04-13 05:03:21+02:00,16.748,12.671,8.57,11.82
2020-04-13 05:03:51+02:00,18.05,13.631,8.104,11.22
2020-04-13 05:04:21+02:00,17.359,14.826,9.868,11.82
2020-04-13 05:04:51+02:00,16.334,15.052,8.867,12.22
2020-04-13 05:05:22+02:00,19.238,15.573,11.934,12.42
2020-04-13 05:05:52+02:00,17.005,12.927,9.366,12.62
2020-04-13 05:06:22+02:00,17.34,13.717,8.252,12.42
2020-04-13 05:06:52+02:00,16.522,14.492,11.643,13.22
2020-04-13 05:07:22+02:00,19.774,13.23,9.094,11.82
2020-04-13 05:07:52+02:00,16.653,12.82,9.035,11.82
2020-04-13 05:08:22+02:00,16.562,13.176,10.942,11.42
2020-04-13 05:08:52+02:00,19.781,15.639,8.779,11.82
2020-04-13 05:09:22+02:00,16.839,12.115,8.015,12.02
2020-04-13 05:09:52+02:00,18.983,13.424,8.137,11.62
2020-04-13 05:10:22+02:00,17.134,13.829,8.685,11.62
2020-04-13 05:10:52+02:00,19.033,15.905,11.04,12.22
2020-04-13 05:11:22+02:00,18.712,12.095,11.836,11.42
2020-04-13 05:11:52+02:00,17.267,13.013,11.002,11.22
2020-04-13 05:12:22+02:00,18.701,12.564,8.961,11.42
2020-04-13 05:12:52+02:00,19.591,15.773,11.621,10.82
2020-04-13 05:13:22+02:00,17.637,15.018,11.155,10.62
2020-04-13 05:13:52+02:00,17.619,12.425,10.986,10.02
2020-04-13 05:14:22+02:00,17.476,14.696,9.228,9.82
2020-04-13 05:14:52+02:00,17.555,12.004,8.571,10.02
2020-04-13 05:15:22+02:00,18.358,14.628,11.73,9.22
2020-04-13 05:15:52+02:00,18.826,12.331,11.668,9.02
2020-04-13 05:16:22+02:00,19.306,14.552,9.898,9.62
2020-04-13 05:16:52+02:00,19.393,15.556,10.873,9.82
2020-04-13 05:17:22+02:00,19.868,12.941,9.174,10.02
2020-04-13 05:17:52+02:00,18.079,14.067,10.283,10.42
2020-04-13 05:18:22+02:00,16.062,13.803,8.881,10.62
2020-04-13 05:18:52+02:00,17.169,15.232,10.947,11.42
2020-04-13 05:19:22+02:00,19.726,15.286,8.741,11.02
2020-04-13 05:19:53+02:00,18.971,14.978,10.127,11.42
2020-04-13 05:20:23+02:00,18.117,12.568,11.567,11.42
2020-04-13 05:20:53+02:00,18.756,12.313,9.675,11.82
2020-04-13 05:21:23+02:00,19.148,14.108,10.512,12.62
2020-04-13 05:21:53+02:00,16.566,12.085,10.361,12.82
2020-04-13 05:22:23+02:00,16.109,15.573,10.023,12.82
2020-04-13 05:22:53+02:00,19.573,14.819,11.302,12.82
2020-04-13 05:23:23+02:00,18.927,15.655,8.66,12.42
2020-04-13 05:23:53+02:00,17.912,12.012,8.267,12.82
2020-04-13 05:24:23+02:00,17.227,13.902,8.87,13.22
2020-04-13 05:24:53+02:00,16.401,13.419,8.642,14.62
2020-04-13 05:25:23+02:00,16.027,14.501,10.78,14.42
2020-04-13 05:25:53+02:00,19.748,13.588,9.336,13.62
2020-04-13 05:26:23+02:00,16.807,13.469,11.675,14.22
2020-04-13 05:26:53+02:00,16.568,15.828,8.372,14.62
2020-04-13 05:27:23+02:00,19.28,13.436,8.964,13.82
2020-04-13 05:27:53+02:00,16.452,12.996,8.163,13.42
2020-04-13 05:28:23+02:00,18.068,13.618,10.659,12.62
2020-04-13 05:28:53+02:00,19.967,12.827,11.191,12.62
2020-04-13 05:29:23+02:00,18.855,12.525,11.534,12.62
2020-04-13 05:29:53+02:00,16.393,12.645,9.306,13.02
2020-04-13 05:30:23+02:00,17.664,12.144,11.186,13.42
2020-04-13 05:30:53+02:00,16.372,13.994,8.873,12.82
2020-04-13 05:31:23+02:00,19.735,15.236,10.405,12.42
2020-04-13 05:31:53+02:00,19.877,14.727,11.575,12.02
2020-04-13 05:32:23+02:00,16.3,13.691,10.355,10.82
2020-04-13 05:32:53+02:00,17.054,12.076,9.318,11.22
2020-04-13 05:33:23+02:00,18.496,15.256,11.818,10.42
2020-04-13 05:33:53+02:00,17.391,15.789,8.359,10.82
2020-04-13 05:34:24+02:00,19.879,13.648,9.503,10.62
2020-04-13 05:34:54+02:00,19.316,14.588,11.314,10.82
2020-04-13 05:35:24+02:00,16.25,14.625,10.844,10.62
2020-04-13 05:35:54+02:00,18.87,14.049,9.703,10.82
2020-04-13 05:36:24+02:00,19.861,14.295,9.922,9.42
2020-04-13 05:36:54+02:00,18.152,12.267,10.904,8.42
2020-04-13 05:37:24+02:00,19.693,15.144,11.189,9.22
2020-04-13 05:37:54+02:00,18.901,15.566,11.267,8.02
2020-04-13 05:38:24+02:00,16.79,13.07,10.684,8.22
2020-04-13 05:38:54+02:00,16.084,15.872,9.876,9.22
2020-04-13 05:39:24+02:00,18.413,12.008,11.73,9.02
2020-04-13 05:39:54+02:00,18.174,14.524,10.241,8.62
2020-04-13 05:40:24+02:00,19.027,15.425,8.986,8.82
2020-04-13 05:40:54+02:00,16.424,13.354,10.965,8.22
2020-04-13 05:41:24+02:00,16.764,15.364,10.774,7.82
2020-04-13 05:41:54+02:00,19.432,12.812,10.373,8.42
2020-04-13 05:42:24+02:00,17.214,13.51,11.183,8.42
2020-04-13 05:42:54+02:00,16.224,15.518,10.131,8.42
2020-04-13 05:43:24+02:00,18.775,13.427,9.092,8.62
2020-04-13 05:43:54+02:00,18.283,13.752,9.129,9.02
2020-04-13 05:44:24+02:00,19.199,15.452,8.292,9.02
2020-04-13 05:44:54+02:00,16.171,15.624,8.733,9.62
2020-04-13 05:45:24+02:00,18.158,13.682,11.141,9.62
2020-04-13 05:45:54+02:00,19.268,12.09,11.874,8.82
2020-04-13 05:46:24+02:00,17.06,15.458,10.311,8.42
2020-04-13 05:46:54+02:00,18.655,15.159,9.071,8.62
2020-04-13 05:47:24+02:00,19.484,15.644,9.675,8.82
2020-04-13 05:47:54+02:00,18.481,12.666,8.502,7.82
2020-04-13 05:48:24+02:00,19.391,13.751,10.136,6.62
2020-04-13 05:48:55+02:00,19.121,14.962,8.101,5.62
2020-04-13 05:49:25+02:00,18.476,15.779,8.619,5.42
2020-04-13 05:49:55+02:00,19.112,12.731,10.091,6.02
2020-04-13 05:50:25+02:00,19.871,12.46,9.101,5.42
2020-04-13 05:50:55+02:00,17.596,14.601,9.29,5.82
2020-04-13 05:51:25+02:00,16.883,12.45,10.34,5.42
2020-04-13 05:51:55+02:00,19.538,12.836,11.816,5.82
2020-04-13 05:52:25+02:00,18.075,15.064,8.633,5.62
2020-04-13 05:52:55+02:00,18.145,15.193,10.615,5.82
2020-04-13 05:53:25+02:00,19.185,14.595,8.956,6.02
2020-04-13 05:53:55+02:00,16.633,13.646,11.915,6.22
2020-04-13 05:54:25+02:00,16.988,12.555,10.357,6.82
2020-04-13 05:54:55+02:00,17.514,13.545,8.552,6.62
2020-04-13 05:55:25+02:00,18.711,15.303,10.236,6.82
2020-04-13 05:55:55+02:00,18.082,14.301,10.964,7.42
2020-04-13 05:56:25+02:00,17.883,15.018,10.51,8.22
2020-04-13 05:56:55+02:00,16.941,12.719,9.303,8.02
2020-04-13 05:57:25+02:00,19.018,12.509,8.374,8.62
2020-04-13 05:57:55+02:00,17.703,13.113,8.182,8.62
2020-04-13 05:58:25+02:00,17.877,15.796,8.612,8.02
2020-04-13 05:58:55+02:00,17.897,12.498,9.024,8.82
2020-04-13 05:59:25+02:00,18.672,12.736,9.237,10.02
2020-04-13 05:59:55+02:00,17.082,12.836,11.75,10.02
2020-04-13 06:00:25+02:00,17.618,15.459,11.018,9.82
2020-04-13 06:00:55+02:00,16.303,15.039,10.184,10.42
2020-04-13 06:01:25+02:00,18.841,12.937,8.536,9.82
2020-04-13 06:01:55+02:00,17.213,13.699,9.504,10.82
2020-04-13 06:02:25+02:00,17.758,14.708,8.361,9.82
2020-04-13 06:02:55+02:00,18.919,13.931,11.698,9.22
2020-04-13 06:03:26+02:00,17.131,15.76,9.873,9.62
2020-04-13 06:03:56+02:00,18.563,15.549,8.88,10.02
2020-04-13 06:04:26+02:00,19.255,13.439,11.55,10.02
2020-04-13 06:04:56+02:00,19.32,14.86,9.86,9.62
2020-04-13 06:05:26+02:00,17.731,14.799,11.09,10.02
2020-04-13 06:05:56+02:00,19.803,12.93,11.734,8.62
2020-04-13 06:06:26+02:00,16.875,12.213,8.097,8.62
2020-04-13 06:06:56+02:00,19.172,15.301,10.934,8.02
2020-04-13 06:07:26+02:00,18.756,15.427,10.424,9.02
2020-04-13 06:07:56+02:00,19.408,14.803,9.87,9.02
2020-04-13 06:08:26+02:00,17.917,13.534,10.64,7.62
2020-04-13 06:08:56+02:00,17.719,15.619,11.536,7.22
2020-04-13 06:09:26+02:00,16.333,13.667,10.618,6.62
2020-04-13 06:09:56+02:00,16.666,15.848,10.191,7.02
2020-04-13 06:10:26+02:00,19.735,15.606,11.805,7.02
2020-04-13 06:10:56+02:00,16.53,12.458,10.813,7.22
2020-04-13 06:11:26+02:00,18.397,15.716,10.314,8.02
2020-04-13 06:11:56+02:00,18.386,13.585,8.516,7.82
2020-04-13 06:12:26+02:00,16.679,13.546,9.072,7.82
2020-04-13 06:12:56+02:00,17.366,15.986,8.484,7.62
2020-04-13 06:13:26+02:00,19.835,14.771,9.43,8.42
2020-04-13 06:13:56+02:00,16.244,13.976,9.035,8.82
2020-04-13 06:14:26+02:00,16.019,12.335,11.61,9.02
2020-04-13 06:14:56+02:00,19.462,12.875,8.553,9.02
2020-04-13 06:15:26+02:00,17.572,15.303,8.712,9.22
2020-04-13 06:15:56+02:00,18.799,13.594,9.692,9.22
2020-04-13 06:16:26+02:00,17.965,13.174,11.99,9.02
2020-04-13 06:16:56+02:00,16.303,12.267,9.096,9.02
2020-04-13 06:17:26+02:00,19.148,15.607,9.535,9.22
2020-04-13 06:17:57+02:00,18.772,14.516,11.984,8.62
2020-04-13 06:18:27+02:00,19.16,15.278,11.429,8.82
2020-04-13 06:18:57+02:00,18.21,12.954,11.224,9.62
2020-04-13 06:19:27+02:00,17.176,13.51,9.001,9.82
2020-04-13 06:19:57+02:00,17.368,15.721,8.443,10.02
2020-04-13 06:20:27+02:00,16.476,14.03,10.516,9.62
2020-04-13 06:20:57+02:00,19.524,14.857,10.431,9.82
2020-04-13 06:21:27+02:00,19.43,12.202,11.178,8.62
2020-04-13 06:21:57+02:00,16.201,14.137,10.283,9.02
2020-04-13 06:22:27+02:00,17.473,13.32,11.787,9.42
2020-04-13 06:22:57+02:00,16.894,13.974,11.576,9.62
2020-04-13 06:23:27+02:00,16.724,13.803,11.777,9.62
2020-04-13 06:23:57+02:00,19.393,14.055,11.62,9.82
2020-04-13 06:24:27+02:00,18.264,14.539,10.518,9.42
2020-04-13 06:24:57+02:00,16.144,12.008,10.535,9.02
2020-04-13 06:25:27+02:00,18.318,12.897,8.307,9.02
2020-04-13 06:25:57+02:00,16.938,13.54,9.621,9.22
2020-04-13 06:26:27+02:00,16.936,14.456,11.227,8.42
2020-04-13 06:26:57+02:00,17.115,14.698,9.796,8.02
2020-04-13 06:27:27+02:00,17.088,15.944,11.906,8.42
2020-04-13 06:27:57+02:00,19.124,15.922,10.519,8.62
2020-04-13 06:28:27+02:00,19.368,15.094,8.868,9.02
2020-04-13 06:28:57+02:00,16.295,12.902,11.467,8.42
2020-04-13 06:29:27+02:00,17.452,13.91,9.854,8.82
2020-04-13 06:29:57+02:00,16.349,15.653,9.433,8.62
2020-04-13 06:30:27+02:00,17.315,15.496,10.692,8.42
2020-04-13 06:30:57+02:00,16.778,12.182,10.976,7.62
2020-04-13 06:31:27+02:00,17.286,12.968,11.087,6.82
2020-04-13 06:31:57+02:00,16.571,12.57,11.886,6.62
2020-04-13 06:32:28+02:00,17.409,14.848,10.076,6.22
2020-04-13 06:32:58+02:00,18.152,12.253,9.547,6.02
2020-04-13 06:33:28+02:00,16.894,15.563,9.675,6.02
2020-04-13 06:33:58+02:00,16.655,13.014,9.638,7.02
2020-04-13 06:34:29+02:00,18.487,15.087,11.965,8.12
2020-04-13 06:34:59+02:00,17.719,15.2,11.55,8.12
2020-04-13 06:35:29+02:00,16.374,13.816,9.933,7.92
2020-04-13 06:35:59+02:00,19.497,14.525,8.497,7.32
2020-04-13 06:36:29+02:00,18.031,12.537,9.24,6.32
2020-04-13 06:36:59+02:00,18.812,15.013,11.037,5.72
2020-04-13 06:37:29+02:00,17.966,14.837,11.143,6.12
2020-04-13 06:37:59+02:00,19.812,12.85,8.306,5.92
2020-04-13 06:38:29+02:00,17.455,12.958,8.23,5.52
2020-04-13 06:38:59+02:00,17.945,14.894,8.546,5.32
2020-04-13 06:39:29+02:00,19.056,15.97,8.681,5.72
2020-04-13 06:39:59+02:00,19.85,13.447,10.891,5.92
2020-04-13 06:40:29+02:00,17.441,12.35,11.329,6.52
2020-04-13 06:40:59+02:00,17.432,14.848,8.158,6.12
2020-04-13 06:41:29+02:00,16.257,12.674,9.397,6.12
2020-04-13 06:41:59+02:00,18.91,12.97,11.566,6.52
2020-04-13 06:42:29+02:00,18.707,14.342,9.446,5.92
2020-04-13 06:42:59+02:00,17.882,12.622,11.027,5.32
2020-04-13 06:43:29+02:00,17.342,15.533,9.141,5.72
2020-04-13 06:43:59+02:00,17.179,15.829,11.612,6.32
2020-04-13 06:44:29+02:00,19.113,14.477,8.956,5.92
2020-04-13 06:44:59+02:00,18.143,15.787,9.335,6.72
2020-04-13 06:45:29+02:00,19.567,15.223,8.698,6.12
2020-04-13 06:45:59+02:00,17.947,15.084,8.172,6.32
2020-04-13 06:46:29+02:00,18.168,13.761,8.783,6.12
2020-04-13 06:47:00+02:00,19.469,13.794,9.666,5.32
2020-04-13 06:47:30+02:00,18.222,15.271,11.89,5.72
2020-04-13 06:48:00+02:00,16.071,13.091,10.976,5.52
2020-04-13 06:48:30+02:00,17.575,12.439,11.464,5.52
2020-04-13 06:49:00+02:00,16.424,15.812,9.196,4.92
2020-04-13 06:49:30+02:00,17.4,15.902,9.68,4.72
2020-04-13 06:50:00+02:00,18.528,13.779,8.975,4.12
2020-04-13 06:50:30+02:00,16.973,14.074,10.071,4.72
2020-04-13 06:51:00+02:00,16.281,12.325,11.607,5.32
2020-04-13 06:51:30+02:00,19.33,13.559,11.24,5.12
2020-04-13 06:52:00+02:00,18.96,14.131,10.648,5.72
2020-04-13 06:52:30+02:00,19.997,15.556,10.413,5.72
2020-04-13 06:53:00+02:00,18.12,15.721,11.531,5.72
2020-04-13 06:53:30+02:00,19.901,15.604,8.387,5.32
2020-04-13 06:54:00+02:00,17.784,15.65,11.402,5.92
2020-04-13 06:54:30+02:00,17.619,14.622,9.178,6.92
2020-04-13 06:55:00+02:00,17.836,13.739,9.248,6.72
2020-04-13 06:55:30+02:00,18.052,15.903,9.307,6.52
2020-04-13 06:56:00+02:00,16.41,14.873,11.577,6.52
2020-04-13 06:56:30+02:00,18.212,14.111,10.922,6.92
2020-04-13 06:57:00+02:00,19.579,14.7,8.795,7.32
2020-04-13 06:57:30+02:00,16.725,13.819,8.219,7.12
2020-04-13 06:58:00+02:00,19.744,13.47,9.256,6.72
2020-04-13 06:58:30+02:00,19.104,13.39,9.061,6.32
2020-04-13 06:59:00+02:00,18.963,14.124,9.614,5.72
2020-04-13 06:59:30+02:00,19.903,13.525,11.599,6.52
2020-04-13 07:00:00+02:00,17.409,15.166,8.213,6.92
2020-04-13 07:00:30+02:00,18.113,13.558,9.318,6.92
2020-04-13 07:01:00+02:00,17.798,13.787,11.753,6.32
2020-04-13 07:01:31+02:00,18.268,12.484,9.813,5.72
2020-04-13 07:02:01+02:00,19.59,15.808,8.342,5.92
2020-04-13 07:02:31+02:00,19.65,15.245,8.041,4.72
2020-04-13 07:03:01+02:00,18.786,12.877,8.984,4.92
2020-04-13 07:03:31+02:00,17.175,14.866,11.095,4.32
2020-04-13 07:04:01+02:00,16.911,15.149,9.662,4.92
2020-04-13 07:04:31+02:00,17.52,15.501,11.933,5.32
2020-04-13 07:05:01+02:00,17.977,12.6,8.552,5.92
2020-04-13 07:05:31+02:00,19.841,12.107,10.431,4.52
2020-04-13 07:06:01+02:00,19.846,12.308,9.56,4.52
2020-04-13 07:06:31+02:00,18.74,13.765,11.282,3.92
2020-04-13 07:07:01+02:00,16.924,12.23,9.502,4.72
2020-04-13 07:07:31+02:00,17.813,15.387,11.367,3.92
2020-04-13 07:08:01+02:00,16.628,15.514,9.662,4.12
2020-04-13 07:08:31+02:00,17.95,13.939,10.409,4.52
2020-04-13 07:09:01+02:00,19.81,14.837,11.884,5.12
2020-04-13 07:09:31+02:00,19.96,15.022,10.602,5.52
2020-04-13 07:10:01+02:00,18.388,12.225,8.673,5.52
2020-04-13 07:10:31+02:00,18.784,15.619,9.102,5.72
2020-04-13 07:11:01+02:00,16.171,13.603,10.528,5.92
2020-04-13 07:11:31+02:00,19.329,14.827,11.637,5.92
2020-04-13 07:12:01+02:00,19.827,15.817,10.3,5.52
2020-04-13 07:12:31+02:00,16.912,15.67,11.292,5.32
2020-04-13 07:13:01+02:00,18.378,12.723,9.777,4.92
2020-04-13 07:13:31+02:00,19.281,14.522,10.631,4.12
2020-04-13 07:14:01+02:00,16.556,14.051,9.945,4.12
2020-04-13 07:14:31+02:00,16.086,14.137,10.153,4.12
2020-04-13 07:15:01+02:00,19.518,13.077,8.637,4.32
2020-04-13 07:15:31+02:00,19.701,12.94,11.684,5.12
2020-04-13 07:16:02+02:00,19.592,13.977,9.633,5.52
2020-04-13 07:16:32+02:00,18.953,13.759,8.72,5.12
2020-04-13 07:17:02+02:00,17.614,13.517,10.998,5.32
2020-04-13 07:17:32+02:00,19.545,14.54,9.577,4.92
2020-04-13 07:18:02+02:00,16.994,14.453,9.859,5.92
2020-04-13 07:18:32+02:00,18.546,13.534,11.28,6.72
2020-04-13 07:19:02+02:00,16.291,14.753,9.533,6.92
2020-04-13 07:19:32+02:00,17.52,13.303,9.928,6.12
2020-04-13 07:20:02+02:00,16.238,12.675,11.43,6.32
2020-04-13 07:20:32+02:00,17.955,13.138,11.171,5.72
2020-04-13 07:21:02+02:00,18.133,13.215,9.121,5.52
2020-04-13 07:21:32+02:00,17.036,12.383,11.176,4.92
2020-04-13 07:22:02+02:00,18.216,13.267,11.577,4.92
2020-04-13 07:22:32+02:00,19.315,15.538,8.719,5.12
2020-04-13 07:23:02+02:00,19.98,13.785,11.677,5.12
2020-04-13 07:23:32+02:00,19.085,13.292,11.457,4.12
2020-04-13 07:24:02+02:00,16.824,14.444,11.386,3.92
2020-04-13 07:24:32+02:00,19.389,14.418,8.184,4.12
2020-04-13 07:25:02+02:00,18.862,14.836,8.216,4.92
2020-04-13 07:25:32+02:00,19.881,12.027,9.521,5.32
2020-04-13 07:26:02+02:00,18.731,13.592,9.71,5.32
2020-04-13 07:26:32+02:00,17.954,14.021,9.653,6.12
2020-04-13 07:27:02+02:00,19.231,13.642,9.075,7.32
2020-04-13 07:27:32+02:00,17.213,12.015,11.144,8.12
2020-04-13 07:28:02+02:00,18.873,12.117,11.058,7.72
2020-04-13 07:28:32+02:00,18.299,15.57,10.231,6.52
2020-04-13 07:29:02+02:00,19.187,15.259,9.732,6.12
2020-04-13 07:29:32+02:00,16.28,12.924,8.787,5.32
2020-04-13 07:30:02+02:00,19.694,12.818,8.418,4.72
2020-04-13 07:30:33+02:00,18.286,14.303,10.865,4.52
2020-04-13 07:31:03+02:00,17.045,13.207,11.151,4.32
2020-04-13 07:31:33+02:00,16.273,14.168,10.217,4.72
2020-04-13 07:32:03+02:00,16.074,12.429,10.481,5.12
2020-04-13 07:32:33+02:00,16.74,12.597,11.811,3.92
2020-04-13 07:33:03+02:00,17.382,13.198,10.839,4.32
2020-04-13 07:33:33+02:00,17.287,15.972,9.423,4.12
2020-04-13 07:34:03+02:00,19.629,12.236,8.725,4.32
2020-04-13 07:34:33+02:00,17.195,14.514,10.618,4.92
2020-04-13 07:35:03+02:00,17.356,13.727,9.998,5.72
2020-04-13 07:35:33+02:00,18.394,14.908,9.085,5.12
2020-04-13 07:36:03+02:00,19.33,15.795,11.014,4.52
2020-04-13 07:36:33+02:00,18.111,14.392,11.174,5.12
2020-04-13 07:37:03+02:00,19.517,13.865,9.618,5.12
2020-04-13 07:37:33+02:00,18.897,13.286,11.246,4.52
2020-04-13 07:38:03+02:00,16.478,14.527,10.248,5.52
2020-04-13 07:38:33+02:00,17.594,15.781,9.25,6.12
2020-04-13 07:39:03+02:00,16.437,15.45,10.476,6.32
2020-04-13 07:39:33+02:00,16.285,13.766,9.754,7.72
2020-04-13 07:40:03+02:00,18.87,15.22,9.274,8.12
2020-04-13 07:40:33+02:00,19.488,15.06,8.809,7.32
2020-04-13 07:41:03+02:00,17.767,12.115,8.173,7.92
2020-04-13 07:41:33+02:00,19.757,13.135,8.734,8.32
2020-04-13 07:42:03+02:00,17.998,14.33,11.514,9.32
2020-04-13 07:42:33+02:00,16.727,12.843,8.339,8.52
2020-04-13 07:43:03+02:00,19.901,13.219,9.744,9.32
2020-04-13 07:43:33+02:00,16.947,13.292,9.936,9.12
2020-04-13 07:44:03+02:00,19.273,14.685,11.79,8.92
2020-04-13 07:44:33+02:00,18.937,12.174,10.109,7.32
2020-04-13 07:45:04+02:00,19.807,14.593,8.11,7.72
2020-04-13 07:45:34+02:00,18.861,12.447,9.471,7.72
2020-04-13 07:46:04+02:00,18.702,14.889,11.752,8.12
2020-04-13 07:46:34+02:00,17.671,13.444,11.841,7.92
2020-04-13 07:47:04+02:00,19.074,15.01,10.463,7.52
2020-04-13 07:47:34+02:00,18.403,12.77,11.828,7.92
2020-04-13 07:48:04+02:00,18.54,15.305,10.605,6.92
2020-04-13 07:48:34+02:00,16.983,14.087,10.142,7.12
2020-04-13 07:49:04+02:00,18.809,12.42,8.875,7.52
2020-04-13 07:49:34+02:00,16.566,13.001,10.145,8.32
2020-04-13 07:50:04+02:00,17.693,13.081,10.349,7.32
2020-04-13 07:50:34+02:00,18.668,14.177,10.057,7.32
2020-04-13 07:51:04+02:00,18.737,13.851,8.177,7.12
2020-04-13 07:51:34+02:00,19.098,12.701,11.095,7.32
2020-04-13 07:52:04+02:00,18.537,15.353,8.137,7.92
2020-04-13 07:52:34+02:00,17.439,13.114,8.415,8.72
2020-04-13 07:53:04+02:00,16.475,15.486,11.616,8.12
2020-04-13 07:53:34+02:00,18.559,12.875,8.197,8.52
2020-04-13 07:54:04+02:00,16.308,15.594,9.458,9.12
2020-04-13 07:54:34+02:00,17.531,14.407,8.642,9.32
2020-04-13 07:55:04+02:00,19.375,13.852,10.251,8.72
2020-04-13 07:55:34+02:00,17.942,15.109,9.45,8.32
2020-04-13 07:56:04+02:00,18.3,13.732,10.39,8.92
2020-04-13 07:56:34+02:00,17.811,13.73,11.032,9.92
2020-04-13 07:57:04+02:00,19.457,13.351,10.154,10.52
2020-04-13 07:57:34+02:00,17.544,13.149,9.343,11.12
2020-04-13 07:58:04+02:00,16.197,14.136,10.488,10.92
2020-04-13 07:58:34+02:00,19.064,14.141,10.696,10.92
2020-04-13 07:59:04+02:00,18.19,15.21,8.153,10.52
2020-04-13 07:59:35+02:00,16.988,12.873,10.567,10.92
2020-04-13 08:00:05+02:00,19.965,14.553,8.279,10.52
2020-04-13 08:00:35+02:00,16.497,15.92,8.541,10.12
2020-04-13 08:01:05+02:00,19.675,15.818,10.818,10.72
2020-04-13 08:01:35+02:00,18.939,15.298,9.921,9.52
2020-04-13 08:02:05+02:00,17.953,13.911,8.482,9.72
2020-04-13 08:02:35+02:00,19.601,13.588,9.935,8.92
2020-04-13 08:03:05+02:00,19.533,13.901,8.937,10.12
2020-04-13 08:03:35+02:00,17.852,15.834,8.829,10.12
2020-04-13 08:04:05+02:00,19.833,13.005,8.951,10.52
2020-04-13 08:04:35+02:00,19.175,12.612,8.173,10.72
2020-04-13 08:05:05+02:00,17.188,14.428,9.766,10.52
2020-04-13 08:05:35+02:00,19.443,12.602,11.348,11.52
2020-04-13 08:06:05+02:00,16.886,13.906,11.058,11.72
2020-04-13 08:06:35+02:00,17.618,14.412,10.609,12.12
2020-04-13 08:07:05+02:00,16.492,13.667,11.497,12.72
2020-04-13 08:07:35+02:00,19.51,13.907,8.767,11.72
2020-04-13 08:08:05+02:00,17.8,15.864,9.921,11.52
2020-04-13 08:08:35+02:00,18.927,13.65,8.856,11.72
2020-04-13 08:09:05+02:00,17.421,14.468,11.776,10.92
2020-04-13 08:09:35+02:00,19.323,14.309,10.899,10.92
2020-04-13 08:10:05+02:00,19.009,12.916,11.431,11.32
2020-04-13 08:10:35+02:00,18.348,12.256,8.865,11.32
2020-04-13 08:11:05+02:00,19.13,14.069,9.811,11.32
2020-04-13 08:11:35+02:00,18.681,15.37,11.639,12.32
2020-04-13 08:12:05+02:00,16.537,12.927,11.609,13.12
2020-04-13 08:12:35+02:00,16.371,15.26,8.658,13.92
2020-04-13 08:13:05+02:00,18.177,13.856,8.313,14.12
2020-04-13 08:13:35+02:00,19.917,13.143,11.113,14.12
2020-04-13 08:14:06+02:00,17.934,14.376,8.949,13.32
2020-04-13 08:14:36+02:00,19.277,15.873,9.632,13.32
2020-04-13 08:15:06+02:00,19.779,13.171,11.564,13.32
2020-04-13 08:15:36+02:00,18.133,15.043,8.044,11.92
2020-04-13 08:16:06+02:00,16.235,12.653,10.002,12.12
2020-04-13 08:16:36+02:00,17.629,13.802,11.62,11.92
2020-04-13 08:17:06+02:00,16.975,15.234,9.069,12.72
2020-04-13 08:17:36+02:00,17.734,12.515,8.988,13.12
2020-04-13 08:18:06+02:00,16.136,12.378,8.628,12.12
2020-04-13 08:18:36+02:00,17.368,15.992,8.975,11.72
2020-04-13 08:19:06+02:00,17.686,14.235,9.594,11.52
2020-04-13 08:19:36+02:00,16.764,13.141,9.647,12.12
2020-04-13 08:20:06+02:00,17.805,15.006,9.561,12.12
2020-04-13 08:20:36+02:00,16.994,14.332,10.688,11.52
2020-04-13 08:21:06+02:00,16.063,15.945,11.124,11.72
2020-04-13 08:21:36+02:00,16.222,13.177,9.891,11.72
2020-04-13 08:22:06+02:00,19.504,14.387,8.888,10.92
2020-04-13 08:22:36+02:00,18.9,13.335,8.367,11.32
2020-04-13 08:23:06+02:00,17.15,15.353,9.202,10.32
2020-04-13 08:23:36+02:00,18.127,14.795,9.504,10.32
2020-04-13 08:24:06+02:00,18.152,15.435,10.933,9.72
2020-04-13 08:24:36+02:00,17.72,15.119,8.128,9.72
2020-04-13 08:25:06+02:00,16.826,14.367,9.028,9.72
2020-04-13 08:25:36+02:00,19.495,13.368,10.02,8.92
2020-04-13 08:26:06+02:00,16.098,13.414,9.44,9.52
2020-04-13 08:26:36+02:00,17.952,14.514,8.14,9.52
2020-04-13 08:27:06+02:00,19.058,15.91,8.598,10.92
2020-04-13 08:27:36+02:00,17.245,14.257,8.243,10.52
2020-04-13 08:28:06+02:00,16.054,14.838,9.481,11.32
2020-04-13 08:28:37+02:00,19.982,12.246,10.476,10.52
2020-04-13 08:29:07+02:00,16.745,12.887,8.753,9.52
2020-04-13 08:29:37+02:00,19.009,12.007,10.747,9.32
2020-04-13 08:30:07+02:00,19.725,12.948,9.632,7.52
2020-04-13 08:30:37+02:00,17.062,12.879,9.424,6.92
2020-04-13 08:31:07+02:00,19.951,15.998,9.865,7.12
2020-04-13 08:31:37+02:00,16.111,12.614,11.941,7.52
2020-04-13 08:32:07+02:00,19.788,15.961,8.138,7.12
2020-04-13 08:32:37+02:00,19.208,13.451,11.498,6.72
2020-04-13 08:33:07+02:00,16.989,13.587,9.86,6.52
2020-04-13 08:33:37+02:00,18.735,14.381,8.161,6.52
2020-04-13 08:34:07+02:00,18.574,13.457,8.029,6.12
2020-04-13 08:34:37+02:00,19.996,14.407,11.414,5.32
2020-04-13 08:35:07+02:00,17.235,14.502,9.986,6.12
2020-04-13 08:35:37+02:00,17.579,13.663,9.442,6.52
2020-04-13 08:36:07+02:00,17.708,15.792,8.449,6.52
2020-04-13 08:36:37+02:00,16.775,13.698,11.294,6.32
2020-04-13 08:37:07+02:00,19.814,13.446,11.302,6.72
2020-04-13 08:37:37+02:00,19.782,14.163,11.286,6.52
2020-04-13 08:38:07+02:00,18.48,13.139,9.921,6.52
2020-04-13 08:38:37+02:00,18.621,13.452,11.887,5.32
2020-04-13 08:39:07+02:00,16.046,12.25,11.18,5.52
2020-04-13 08:39:37+02:00,17.116,15.705,9.73,6.12
2020-04-13 08:40:07+02:00,17.256,15.586,9.542,5.92
2020-04-13 08:40:37+02:00,16.44,14.214,10.895,5.72
2020-04-13 08:41:07+02:00,17.109,12.565,10.574,6.52
2020-04-13 08:41:37+02:00,18.422,13.362,10.062,6.72
2020-04-13 08:42:07+02:00,17.573,13.373,9.254,6.92
2020-04-13 08:42:38+02:00,18.745,12.499,11.689,6.72
2020-04-13 08:43:08+02:00,18.496,15.313,8.351,6.32
2020-04-13 08:43:38+02:00,17.68,12.669,11.477,7.32
2020-04-13 08:44:08+02:00,17.348,12.246,8.4,8.12
2020-04-13 08:44:38+02:00,19.088,13.456,8.256,7.52
2020-04-13 08:45:08+02:00,18.414,12.566,11.409,7.92
2020-04-13 08:45:38+02:00,16.641,13.785,9.294,8.32
2020-04-13 08:46:08+02:00,18.016,14.185,10.756,7.52
2020-04-13 08:46:38+02:00,17.346,12.732,10.771,7.72
2020-04-13 08:47:08+02:00,17.014,12.734,9.568,7.52
2020-04-13 08:47:38+02:00,17.632,15.01,10.127,7.32
2020-04-13 08:48:08+02:00,18.452,12.527,9.961,7.52
2020-04-13 08:48:38+02:00,19.847,12.681,10.042,8.12
2020-04-13 08:49:08+02:00,17.45,13.19,8.781,8.32
2020-04-13 08:49:38+02:00,18.549,13.021,8.271,8.12
2020-04-13 08:50:08+02:00,17.713,14.508,10.288,7.72
2020-04-13 08:50:38+02:00,16.338,14.033,8.584,8.32
2020-04-13 08:51:08+02:00,18.043,12.563,8.583,8.32
2020-04-13 08:51:38+02:00,18.137,14.568,11.627,9.12
2020-04-13 08:52:08+02:00,16.766,13.543,11.073,8.72
2020-04-13 08:52:38+02:00,18.219,15.417,11.373,8.72
2020-04-13 08:53:08+02:00,16.066,15.636,8.444,9.52
2020-04-13 08:53:38+02:00,18.733,14.798,11.937,9.32
2020-04-13 08:54:08+02:00,18.499,12.559,8.204,8.52
2020-04-13 08:54:38+02:00,16.095,15.332,11.663,8.72
2020-04-13 08:55:08+02:00,18.633,13.435,10.731,8.92
2020-04-13 08:55:38+02:00,18.861,15.857,11.019,8.52
2020-04-13 08:56:08+02:00,19.783,14.829,11.432,8.72
2020-04-13 08:56:38+02:00,16.532,12.36,9.858,8.32
2020-04-13 08:57:09+02:00,16.151,15.137,10.309,7.92
2020-04-13 08:57:39+02:00,16.493,13.383,8.711,9.52
2020-04-13 08:58:09+02:00,19.172,14.594,11.599,10.32
2020-04-13 08:58:39+02:00,19.623,13.439,8.843,10.52
2020-04-13 08:59:09+02:00,16.758,13.217,11.295,10.92
2020-04-13 08:59:39+02:00,16.675,12.97,11.599,10.52
2020-04-13 09:00:09+02:00,19.123,13.769,8.17,10.32
2020-04-13 09:00:39+02:00,16.501,15.506,9.526,9.52
2020-04-13 09:01:09+02:00,19.281,13.417,11.531,8.72
2020-04-13 09:01:39+02:00,17.102,12.803,9.319,8.12
2020-04-13 09:02:09+02:00,16.25,15.331,11.22,8.32
2020-04-13 09:02:39+02:00,19.483,13.05,8.656,7.72
2020-04-13 09:03:09+02:00,16.371,13.836,10.426,7.72
2020-04-13 09:03:39+02:00,19.358,14.592,11.026,8.92
2020-04-13 09:04:09+02:00,16.456,12.696,9.444,8.72
2020-04-13 09:04:39+02:00,19.71,14.193,8.578,9.12
2020-04-13 09:05:10+02:00,16.525,12.803,8.116,10.42
2020-04-13 09:05:40+02:00,16.031,13.358,9.231,10.22
2020-04-13 09:06:10+02:00,17.522,12.551,8.48,10.62
2020-04-13 09:06:40+02:00,17.644,13.515,10.623,10.02
2020-04-13 09:07:10+02:00,19.536,15.073,11.928,10.02
2020-04-13 09:07:40+02:00,16.388,15.148,10.481,9.82
2020-04-13 09:08:10+02:00,18.016,15.122,8.822,10.02
2020-04-13 09:08:40+02:00,17.57,15.05,9.25,10.22
2020-04-13 09:09:10+02:00,17.446,14.66,10.108,11.02
2020-04-13 09:09:40+02:00,17.102,13.708,9.392,11.02
2020-04-13 09:10:10+02:00,17.923,14.898,10.754,11.22
2020-04-13 09:10:40+02:00,17.413,14.84,11.691,10.42
2020-04-13 09:11:10+02:00,17.827,14.859,11.128,10.22
2020-04-13 09:11:41+02:00,19.455,13.578,9.219,10.82
2020-04-13 09:12:11+02:00,19.856,12.153,10.141,10.62
2020-04-13 09:12:41+02:00,16.992,12.969,8.46,9.62
2020-04-13 09:13:11+02:00,18.497,14.921,9.582,10.42
2020-04-13 09:13:41+02:00,19.876,14.066,11.06,10.02
2020-04-13 09:14:11+02:00,18.435,14.673,10.298,9.42
2020-04-13 09:14:41+02:00,18.657,13.122,11.391,9.42
2020-04-13 09:15:11+02:00,17.243,15.322,9.525,9.22
2020-04-13 09:15:41+02:00,19.084,15.427,9.422,9.02
2020-04-13 09:16:11+02:00,17.207,13.849,9.853,8.62
2020-04-13 09:16:41+02:00,17.638,15.889,9.134,8.62
2020-04-13 09:17:11+02:00,19.941,14.159,9.785,8.42
2020-04-13 09:17:41+02:00,17.229,15.404,8.546,9.22
2020-04-13 09:18:11+02:00,18.296,15.024,10.556,9.02
2020-04-13 09:18:41+02:00,18.957,12.447,11.753,10.22
2020-04-13 09:19:11+02:00,16.294,13.463,10.477,10.42
2020-04-13 09:19:41+02:00,18.49,12.517,9.218,10.82
2020-04-13 09:20:11+02:00,17.229,13.196,10.129,10.82
2020-04-13 09:20:41+02:00,18.053,12.226,9.703,11.22
2020-04-13 09:21:11+02:00,16.364,14.846,11.949,11.82
2020-04-13 09:21:41+02:00,18.4,14.916,8.782,11.82
2020-04-13 09:22:11+02:00,18.747,14.026,8.083,11.42
2020-04-13 09:22:41+02:00,17.67,12.312,10.495,10.82
2020-04-13 09:23:11+02:00,19.277,12.983,9.847,10.42
2020-04-13 09:23:41+02:00,17.371,15.81,10.594,10.82
2020-04-13 09:24:11+02:00,19.368,14.312,9.766,11.62
2020-04-13 09:24:41+02:00,16.114,12.018,11.526,11.82
2020-04-13 09:25:11+02:00,17.327,13.649,10.968,11.82
2020-04-13 09:25:41+02:00,16.982,14.227,8.374,12.22
2020-04-13 09:26:12+02:00,19.614,12.698,10.238,12.82
2020-04-13 09:26:42+02:00,18.902,14.286,9.834,12.82
2020-04-13 09:27:12+02:00,18.665,14.563,11.233,11.02
2020-04-13 09:27:42+02:00,16.56,12.709,11.962,10.62
2020-04-13 09:28:12+02:00,17.748,12.939,8.637,10.42
2020-04-13 09:28:42+02:00,18.182,12.067,10.363,9.82
2020-04-13 09:29:12+02:00,16.185,15.78,11.956,9.22
2020-04-13 09:29:42+02:00,19.562,12.649,8.117,9.42
2020-04-13 09:30:12+02:00,18.318,14.276,8.602,8.42
2020-04-13 09:30:42+02:00,16.831,13.78,9.964,8.22
2020-04-13 09:31:12+02:00,18.919,14.017,10.52,8.82
2020-04-13 09:31:42+02:00,19.0,14.587,8.014,7.62
2020-04-13 09:32:12+02:00,19.498,12.692,9.182,8.22
2020-04-13 09:32:42+02:00,18.237,12.436,11.058,8.62
2020-04-13 09:33:12+02:00,16.888,13.604,11.498,9.02
2020-04-13 09:33:42+02:00,19.304,12.836,10.103,8.82
2020-04-13 09:34:12+02:00,19.012,15.527,8.027,8.62
2020-04-13 09:34:42+02:00,16.759,14.433,9.381,9.42
2020-04-13 09:35:12+02:00,17.804,14.201,10.011,9.42
2020-04-13 09:35:42+02:00,18.769,15.209,11.198,9.22
2020-04-13 09:36:12+02:00,17.44,13.067,10.942,9.62
2020-04-13 09:36:42+02:00,18.724,12.016,11.621,10.02
2020-04-13 09:37:12+02:00,17.157,13.421,10.245,10.82
2020-04-13 09:37:42+02:00,16.406,15.511,9.683,9.82
2020-04-13 09:38:12+02:00,19.951,12.18,8.062,10.42
2020-04-13 09:38:42+02:00,16.151,14.172,11.398,9.82
2020-04-13 09:39:12+02:00,19.208,14.758,10.154,8.82
2020-04-13 09:39:42+02:00,19.493,14.431,11.834,9.42
2020-04-13 09:40:13+02:00,17.713,15.409,11.742,10.22
2020-04-13 09:40:43+02:00,18.624,14.168,9.907,9.82
2020-04-13 09:41:13+02:00,18.798,14.131,9.468,9.42
2020-04-13 09:41:43+02:00,16.907,13.152,9.202,9.42
2020-04-13 09:42:13+02:00,16.381,12.265,11.6,9.02
2020-04-13 09:42:43+02:00,19.6,13.959,10.604,9.62
2020-04-13 09:43:13+02:00,18.837,14.644,10.373,10.22
2020-04-13 09:43:43+02:00,19.016,14.676,10.275,10.02
2020-04-13 09:44:13+02:00,16.466,15.699,10.083,10.42
2020-04-13 09:44:43+02:00,19.083,15.006,8.842,10.02
2020-04-13 09:45:13+02:00,19.641,13.428,8.572,10.22
2020-04-13 09:45:43+02:00,19.553,15.412,10.222,10.02
2020-04-13 09:46:13+02:00,16.55,12.181,9.241,10.42
2020-04-13 09:46:43+02:00,19.691,14.261,9.731,9.82
2020-04-13 09:47:13+02:00,18.06,12.091,10.968,9.62
2020-04-13 09:47:43+02:00,16.005,12.771,9.784,10.42
2020-04-13 09:48:13+02:00,17.443,13.223,10.96,11.22
2020-04-13 09:48:43+02:00,19.473,12.4,11.876,11.22
2020-04-13 09:49:13+02:00,16.734,12.522,8.231,11.82
2020-04-13 09:49:43+02:00,19.856,14.637,8.342,11.02
2020-04-13 09:50:13+02:00,16.283,14.888,10.292,11.82
2020-04-13 09:50:43+02:00,16.253,13.339,9.943,11.82
2020-04-13 09:51:13+02:00,17.788,14.903,11.228,12.62
2020-04-13 09:51:43+02:00,19.316,12.857,10.305,12.42
2020-04-13 09:52:13+02:00,18.662,12.102,10.13,12.02
2020-04-13 09:52:43+02:00,16.253,13.433,10.172,11.62
2020-04-13 09:53:13+02:00,16.142,14.824,9.484,11.62
2020-04-13 09:53:43+02:00,17.669,13.36,11.852,11.02
2020-04-13 09:54:13+02:00,18.898,14.763,8.231,11.42
2020-04-13 09:54:44+02:00,18.423,13.085,10.092,11.62
2020-04-13 09:55:14+02:00,19.233,15.29,11.116,11.42
2020-04-13 09:55:44+02:00,19.109,15.427,10.16,11.62
2020-04-13 09:56:14+02:00,18.935,15.334,9.439,11.62
2020-04-13 09:56:44+02:00,18.682,15.811,11.104,12.02
2020-04-13 09:57:14+02:00,19.529,13.802,10.436,11.82
2020-04-13 09:57:44+02:00,18.123,14.083,11.048,11.22
2020-04-13 09:58:14+02:00,18.14,14.719,8.025,10.82
2020-04-13 09:58:44+02:00,16.025,12.142,11.805,11.02
2020-04-13 09:59:14+02:00,19.389,15.805,9.31,10.42
2020-04-13 09:59:44+02:00,16.025,15.945,10.283,10.42
2020-04-13 10:00:14+02:00,19.823,15.602,11.305,11.42
2020-04-13 10:00:44+02:00,17.887,14.995,9.389,11.02
2020-04-13 10:01:14+02:00,19.613,14.28,9.785,11.42
2020-04-13 10:01:44+02:00,16.564,15.658,9.648,12.22
2020-04-13 10:02:14+02:00,18.659,14.622,9.533,13.42
2020-04-13 10:02:44+02:00,16.999,15.109,10.979,13.22
2020-04-13 10:03:14+02:00,19.153,15.111,8.069,13.42
2020-04-13 10:03:44+02:00,16.159,12.72,9.667,13.02
2020-04-13 10:04:14+02:00,17.872,13.915,9.574,13.82
2020-04-13 10:04:44+02:00,17.404,13.899,9.372,13.02
2020-04-13 10:05:14+02:00,18.709,14.856,11.897,12.62
2020-04-13 10:05:44+02:00,17.03,14.374,10.382,12.82
2020-04-13 10:06:14+02:00,17.204,13.718,9.064,12.42
2020-04-13 10:06:44+02:00,19.943,13.29,11.865,12.22
2020-04-13 10:07:14+02:00,17.157,15.701,10.973,12.42
2020-04-13 10:07:44+02:00,18.46,14.685,11.37,12.22
2020-04-13 10:08:14+02:00,19.824,15.427,8.013,12.42
2020-04-13 10:08:44+02:00,16.72,13.398,8.223,11.22
2020-04-13 10:15:59+02:00,18.333,12.589,9.691,6.573
2020-04-13 10:16:29+02:00,18.309,15.208,10.536,6.373
2020-04-13 10:17:47+02:00,19.439,15.715,10.749,
2020-04-13 10:18:17+02:00,19.74,14.947,10.876,
2020-04-13 10:18:47+02:00,19.872,12.241,11.781,
2020-04-13 10:19:17+02:00,18.817,13.463,8.886,
2020-04-13 10:36:52+02:00,16.49,13.164,8.4,
2020-04-13 10:37:22+02:00,17.264,12.735,10.469,
2020-04-13 10:37:52+02:00,18.549,12.129,10.916,
2020-04-13 10:38:22+02:00,19.225,15.279,10.702,
2020-04-13 10:38:52+02:00,17.927,13.263,11.773,
2020-04-13 10:39:22+02:00,16.414,13.545,11.365,
2020-04-13 10:39:52+02:00,19.573,12.06,10.745,
2020-04-13 10:40:23+02:00,16.578,14.605,10.422,
2020-04-13 10:40:53+02:00,16.083,13.058,11.636,
2020-04-13 10:41:23+02:00,16.179,15.67,8.58,
2020-04-13 10:41:53+02:00,18.743,15.649,9.178,
2020-04-13 10:42:23+02:00,19.106,12.104,10.35,
2020-04-13 10:42:53+02:00,19.46,15.263,9.816,
2020-04-13 10:43:23+02:00,18.103,15.829,9.76,
2020-04-13 10:43:53+02:00,19.283,15.798,11.845,
2020-04-13 10:44:23+02:00,17.301,12.838,8.439,
2020-04-13 10:44:53+02:00,19.027,14.497,10.396,
2020-04-13 10:45:23+02:00,18.378,13.348,10.631,
2020-04-13 10:45:53+02:00,16.455,14.562,9.183,
2020-04-13 10:46:23+02:00,18.128,12.828,9.853,
2020-04-13 10:46:53+02:00,18.538,14.024,11.554,
2020-04-13 10:47:23+02:00,19.366,12.933,8.73,
2020-04-13 10:47:53+02:00,18.742,13.707,8.582,
2020-04-13 10:48:23+02:00,16.004,15.869,10.331,
2020-04-13 10:48:53+02:00,16.685,13.785,11.134,
2020-04-13 10:49:23+02:00,17.625,12.82,11.828,
2020-04-13 10:49:53+02:00,16.18,12.782,8.307,
2020-04-13 10:50:23+02:00,19.184,13.779,10.075,
2020-04-13 10:50:53+02:00,16.134,12.643,8.757,
2020-04-13 10:51:23+02:00,19.206,13.736,11.37,
2020-04-13 10:51:54+02:00,17.4,15.378,9.851,
2020-04-13 10:52:24+02:00,17.89,12.446,11.028,
2020-04-13 10:52:54+02:00,17.149,12.926,11.493,
2020-04-13 10:53:24+02:00,19.036,13.999,10.504,
2020-04-13 10:53:54+02:00,16.327,12.866,9.684,
2020-04-13 10:54:24+02:00,17.225,12.152,10.102,
2020-04-13 10:54:54+02:00,18.839,15.089,11.337,
2020-04-13 10:55:24+02:00,18.585,12.629,8.931,
2020-04-13 10:55:54+02:00,17.415,12.456,11.54,
2020-04-13 10:56:24+02:00,18.292,15.395,9.853,
2020-04-13 10:56:54+02:00,16.009,14.63,8.379,
2020-04-13 10:57:24+02:00,16.127,13.148,8.928,
2020-04-13 10:57:54+02:00,19.695,13.605,10.256,
2020-04-13 10:58:24+02:00,18.732,14.283,11.532,
2020-04-13 10:58:54+02:00,18.541,12.933,8.119,
2020-04-13 10:59:24+02:00,19.974,15.591,11.593,
2020-04-13 10:59:54+02:00,16.55,13.181,10.759,
2020-04-13 11:00:24+02:00,17.135,13.788,8.447,
2020-04-13 11:00:54+02:00,16.492,13.873,8.378,
2020-04-13 11:01:24+02:00,19.181,14.566,11.275,
2020-04-13 11:01:54+02:00,19.881,12.986,11.354,
2020-04-13 11:02:24+02:00,17.786,12.871,8.279,
2020-04-13 12:13:51+02:00,18.137,15.753,8.524,
2020-04-13 12:21:23+02:00,16.561,15.212,11.013,
2020-04-13 12:23:19+02:00,19.153,15.992,9.498,
2020-04-13 12:23:49+02:00,17.997,12.761,9.81,
2020-04-13 12:24:19+02:00,18.379,14.148,9.083,
2020-04-13 12:24:49+02:00,18.907,12.007,10.441,
2020-04-13 12:25:20+02:00,17.801,14.16,9.026,
2020-04-13 12:25:50+02:00,19.035,14.27,8.712,
2020-04-13 12:26:20+02:00,16.024,15.19,8.832,
2020-04-13 12:26:50+02:00,19.411,12.365,11.038,
2020-04-13 12:27:20+02:00,18.837,15.965,9.981,
2020-04-13 12:27:50+02:00,17.849,14.525,8.555,
2020-04-13 12:28:20+02:00,19.882,12.464,11.145,
2020-04-13 12:28:50+02:00,19.525,15.502,11.033,
2020-04-13 12:29:23+02:00,16.629,14.901,9.559,
2020-04-13 12:51:39+02:00,7.671,7.771,7.671,
2020-04-13 12:53:03+02:00,4.692,4.592,4.492,
2020-04-13 12:53:33+02:00,5.692,5.592,5.692,
2020-04-13 13:06:12+02:00,18.915,12.998,8.258,11.61
2020-04-13 13:07:58+02:00,18.76,15.21,9.324,8.964
2020-04-13 13:09:57+02:00,16.429,12.498,11.109,19.571
2020-04-13 16:36:15+02:00,18.794,13.932,11.928,14.607
2020-04-13 16:36:45+02:00,18.097,14.156,9.653,15.207
2020-04-13 16:37:15+02:00,18.544,12.555,11.543,15.007
2020-04-13 16:37:45+02:00,17.475,13.714,8.423,15.807
2020-04-13 16:38:19+02:00,16.328,12.929,11.047,14.1
2020-04-13 16:40:03+02:00,19.696,15.725,11.359,4.201
2020-04-13 16:40:33+02:00,16.661,12.623,9.468,4.001
2020-04-13 16:41:03+02:00,19.537,15.301,10.431,4.401
2020-04-13 16:41:33+02:00,18.59,13.261,8.723,4.801
2020-04-13 16:42:03+02:00,17.105,12.694,10.56,4.201
2020-04-13 16:42:33+02:00,19.627,13.463,10.47,4.601
2020-04-13 16:43:03+02:00,18.736,13.379,11.331,4.601
2020-04-13 16:43:33+02:00,16.345,12.225,11.75,5.201
2020-04-13 16:44:03+02:00,19.492,14.667,9.539,4.801
2020-04-13 16:44:33+02:00,19.714,12.064,9.95,4.801
2020-04-13 16:45:03+02:00,16.097,14.379,8.109,4.401
2020-04-13 16:45:33+02:00,18.944,14.552,10.636,4.401
2020-04-13 16:46:03+02:00,17.073,12.583,10.061,4.801
2020-04-13 16:46:33+02:00,18.196,15.581,10.764,4.601
2020-04-13 16:47:03+02:00,18.222,12.154,10.906,5.001
2020-04-13 16:47:33+02:00,19.547,12.115,8.18,4.201
2020-04-13 16:48:03+02:00,16.186,13.764,9.151,4.001
2020-04-13 16:48:33+02:00,17.649,14.483,10.786,4.001
2020-04-13 16:49:03+02:00,17.083,14.723,9.482,4.801
2020-04-13 16:49:33+02:00,16.496,13.305,11.416,5.601
2020-04-13 16:50:03+02:00,18.706,15.335,11.165,5.401
2020-04-13 16:50:33+02:00,19.632,13.886,9.925,4.601
2020-04-13 16:51:03+02:00,16.48,15.582,9.271,4.601
2020-04-13 16:51:33+02:00,16.546,14.892,9.628,4.201
2020-04-13 16:52:03+02:00,18.604,15.04,9.211,4.401
2020-04-13 16:52:33+02:00,19.592,12.453,8.225,4.401
2020-04-13 16:53:03+02:00,17.553,12.307,11.637,4.401
2020-04-13 16:53:33+02:00,19.517,15.827,11.557,4.201
2020-04-13 16:54:04+02:00,17.982,15.394,11.679,5.201
2020-04-13 16:54:34+02:00,19.698,12.576,11.329,4.601
2020-04-13 16:55:04+02:00,16.482,12.261,11.571,4.601
2020-04-13 16:55:34+02:00,16.954,15.882,11.728,5.001
2020-04-13 16:56:04+02:00,19.008,13.309,10.88,4.201
2020-04-13 16:56:34+02:00,19.939,12.839,10.19,4.401
2020-04-13 16:57:05+02:00,18.38,14.525,9.764,3.901
2020-04-13 16:57:35+02:00,16.378,15.0,10.89,4.701
2020-04-13 16:58:05+02:00,18.093,14.762,8.462,4.501
2020-04-13 16:58:35+02:00,19.173,14.197,9.553,4.301
2020-04-13 16:59:05+02:00,18.935,14.65,10.667,4.301
2020-04-13 16:59:35+02:00,18.134,15.695,9.626,4.501
2020-04-13 17:00:05+02:00,17.016,13.313,11.121,4.701
2020-04-13 17:00:35+02:00,19.044,13.651,9.752,4.301
2020-04-13 17:01:05+02:00,17.905,14.328,11.694,4.701
2020-04-13 17:01:35+02:00,16.173,15.316,11.767,4.301
2020-04-13 17:02:05+02:00,16.966,14.013,10.309,4.501
2020-04-13 17:02:35+02:00,17.09,15.081,10.026,4.901
2020-04-13 17:03:05+02:00,17.355,14.407,9.285,4.101
2020-04-13 17:03:35+02:00,17.881,12.238,11.049,4.701
2020-04-13 17:04:05+02:00,17.421,12.312,10.035,5.101
2020-04-13 17:04:35+02:00,17.017,14.91,10.677,5.701
2020-04-13 17:05:05+02:00,19.958,14.162,9.612,5.301
2020-04-13 17:05:35+02:00,19.045,14.16,8.139,5.501
2020-04-13 17:06:05+02:00,19.276,13.756,9.906,4.901
2020-04-13 17:06:35+02:00,18.829,13.518,11.844,5.701
2020-04-13 17:07:05+02:00,16.654,14.354,11.906,5.901
2020-04-13 17:07:35+02:00,18.837,15.839,10.393,5.901
2020-04-13 17:08:05+02:00,18.228,12.052,11.667,5.301
2020-04-13 17:08:36+02:00,16.619,13.396,11.739,4.901
2020-04-13 17:09:06+02:00,17.328,14.267,11.64,4.901
2020-04-13 17:09:36+02:00,17.304,13.817,11.677,5.501
2020-04-13 17:10:06+02:00,18.996,14.1,11.308,5.301
2020-04-13 17:10:36+02:00,18.535,15.645,11.987,5.101
2020-04-13 17:11:06+02:00,19.436,15.671,11.491,4.701
2020-04-13 17:11:36+02:00,19.309,14.292,10.717,4.701
2020-04-13 17:12:06+02:00,18.298,14.193,11.591,5.101
2020-04-13 17:12:36+02:00,17.336,12.186,10.063,5.101
2020-04-13 17:13:06+02:00,16.567,14.575,9.861,4.901
2020-04-13 17:13:36+02:00,19.356,15.547,10.788,5.101
2020-04-13 17:14:06+02:00,19.764,12.796,8.242,5.301
2020-04-13 17:14:36+02:00,17.304,14.215,10.994,5.101
2020-04-13 17:15:06+02:00,18.275,14.707,9.601,4.501
2020-04-13 17:15:37+02:00,19.261,12.364,11.54,4.401
2020-04-13 17:16:07+02:00,16.664,14.173,9.232,4.401
2020-04-13 17:16:37+02:00,16.416,12.601,10.318,4.801
2020-04-13 17:17:07+02:00,19.317,14.67,9.226,4.401
2020-04-13 17:17:37+02:00,16.941,15.376,11.021,5.201
2020-04-13 17:18:07+02:00,18.686,12.416,11.113,5.001
2020-04-13 17:18:37+02:00,18.177,14.708,8.254,5.601
2020-04-13 17:19:07+02:00,19.726,14.8,9.644,5.801
2020-04-13 17:19:37+02:00,18.11,13.577,9.226,5.401
2020-04-13 17:20:07+02:00,17.825,14.465,11.094,5.001
2020-04-13 17:20:37+02:00,19.282,14.732,11.474,4.801
2020-04-13 17:21:07+02:00,19.625,12.527,8.817,4.401
2020-04-13 17:21:37+02:00,18.689,12.758,8.668,5.001
2020-04-13 17:22:07+02:00,17.426,13.419,10.599,5.801
2020-04-13 17:22:37+02:00,17.419,14.817,8.714,6.401
2020-04-13 17:23:08+02:00,17.947,14.448,9.731,6.601
2020-04-13 17:23:38+02:00,18.845,14.302,9.429,6.401
2020-04-13 17:24:08+02:00,16.916,14.795,9.381,7.201
2020-04-13 17:24:38+02:00,16.151,14.319,8.209,7.601
2020-04-13 17:25:08+02:00,19.002,13.104,10.927,9.401
2020-04-13 17:25:38+02:00,17.561,12.319,8.936,9.001
2020-04-13 17:26:09+02:00,18.416,13.406,9.723,8.501
2020-04-13 17:26:39+02:00,17.24,12.758,11.638,9.301
2020-04-13 17:27:09+02:00,16.15,15.738,8.994,8.701
2020-04-13 17:27:39+02:00,18.918,15.679,11.391,8.701
2020-04-13 17:28:09+02:00,18.627,12.415,11.398,9.101
2020-04-13 17:28:40+02:00,17.341,12.371,8.672,9.601
2020-04-13 17:29:10+02:00,17.218,15.137,8.977,9.201
2020-04-13 17:29:40+02:00,18.253,12.511,8.075,8.401
2020-04-13 17:30:10+02:00,16.386,13.551,10.962,7.801
2020-04-13 17:30:40+02:00,17.463,15.49,9.858,7.801
2020-04-13 17:31:10+02:00,16.041,14.802,11.586,7.601
2020-04-13 17:31:40+02:00,19.96,13.758,8.832,7.201
2020-04-13 17:32:10+02:00,17.774,13.768,8.275,7.001
2020-04-13 17:32:40+02:00,17.128,15.006,10.96,6.801
2020-04-13 17:33:10+02:00,18.899,12.093,8.308,6.201
2020-04-13 17:33:40+02:00,17.701,15.091,9.376,7.001
2020-04-13 17:34:10+02:00,18.735,14.63,9.862,7.401
2020-04-13 17:34:41+02:00,19.744,12.462,9.632,7.701
2020-04-13 17:35:11+02:00,18.054,15.679,8.295,7.901
2020-04-13 17:35:41+02:00,17.674,14.452,8.448,8.101
2020-04-13 17:36:11+02:00,18.76,12.961,11.219,8.301
2020-04-13 17:36:41+02:00,19.218,15.734,9.224,9.301
2020-04-13 17:37:11+02:00,19.776,13.913,10.327,9.101
2020-04-13 17:37:41+02:00,18.42,12.285,8.043,10.101
2020-04-13 17:38:11+02:00,17.292,12.845,10.321,10.701
2020-04-13 17:38:42+02:00,17.392,12.147,11.716,10.301
2020-04-13 17:39:12+02:00,17.644,15.089,10.492,10.701
2020-04-13 17:39:42+02:00,17.515,14.134,9.298,10.701
2020-04-13 17:40:12+02:00,19.22,14.009,11.26,10.701
2020-04-13 17:40:42+02:00,16.426,15.716,11.105,9.701
2020-04-13 17:41:12+02:00,18.284,15.354,9.874,9.301
2020-04-13 17:41:42+02:00,17.624,13.123,11.183,9.501
2020-04-13 17:42:12+02:00,18.256,14.81,11.699,9.501
2020-04-13 17:42:42+02:00,19.737,12.747,9.25,7.901
2020-04-13 17:43:12+02:00,18.394,13.075,11.907,8.301
2020-04-13 17:43:43+02:00,16.308,13.85,8.066,8.201
2020-04-13 17:44:13+02:00,17.357,12.951,10.822,8.001
2020-04-13 17:44:43+02:00,18.475,14.038,9.632,7.801
2020-04-13 17:45:13+02:00,19.054,15.456,9.337,8.601
2020-04-13 17:45:43+02:00,19.242,12.279,10.543,8.201
2020-04-13 17:46:13+02:00,16.464,15.095,11.913,7.201
2020-04-13 17:46:43+02:00,18.758,12.736,11.452,6.201
2020-04-13 17:47:13+02:00,18.737,15.552,10.496,6.001
2020-04-13 17:47:43+02:00,16.098,12.158,8.508,6.801
2020-04-13 17:48:13+02:00,18.346,15.057,8.428,6.801
2020-04-13 17:48:43+02:00,18.452,12.192,9.414,6.801
2020-04-13 17:49:13+02:00,19.245,13.212,11.364,7.001
2020-04-13 17:49:43+02:00,17.465,12.206,8.157,7.601
2020-04-13 17:50:13+02:00,18.887,13.583,10.362,7.801
2020-04-13 17:50:43+02:00,17.571,13.896,11.852,8.201
2020-04-13 17:51:13+02:00,18.823,14.934,8.162,7.401
2020-04-13 17:51:43+02:00,16.447,14.415,9.75,7.601
2020-04-13 17:52:13+02:00,17.331,15.115,9.312,6.801
2020-04-13 17:52:43+02:00,19.271,15.189,8.993,6.401
2020-04-13 17:53:13+02:00,18.009,12.217,10.627,6.601
2020-04-13 17:53:43+02:00,19.831,12.796,11.916,6.401
2020-04-13 17:54:13+02:00,19.348,15.8,10.423,7.001
2020-04-13 17:54:44+02:00,16.237,14.506,9.553,7.601
2020-04-13 17:55:14+02:00,19.513,14.881,10.48,8.001
2020-04-13 17:55:44+02:00,19.534,12.691,8.751,7.401
2020-04-13 17:56:14+02:00,16.631,15.173,11.049,6.801
2020-04-13 17:56:44+02:00,18.62,14.821,8.364,7.401
2020-04-13 17:57:14+02:00,18.498,13.552,9.404,7.201
2020-04-13 17:57:44+02:00,19.515,12.828,9.312,6.801
2020-04-13 17:58:14+02:00,18.982,13.764,10.581,7.401
2020-04-13 17:58:44+02:00,19.125,12.947,8.157,7.601
2020-04-13 17:59:14+02:00,17.338,15.368,10.921,7.801
2020-04-13 17:59:44+02:00,17.628,13.526,8.961,8.801
2020-04-13 18:00:14+02:00,19.412,14.955,8.554,7.401
2020-04-13 18:00:44+02:00,18.874,12.28,11.21,7.201
2020-04-13 18:01:14+02:00,17.658,14.558,9.079,6.201
2020-04-13 18:01:44+02:00,17.512,13.296,9.581,5.601
2020-04-13 18:02:14+02:00,17.741,14.538,11.01,5.401
2020-04-13 18:02:44+02:00,18.321,13.844,10.543,5.601
2020-04-13 18:03:14+02:00,18.424,14.916,8.727,5.401
2020-04-13 18:03:44+02:00,18.803,12.327,8.914,4.601
2020-04-13 18:04:14+02:00,19.827,13.85,10.227,4.001
2020-04-13 18:04:44+02:00,16.402,15.921,9.81,4.001
2020-04-13 18:05:14+02:00,19.137,14.282,11.848,4.401
2020-04-13 18:05:44+02:00,19.281,12.534,10.035,5.401
2020-04-13 18:06:14+02:00,16.555,12.284,8.035,5.401
2020-04-13 18:06:44+02:00,16.926,12.396,11.731,4.601
2020-04-13 18:07:14+02:00,17.464,12.146,9.844,5.001
2020-04-13 18:07:44+02:00,16.647,13.397,9.955,4.601
2020-04-13 18:08:14+02:00,18.817,15.292,9.311,4.201
2020-04-13 18:08:44+02:00,17.437,15.262,10.835,4.201
2020-04-13 18:09:14+02:00,19.255,13.883,11.354,5.601
2020-04-13 18:09:44+02:00,18.94,12.633,10.098,6.001
2020-04-13 18:10:15+02:00,17.009,14.577,9.109,5.801
2020-04-13 18:10:45+02:00,18.849,13.701,8.92,5.401
2020-04-13 18:11:15+02:00,16.109,13.161,9.138,6.201
2020-04-13 18:11:45+02:00,16.631,15.764,11.42,6.201
2020-04-13 18:12:15+02:00,19.734,13.185,11.22,7.001
2020-04-13 18:12:45+02:00,18.13,15.153,11.905,7.001
2020-04-13 18:13:15+02:00,17.167,14.338,9.434,6.801
2020-04-13 18:13:45+02:00,19.506,13.038,11.335,7.401
2020-04-13 18:14:15+02:00,19.278,14.995,10.301,7.801
2020-04-13 18:14:45+02:00,18.21,14.737,9.753,9.001
2020-04-13 18:15:16+02:00,19.703,13.622,8.736,8.501
2020-04-13 18:15:46+02:00,17.825,13.272,8.274,7.701
2020-04-13 18:16:16+02:00,19.925,13.999,10.494,7.301
2020-04-13 18:16:46+02:00,17.595,12.515,8.115,6.701
2020-04-13 18:17:16+02:00,16.718,14.497,11.221,6.101
2020-04-13 18:17:46+02:00,17.875,15.754,8.614,6.301
2020-04-13 18:18:16+02:00,19.47,14.358,8.047,6.701
2020-04-13 18:18:46+02:00,19.78,14.991,9.143,7.101
2020-04-13 18:19:16+02:00,19.634,13.133,8.129,7.101
2020-04-13 18:19:46+02:00,18.227,13.986,11.452,6.701
2020-04-13 18:20:16+02:00,17.498,15.665,8.479,6.901
2020-04-13 18:20:46+02:00,19.312,15.005,8.924,7.101
2020-04-13 18:21:16+02:00,16.495,15.609,10.429,7.301
2020-04-13 18:21:46+02:00,18.506,14.811,9.407,7.301
2020-04-13 18:22:16+02:00,19.777,14.079,10.098,7.101
2020-04-13 18:22:46+02:00,17.706,15.931,9.606,6.901
2020-04-13 18:23:16+02:00,17.303,14.701,8.103,7.501
2020-04-13 18:23:46+02:00,19.986,14.658,9.412,6.901
2020-04-13 18:24:16+02:00,19.815,12.232,8.307,6.901
2020-04-13 18:24:46+02:00,17.336,15.05,11.928,7.501
2020-04-13 18:25:16+02:00,16.066,13.046,8.222,6.301
2020-04-13 18:25:47+02:00,18.875,13.152,10.219,5.901
2020-04-13 18:26:17+02:00,19.582,15.221,8.652,6.301
2020-04-13 18:26:47+02:00,17.816,15.089,10.762,5.301
2020-04-13 18:27:17+02:00,18.842,14.339,9.463,5.501
2020-04-13 18:27:47+02:00,18.153,13.969,10.435,4.701
2020-04-13 18:28:17+02:00,18.789,13.564,9.901,5.301
2020-04-13 18:28:47+02:00,16.457,13.558,8.293,5.101
2020-04-13 18:29:18+02:00,17.559,13.536,8.869,4.401
2020-04-13 18:29:48+02:00,17.358,13.245,10.247,4.201
