Date and Time,input_4,input_3,input_2,input_1,in_4_calculated,in_3_calculated,in_2_calculated,in_1_calculated
2020-04-11 14:01:05+02:00,19.085,14.145,11.823,11.659,20.0,20.0,20.0,247.094
2020-04-11 14:04:06+02:00,17.247,14.391,9.124,12.059,20.0,20.0,20.0,244.019
2020-04-11 14:07:07+02:00,17.197,15.2,10.34,12.959,20.0,28.416,25.333,240.944
2020-04-11 14:10:07+02:00,17.184,14.848,9.749,12.559,20.0,28.294,26.499,244.019
2020-04-11 14:13:07+02:00,17.589,13.412,9.668,14.759,20.0,28.201,27.486,240.944
2020-04-11 14:16:07+02:00,19.864,12.694,9.456,13.959,20.0,28.026,27.862,234.794
2020-04-11 14:19:08+02:00,17.536,15.813,8.574,14.959,20.0,28.618,27.919,225.569
2020-04-11 14:22:08+02:00,18.461,12.023,10.786,15.959,20.0,31.79,25.188,225.569
2020-04-11 14:25:08+02:00,18.404,14.337,10.382,13.959,20.0,28.204,24.884,234.794
2020-04-11 14:28:08+02:00,16.692,12.655,9.811,13.359,20.0,29.164,24.313,247.094
2020-04-11 14:31:10+02:00,17.684,15.823,8.435,11.359,20.0,29.916,27.209,216.344
2020-04-11 14:34:11+02:00,18.465,13.681,8.625,12.959,20.0,30.762,26.429,231.719
2020-04-11 14:37:11+02:00,17.819,15.338,11.298,13.759,20.0,31.557,27.626,250.169
2020-04-11 14:40:11+02:00,18.66,14.929,10.539,14.359,20.0,29.905,25.756,237.869
2020-04-11 14:43:11+02:00,19.53,15.426,8.514,15.759,20.0,28.295,24.054,247.094
2020-04-11 14:46:11+02:00,17.459,15.947,11.113,14.159,20.0,30.396,26.723,244.019
2020-04-11 14:49:12+02:00,17.035,14.099,8.125,15.959,20.0,31.354,27.562,247.094
2020-04-11 14:52:12+02:00,18.823,12.75,9.667,16.359,20.0,28.951,25.532,234.794
2020-04-11 14:55:12+02:00,19.372,15.313,11.275,13.959,20.0,30.381,27.179,247.094
2020-04-11 14:58:12+02:00,17.328,13.99,9.065,15.359,20.0,31.512,24.115,217.882
2020-04-11 15:01:12+02:00,18.138,13.238,8.478,16.959,20.0,30.878,26.854,211.732
2020-04-11 15:04:14+02:00,18.129,12.841,11.52,16.459,20.0,28.571,27.415,220.957
2020-04-11 15:07:14+02:00,17.545,13.644,8.265,16.259,20.0,31.2,27.371,233.257
2020-04-11 15:10:14+02:00,19.655,14.09,11.041,18.659,20.0,30.222,27.109,187.132
2020-04-11 15:13:14+02:00,16.586,14.589,9.784,19.059,20.0,30.189,24.471,202.507
2020-04-11 15:16:15+02:00,17.348,14.036,9.939,19.959,20.0,28.118,24.936,205.582
2020-04-11 15:19:16+02:00,18.782,14.765,11.601,19.559,20.0,30.64,26.685,202.507
2020-04-11 15:22:16+02:00,17.783,15.523,9.41,16.959,20.0,30.846,27.981,78.1075
2020-04-11 15:25:16+02:00,19.274,14.116,10.846,15.959,20.0,28.826,26.558,59.6575
2020-04-11 15:28:16+02:00,17.356,14.454,11.913,17.159,24.0884,23.3341,22.2516,50.4325
2020-04-11 15:31:16+02:00,18.314,13.841,11.971,15.959,24.5441,22.9819,22.1947,65.8075
2020-04-11 15:34:17+02:00,17.155,14.14,8.175,14.559,24.4931,23.2659,21.8019,31.9825
2020-04-11 15:37:17+02:00,19.91,13.832,8.386,16.159,24.1384,23.5284,21.5872,44.2825
2020-04-11 15:40:17+02:00,17.255,14.407,10.013,16.559,24.1809,22.89,21.5766,62.7325
2020-04-11 15:43:17+02:00,17.12,12.894,11.04,17.559,23.9019,23.2094,21.6525,44.2825
2020-04-11 15:46:17+02:00,18.349,15.082,11.333,12.759,23.8706,23.0991,22.0991,50.4325
2020-04-11 15:49:18+02:00,17.553,12.623,9.915,14.359,24.8944,22.6681,21.6562,56.5825
2020-04-11 15:52:18+02:00,19.381,13.11,9.953,12.959,24.2347,23.3653,22.3028,50.4325
2020-04-11 15:55:18+02:00,18.43,12.38,10.747,13.759,24.0922,23.4416,22.1159,13.5325
2020-04-11 15:58:18+02:00,19.79,12.841,10.59,14.559,23.92,23.3422,21.6825,44.2825
2020-04-11 16:01:19+02:00,17.186,13.107,10.255,14.359,24.8222,23.4675,21.3469,13.5325
2020-04-11 16:04:19+02:00,19.769,12.678,9.734,12.959,24.9819,23.1247,21.6794,24.295
2020-04-11 16:07:19+02:00,19.636,13.657,11.064,14.759,24.8241,22.605,22.0553,36.595
2020-04-11 16:10:19+02:00,18.13,14.378,9.397,12.759,24.0494,23.6325,21.9684,33.52
2020-04-11 16:13:19+02:00,18.633,14.213,8.436,10.159,24.9231,22.7709,22.15,36.595
2020-04-11 16:16:20+02:00,18.08,12.403,10.674,7.159,24.7609,23.2647,21.8975,47.3575
2020-04-11 16:19:20+02:00,18.572,14.217,11.2,7.159,24.5222,23.1359,22.1666,50.4325
2020-04-11 16:22:20+02:00,19.75,15.391,9.609,5.759,24.5138,22.6425,21.2553,81.1825
2020-04-11 16:25:20+02:00,16.05,14.881,11.395,8.359,24.3647,22.9212,21.4837,53.5075
2020-04-11 16:28:20+02:00,19.258,13.4,9.023,9.759,24.7162,22.8441,22.0362,62.7325
2020-04-11 16:31:21+02:00,16.422,14.714,10.015,11.359,24.1887,23.1175,21.6247,19.6825
2020-04-11 16:34:21+02:00,17.162,15.129,9.393,12.359,24.1453,22.5756,21.4509,35.0575
2020-04-11 16:37:21+02:00,17.805,15.522,9.279,14.959,24.9244,23.5641,22.0744,50.4325
2020-04-11 16:40:22+02:00,19.222,13.435,8.528,15.459,24.0847,22.8431,21.6194,59.6575
2020-04-11 16:43:22+02:00,16.938,12.894,9.911,15.059,24.275,22.8103,21.2844,35.0575
2020-04-11 16:46:23+02:00,17.88,12.812,8.731,14.459,23.9331,22.9888,21.8534,4.3075
2020-04-11 16:49:23+02:00,19.85,14.026,8.23,14.259,24.5644,22.7353,22.0106,22.7575
2020-04-11 16:52:23+02:00,17.669,15.471,11.508,15.459,24.0381,22.7381,21.9325,35.0575
2020-04-11 16:55:23+02:00,19.631,14.778,9.054,16.859,24.9022,23.1703,21.4247,25.8325
2020-04-11 16:58:23+02:00,17.427,12.971,9.931,17.259,23.9366,23.3169,22.3813,41.2075
2020-04-11 17:01:24+02:00,17.662,12.955,9.912,17.059,24.9153,23.2703,21.7069,31.9825
2020-04-11 17:04:24+02:00,16.511,13.217,8.089,17.459,24.4147,23.4225,21.5172,25.8325
2020-04-11 17:07:24+02:00,18.115,12.744,9.412,15.859,23.9438,23.0606,22.0306,16.6075
2020-04-11 17:10:24+02:00,18.671,15.123,10.939,15.659,23.8638,23.6262,21.7753,22.7575
2020-04-11 17:13:24+02:00,16.153,15.303,10.604,14.659,24.7941,23.2897,21.3222,19.6825
2020-04-11 17:16:25+02:00,16.962,13.229,8.581,15.459,24.8225,22.5772,22.1044,13.5325
2020-04-11 17:19:25+02:00,18.391,15.437,9.119,17.259,24.2609,22.7603,22.0737,10.4575
2020-04-11 17:22:25+02:00,17.094,13.766,11.708,19.059,23.7981,23.5069,21.4091,25.8325
2020-04-11 17:25:25+02:00,16.85,14.342,9.816,17.259,24.1447,23.1159,22.1466,31.9825
2020-04-11 17:28:25+02:00,18.462,13.253,9.864,18.259,24.6391,23.61,22.4819,50.4325
2020-04-11 17:31:26+02:00,18.855,12.477,11.888,17.459,23.8909,23.6072,22.1872,59.6575
2020-04-11 17:34:26+02:00,16.206,13.09,10.974,18.259,23.9284,22.8681,21.7709,81.1825
2020-04-11 18:00:15+02:00,16.548,12.654,8.63,17.982,24.7887,23.4125,22.3725,78.1075
2020-04-11 18:03:15+02:00,18.29,14.397,11.935,18.182,24.8366,23.5316,21.6191,71.9575
2020-04-11 18:06:18+02:00,16.573,14.189,8.692,7.779,23.8191,23.5812,21.9741,78.1075
2020-04-11 18:09:18+02:00,19.71,13.956,11.749,8.179,24.9919,22.9831,21.6112,65.8075
2020-04-11 18:12:18+02:00,16.913,13.198,10.379,7.179,23.9019,22.7172,21.4594,105.783
2020-04-11 18:15:19+02:00,19.049,12.468,11.328,6.379,24.1425,23.0819,22.1203,111.933
2020-04-11 18:18:19+02:00,19.734,13.067,11.218,5.979,24.0266,23.0116,22.4778,96.5575
2020-04-11 18:21:19+02:00,18.103,15.668,8.052,5.579,24.5353,23.525,21.5634,56.5825
2020-04-11 18:24:19+02:00,18.595,15.665,9.547,4.779,24.5606,23.1341,21.3897,91.945
2020-04-11 18:27:23+02:00,18.299,15.474,10.955,15.284,23.9475,23.4994,21.4803,58.12
2020-04-11 18:30:23+02:00,18.449,13.391,8.004,13.284,24.2172,23.0625,22.2306,45.82
2020-04-11 18:33:23+02:00,16.433,15.596,11.714,13.084,24.3281,23.5016,22.3775,11.995
2020-04-11 18:36:24+02:00,16.742,15.641,9.677,15.884,24.1044,23.5344,21.9797,21.22
2020-04-11 18:39:24+02:00,19.112,13.836,8.264,15.684,24.3131,23.4228,21.9784,27.37
2020-04-11 18:42:24+02:00,18.073,13.485,8.544,14.084,24.5728,22.6381,22.0647,18.145
2020-04-11 18:45:24+02:00,18.423,14.301,8.112,13.284,24.7072,23.2731,21.3913,21.22
2020-04-11 18:48:24+02:00,17.721,15.032,10.603,13.884,24.9641,23.555,21.5931,48.895
2020-04-11 18:51:25+02:00,18.088,12.651,8.191,13.684,23.9306,22.9112,21.9931,55.045
2020-04-11 18:54:25+02:00,18.983,14.393,8.351,13.884,24.1503,23.6591,21.8253,33.52
2020-04-11 18:57:25+02:00,19.111,13.738,8.178,12.684,24.2597,23.6694,21.7881,33.52
2020-04-11 19:00:25+02:00,18.302,12.813,11.76,11.284,24.3253,23.6894,21.3625,70.42
2020-04-11 19:03:26+02:00,19.466,12.829,10.8,10.484,24.5247,23.3194,21.6644,42.745
2020-04-11 19:06:26+02:00,17.425,12.644,11.548,8.084,24.8678,23.6731,21.8281,45.82
2020-04-11 19:09:27+02:00,17.966,15.824,11.176,7.384,24.9075,22.725,22.1556,39.67
2020-04-11 19:12:27+02:00,18.143,12.717,8.851,7.984,24.5528,22.7194,21.6934,11.995
2020-04-11 19:15:27+02:00,17.542,15.576,9.445,8.184,24.225,23.5506,21.2891,11.995
2020-04-11 19:18:28+02:00,18.061,13.388,10.423,8.384,24.7588,23.1547,22.0019,21.22
2020-04-11 19:21:28+02:00,18.951,13.307,10.352,10.584,24.2172,23.3294,22.0669,5.845
2020-04-11 19:24:29+02:00,19.93,15.195,11.947,13.484,24.3831,23.0662,22.2872,18.145
2020-04-11 19:27:29+02:00,18.006,14.027,8.9,12.284,24.6537,23.3941,21.7978,11.995
2020-04-11 19:30:29+02:00,19.109,14.366,8.073,13.484,23.8506,23.6688,22.2144,21.22
2020-04-11 19:33:30+02:00,16.14,14.794,8.45,14.284,24.5606,23.6475,22.1397,8.92
2020-04-11 19:36:31+02:00,16.844,15.547,10.187,12.984,24.6178,22.6688,21.6031,21.22
2020-04-11 19:39:31+02:00,18.581,13.455,9.384,12.584,24.2275,22.925,21.8178,2.77
2020-04-11 19:42:31+02:00,19.675,14.275,10.982,10.784,24.0391,22.8713,22.2125,42.745
2020-04-11 19:45:31+02:00,17.465,15.708,11.925,9.784,24.0547,23.0238,22.0725,8.92
2020-04-11 19:48:32+02:00,16.827,14.968,9.537,9.984,24.1178,23.5572,22.1134,8.92
2020-04-11 19:51:32+02:00,16.701,13.191,8.499,12.184,24.6612,22.5181,21.6284,30.445
2020-04-11 19:54:32+02:00,19.273,15.671,9.862,12.984,24.4181,23.3075,22.1653,33.52
2020-04-11 19:57:32+02:00,16.076,12.074,8.106,15.584,24.1,23.7084,21.7309,27.37
2020-04-11 20:00:32+02:00,17.488,14.946,11.956,14.784,24.2797,22.6541,22.1897,15.07
2020-04-11 20:03:34+02:00,17.255,13.832,10.99,15.484,24.7569,23.5863,21.8194,5.845
2020-04-11 20:06:34+02:00,18.908,13.512,11.213,16.084,24.7812,22.9516,21.2878,15.07
2020-04-11 20:09:34+02:00,16.608,14.432,10.853,15.484,23.8878,23.6953,22.2694,11.995
2020-04-11 20:12:34+02:00,19.885,15.8,8.184,16.684,24.1747,23.0125,21.2919,82.72
2020-04-11 20:15:34+02:00,19.013,14.801,10.845,16.484,24.0556,23.5719,21.8684,88.87
2020-04-11 20:18:36+02:00,17.989,13.42,11.486,16.784,24.4825,22.7009,22.1375,141.145
2020-04-11 20:21:36+02:00,18.606,15.094,8.224,18.184,24.3013,22.8997,22.4103,122.695
2020-04-11 20:24:36+02:00,16.316,13.425,9.674,18.384,24.8219,23.1791,21.9697,116.545
2020-04-11 20:27:36+02:00,16.62,13.037,11.219,19.784,24.9916,23.5784,21.4428,125.77
2020-04-11 20:30:36+02:00,16.122,15.966,10.965,17.784,23.9837,22.7097,21.4281,124.232
2020-04-11 20:33:37+02:00,18.491,12.943,8.662,19.184,24.1688,23.0366,21.3288,133.458
2020-04-11 20:36:39+02:00,16.176,15.659,9.018,19.384,24.0122,22.5359,21.2547,127.308
2020-04-11 20:39:39+02:00,17.163,15.972,11.56,18.384,24.5941,22.6763,21.5503,118.082
2020-04-11 20:42:39+02:00,16.239,14.176,8.836,19.784,24.4869,23.3213,22.4156,84.2575
2020-04-11 20:45:39+02:00,18.94,15.363,8.875,17.584,23.7694,23.0634,21.5253,105.783
2020-04-11 20:48:40+02:00,16.77,15.467,9.898,19.384,24.7337,23.1588,22.035,136.533
2020-04-11 20:51:40+02:00,17.818,14.219,8.7,18.984,24.1334,23.0944,21.5219,145.758
2020-04-11 20:54:40+02:00,19.012,15.146,10.298,19.384,24.775,22.9487,21.5513,154.982
2020-04-11 20:57:40+02:00,17.28,12.152,11.977,16.984,24.27,22.545,22.2456,148.833
2020-04-11 21:00:40+02:00,18.979,13.843,10.414,17.584,24.53,23.5175,22.4431,102.707
2020-04-11 21:03:41+02:00,16.537,14.176,9.99,16.984,24.9566,23.2172,21.8506,87.3325
2020-04-11 21:06:41+02:00,16.431,14.328,8.244,17.584,24.5041,22.5025,22.4156,81.1825
2020-04-11 21:09:41+02:00,17.506,14.346,11.71,16.984,24.1294,22.9719,22.2447,71.9575
2020-04-11 21:12:41+02:00,19.519,13.066,8.448,16.584,24.4244,23.0256,22.2316,90.4075
2020-04-11 21:15:41+02:00,16.799,15.118,9.2,16.384,24.8097,23.0472,21.9175,44.2825
2020-04-11 21:18:42+02:00,16.055,15.434,10.886,18.584,24.0259,22.6406,21.9813,25.8325
2020-04-11 21:21:42+02:00,18.61,15.977,11.82,17.784,24.0588,22.6734,21.9866,47.3575
2020-04-11 21:24:42+02:00,19.296,13.157,11.21,18.584,24.6931,22.6591,21.3669,75.0325
2020-04-11 21:27:42+02:00,16.459,15.912,8.065,18.984,24.2556,23.5809,22.1931,93.4825
2020-04-11 21:30:43+02:00,16.913,15.248,11.774,18.984,24.1034,23.675,21.8353,90.4075
2020-04-11 21:33:43+02:00,16.22,12.019,9.951,16.384,24.0234,22.5666,21.2803,75.0325
2020-04-11 21:36:43+02:00,16.439,15.906,9.844,17.584,23.8541,23.0209,22.0681,44.2825
2020-04-11 21:39:43+02:00,19.456,15.245,8.636,16.584,23.9622,22.9831,21.585,62.7325
2020-04-11 21:42:43+02:00,16.8,14.532,11.785,14.584,24.2412,23.5322,21.4725,84.2575
2020-04-11 21:45:44+02:00,17.306,15.677,11.851,13.384,24.7375,23.5244,22.3216,78.1075
2020-04-11 21:48:44+02:00,16.599,13.824,11.595,13.384,24.8219,22.5631,22.2431,75.0325
2020-04-11 22:08:38+02:00,16.941,14.052,9.245,12.908,24.4575,23.2934,22.0369,87.3325
2020-04-11 22:11:42+02:00,18.085,13.803,11.432,8.076,24.09,23.7325,22.4706,71.9575
2020-04-11 23:02:04+02:00,19.613,13.313,10.745,5.887,24.1609,23.5925,22.0912,71.9575
2020-04-11 23:05:04+02:00,17.905,14.481,9.776,4.487,24.0294,23.6134,21.7734,35.0575
2020-04-11 23:08:06+02:00,19.031,15.273,10.751,6.187,24.3847,22.6678,21.6375,39.67
2020-04-11 23:11:06+02:00,18.83,15.383,9.891,7.787,24.705,23.7406,21.4628,30.445
2020-04-11 23:14:06+02:00,17.235,13.445,8.699,8.987,24.5959,23.2319,21.7019,33.52
2020-04-11 23:17:06+02:00,16.756,12.929,10.917,8.387,24.8647,23.5072,21.4681,36.595
2020-04-11 23:20:06+02:00,19.549,15.992,11.732,10.787,24.2422,22.6372,22.3325,27.37
2020-04-11 23:23:07+02:00,17.738,12.173,10.539,10.387,24.7906,22.9872,22.2625,21.22
2020-04-11 23:26:07+02:00,19.805,14.697,11.544,9.987,24.2559,23.3194,21.6181,48.895
2020-04-11 23:29:07+02:00,18.161,14.022,11.969,9.187,23.9766,23.0684,21.3184,51.97
2020-04-11 23:34:47+02:00,16.885,12.778,11.556,18.757,24.4103,22.9869,21.6619,48.895
2020-04-11 23:37:53+02:00,17.516,12.444,9.208,0.0,24.1172,23.3956,22.2172,8.92
2020-04-11 23:40:53+02:00,17.606,12.384,8.438,0.0,24.6063,23.0516,22.2756,2.77
2020-04-11 23:45:42+02:00,19.611,14.401,9.52,-1.0,24.9875,23.4444,22.0631,27.37
2020-04-11 23:57:53+02:00,18.101,15.881,10.422,-100.0,24.035,23.6469,22.2787,24.295
2020-04-12 00:00:54+02:00,17.414,14.306,9.309,-100.0,24.9066,22.7938,22.4013,21.22
2020-04-12 00:03:54+02:00,19.149,14.841,8.517,-100.0,24.5456,22.9794,22.275,45.82
2020-04-12 00:06:55+02:00,16.355,12.807,9.042,-100.0,24.0737,22.6197,22.2425,18.145
2020-04-12 00:09:55+02:00,16.292,13.248,10.375,-100.0,24.8091,23.2556,21.3075,5.845
2020-04-12 00:12:55+02:00,19.14,15.551,10.212,-100.0,24.1291,22.5047,22.2325,67.345
2020-04-12 00:15:55+02:00,19.4,12.04,10.61,-100.0,24.4644,23.2197,22.1453,11.995
2020-04-12 00:18:55+02:00,18.903,15.23,8.615,-100.0,24.1522,23.7412,21.6947,5.845
2020-04-12 00:21:56+02:00,16.277,14.523,10.646,-100.0,24.4097,23.2475,22.2419,21.22
2020-04-12 00:32:02+02:00,18.538,14.699,8.305,-100.0,23.8391,23.0519,21.7981,61.195
2020-04-12 00:37:43+02:00,17.075,14.608,9.112,7.49,23.9772,22.7634,21.3559,73.495
2020-04-12 00:40:43+02:00,16.69,15.197,11.483,7.29,24.6441,22.6397,21.7097,61.195
2020-04-12 00:43:58+02:00,18.862,15.32,10.288,9.1,24.0572,23.1522,21.9194,51.97
2020-04-12 00:46:58+02:00,17.52,12.24,9.721,9.7,24.7181,22.7191,22.2172,55.045
2020-04-12 00:50:18+02:00,19.219,14.196,8.847,8.7,24.2284,23.2522,21.4506,85.795
2020-04-12 00:53:19+02:00,18.12,14.86,8.131,9.1,24.2325,22.8591,21.6697,113.47
2020-04-12 00:56:19+02:00,19.546,14.073,11.754,9.1,23.9053,23.725,21.4191,98.095
2020-04-12 00:59:19+02:00,17.02,15.082,10.927,9.5,24.3288,23.6981,21.5091,98.095
2020-04-12 01:02:19+02:00,19.52,15.222,9.493,9.1,24.2556,23.2537,22.0653,128.845
2020-04-12 01:05:29+02:00,17.765,12.39,10.091,9.7,24.7884,23.2216,22.1559,110.395
2020-04-12 01:08:30+02:00,16.577,14.609,10.309,7.3,23.8659,23.5187,21.4556,156.52
2020-04-12 01:11:30+02:00,16.222,14.064,10.038,9.9,24.4166,23.4509,21.2638,125.77
2020-04-12 01:14:30+02:00,18.277,13.587,11.318,9.9,24.1775,23.7475,21.5547,122.695
2020-04-12 01:17:31+02:00,16.548,12.565,11.642,9.4,23.8194,22.8678,21.8409,122.695
2020-04-12 01:20:31+02:00,18.933,15.057,9.123,9.6,24.2875,23.4747,21.29,91.945
2020-04-12 01:23:32+02:00,19.667,13.953,9.099,10.2,24.1391,23.2053,21.3259,104.245
2020-04-12 01:26:32+02:00,17.147,15.403,10.288,9.4,24.0819,22.7747,21.695,48.895
2020-04-12 01:29:32+02:00,17.53,13.654,9.727,8.6,24.6047,23.2441,21.3003,42.745
2020-04-12 22:53:04+02:00,17.978,13.233,8.96,19.811,23.9922,23.0306,22.2794,39.67
2020-04-12 22:56:04+02:00,16.018,12.674,11.333,19.611,24.0987,23.6578,21.7906,36.595
2020-04-12 22:59:04+02:00,18.212,12.416,9.333,19.411,24.6078,22.6559,22.4028,45.82
2020-04-12 23:02:04+02:00,17.757,12.294,10.499,19.611,23.9503,23.0578,21.6544,70.42
2020-04-12 23:05:05+02:00,18.986,12.201,11.486,19.411,24.9522,22.7128,21.8881,67.345
2020-04-12 23:08:05+02:00,18.987,12.026,11.862,19.011,24.4178,23.3025,22.3834,82.72
2020-04-12 23:11:05+02:00,18.662,12.618,11.919,18.411,23.7797,23.5413,22.3947,76.57
2020-04-12 23:14:05+02:00,16.335,15.79,9.188,18.411,23.9041,22.9322,21.4722,88.87
2020-04-12 23:17:05+02:00,17.056,12.204,8.884,19.011,23.9066,23.5956,21.7269,88.87
2020-04-12 23:20:06+02:00,16.676,13.164,8.313,19.811,24.7994,23.31,22.1956,79.645
2020-04-12 23:23:06+02:00,16.41,13.916,11.209,17.811,24.2638,22.9734,22.0697,96.5575
2020-04-12 23:26:06+02:00,18.071,14.762,10.429,18.811,24.0944,23.0338,21.685,111.933
2020-04-12 23:29:06+02:00,18.146,15.557,11.626,20.011,24.06,22.8028,21.3937,90.4075
2020-04-12 23:32:06+02:00,17.053,13.905,9.756,19.211,24.7138,23.5709,21.6944,81.1825
2020-04-12 23:35:07+02:00,17.518,12.295,8.054,19.811,24.6741,22.6397,22.4228,99.6325
2020-04-12 23:38:07+02:00,16.47,14.396,10.723,19.611,24.5,23.4112,21.4944,124.232
2020-04-12 23:41:07+02:00,18.871,15.354,11.562,19.811,23.7856,22.5056,22.3519,124.232
2020-04-12 23:44:07+02:00,17.678,12.951,9.532,19.011,23.925,22.7216,22.4881,105.783
2020-04-12 23:47:07+02:00,18.088,14.381,11.179,19.811,24.0097,23.0562,21.8638,68.8825
2020-04-12 23:50:09+02:00,16.905,15.512,8.115,17.911,24.7825,22.7612,21.9072,78.1075
2020-04-12 23:53:09+02:00,18.051,14.878,10.854,17.511,24.6012,22.505,22.3816,96.5575
2020-04-12 23:56:09+02:00,18.105,12.571,11.415,18.111,24.8416,23.2597,22.4481,87.3325
2020-04-12 23:59:09+02:00,18.529,15.2,11.371,18.911,24.875,23.1122,22.0637,90.4075
2020-04-13 00:02:09+02:00,16.418,14.222,11.109,15.911,24.8603,23.5662,21.9444,96.5575
2020-04-13 00:05:10+02:00,16.412,14.189,8.471,16.911,24.8353,22.625,22.4613,115.007
2020-04-13 00:08:10+02:00,17.186,12.118,8.936,17.111,24.7862,22.7678,21.9703,133.458
2020-04-13 00:11:10+02:00,18.679,14.64,10.685,16.911,24.5072,22.8391,21.9037,121.158
2020-04-13 00:14:55+02:00,16.79,14.846,11.981,8.82,24.4134,23.1509,22.2025,115.007
2020-04-13 00:17:56+02:00,19.284,12.826,10.558,7.62,24.3397,23.4359,21.6841,111.933
2020-04-13 00:20:56+02:00,17.083,14.669,11.205,7.02,23.7997,22.725,21.7709,142.682
2020-04-13 00:23:56+02:00,18.541,13.542,11.023,8.02,24.9822,22.9031,22.4578,130.383
2020-04-13 00:26:56+02:00,18.378,14.451,9.766,5.82,24.4716,23.5025,22.0425,40.4849
2020-04-13 00:29:56+02:00,17.243,15.291,9.079,6.62,24.145,22.7297,22.0216,
2020-04-13 00:32:57+02:00,17.379,13.248,9.045,7.82,23.9306,23.3141,22.0069,
2020-04-13 00:35:57+02:00,16.486,14.27,9.288,6.62,24.4072,23.6966,21.8,
2020-04-13 00:38:57+02:00,16.386,13.917,10.717,7.02,24.415,22.7588,21.8291,
2020-04-13 00:41:57+02:00,19.662,12.538,9.3,7.42,24.2578,22.7563,22.4463,
2020-04-13 00:44:57+02:00,17.551,14.769,11.369,7.02,24.3406,22.6394,22.1963,
2020-04-13 00:47:58+02:00,17.095,15.013,10.771,4.62,24.5578,22.6966,21.5409,
2020-04-13 00:50:58+02:00,16.544,14.695,9.384,6.62,24.6038,23.2134,22.3538,
2020-04-13 00:53:58+02:00,19.431,15.096,8.31,4.62,24.7441,23.3019,22.2734,
2020-04-13 00:56:59+02:00,19.942,13.999,9.374,5.32,24.3741,22.7378,21.8156,
2020-04-13 01:00:00+02:00,19.437,12.336,10.577,6.12,24.8159,22.6141,22.1994,
2020-04-13 01:03:00+02:00,16.958,15.624,10.299,5.92,21.1472,21.1784,21.1472,
2020-04-13 01:06:00+02:00,19.754,12.867,10.88,6.12,24.6231,23.1038,22.4775,
2020-04-13 01:09:01+02:00,19.235,14.447,10.072,6.82,23.9566,22.6947,21.7087,
2020-04-13 01:12:01+02:00,18.471,14.035,10.933,7.02,23.8578,22.5703,22.4219,
2020-04-13 01:15:02+02:00,18.444,12.456,8.017,9.02,24.4363,23.6191,22.1138,
2020-04-13 01:18:02+02:00,17.967,13.348,8.748,7.22,23.905,22.9078,22.3175,
2020-04-13 01:21:02+02:00,19.092,13.101,10.516,7.82,24.8725,22.6416,21.3203,
2020-04-13 01:24:02+02:00,17.404,13.976,9.199,5.02,24.0481,23.7131,22.415,
2020-04-13 01:27:02+02:00,17.265,12.242,8.643,6.02,24.7416,23.1866,21.7353,
2020-04-13 01:30:03+02:00,19.758,15.405,10.638,7.02,23.8041,23.5362,22.4272,
2020-04-13 01:33:03+02:00,17.071,13.098,9.182,7.62,24.0678,23.4094,22.0866,
2020-04-13 01:36:03+02:00,17.68,12.993,8.11,6.02,24.6366,23.6997,21.9978,
2020-04-13 01:39:03+02:00,16.586,13.564,9.931,4.02,24.5422,23.6391,22.4959,
2020-04-13 01:42:03+02:00,18.606,12.753,10.434,5.22,24.7987,23.6084,22.1213,
2020-04-13 01:45:04+02:00,16.922,12.762,10.184,6.02,23.88,22.6878,21.9744,
2020-04-13 01:48:04+02:00,19.687,14.145,8.559,5.42,24.4094,22.9928,21.6331,
2020-04-13 01:51:04+02:00,16.597,14.614,11.62,6.42,24.1934,23.3803,21.4731,
2020-04-13 01:54:04+02:00,19.729,14.465,9.462,5.82,24.2378,22.5997,21.5425,
2020-04-13 01:57:04+02:00,18.127,14.952,8.855,5.42,24.1691,22.6159,21.46,
2020-04-13 02:02:59+02:00,16.62,13.794,10.498,4.82,24.9875,23.0494,21.51,
2020-04-13 02:05:59+02:00,16.364,15.604,9.681,5.22,24.92,22.6444,21.76,
2020-04-13 02:08:59+02:00,19.341,14.527,8.231,5.02,24.5063,22.5891,21.2634,
2020-04-13 02:12:00+02:00,19.432,12.247,10.734,4.62,23.8831,23.6612,22.2203,
2020-04-13 02:15:00+02:00,17.635,12.833,10.636,4.42,23.8463,23.0781,21.2706,
2020-04-13 02:18:00+02:00,16.154,15.222,8.509,5.42,24.6119,22.73,22.3288,
2020-04-13 02:21:00+02:00,17.263,13.971,10.869,5.82,24.2078,22.5644,21.2991,
2020-04-13 02:24:00+02:00,18.845,15.552,11.942,7.02,24.7722,23.4966,21.5603,
2020-04-13 02:27:01+02:00,16.451,15.543,10.999,7.62,24.8544,22.7159,21.4847,
2020-04-13 02:30:01+02:00,16.571,13.178,9.667,9.02,24.7266,22.7959,21.2991,
2020-04-13 02:33:01+02:00,19.324,14.92,11.592,8.82,24.2225,22.905,21.7441,
2020-04-13 02:36:01+02:00,19.477,15.301,9.181,8.42,23.8756,23.7253,21.8156,
2020-04-13 02:39:01+02:00,16.221,15.46,10.317,8.82,23.9522,22.9366,21.8609,
2020-04-13 02:42:02+02:00,19.974,13.546,9.156,8.02,24.6403,23.0316,21.5375,
2020-04-13 02:45:02+02:00,16.486,12.695,8.67,10.62,24.8456,22.8244,22.2922,
2020-04-13 02:48:02+02:00,17.256,13.862,10.785,11.02,24.2484,22.6609,21.2859,
2020-04-13 02:51:02+02:00,16.885,13.637,11.929,10.02,24.4459,23.1206,22.3288,
2020-04-13 02:54:02+02:00,18.513,15.28,9.003,7.42,24.2831,23.7284,21.7519,
2020-04-13 02:57:08+02:00,18.594,14.029,8.447,9.72,24.6484,22.86,21.9434,
2020-04-13 03:00:12+02:00,16.632,15.198,8.737,7.52,23.8928,22.9869,21.3416,
2020-04-13 03:03:12+02:00,17.495,13.8,11.138,6.72,24.9059,23.5837,22.1272,
2020-04-13 03:06:12+02:00,17.85,15.205,11.608,4.52,24.1431,23.6916,22.0275,
2020-04-13 03:09:12+02:00,17.134,15.31,10.335,5.12,24.2891,23.5056,21.3719,
2020-04-13 03:12:13+02:00,17.802,14.953,10.331,5.52,24.2316,23.0228,21.3956,
2020-04-13 03:15:13+02:00,18.633,12.442,10.607,4.92,24.1678,23.4478,22.1275,
2020-04-13 03:18:13+02:00,19.063,14.474,8.452,5.12,24.2925,22.9209,21.5319,
2020-04-13 03:21:13+02:00,19.885,15.376,9.098,6.92,24.8913,22.8509,21.6397,
2020-04-13 03:24:14+02:00,16.578,13.316,10.378,7.32,24.0291,23.6472,21.5856,
2020-04-13 03:27:14+02:00,17.281,15.709,9.841,5.92,23.8316,23.1494,22.1197,
2020-04-13 03:30:14+02:00,17.631,15.742,9.722,5.92,24.6175,23.6356,21.9341,
2020-04-13 03:33:14+02:00,17.841,15.806,8.36,8.32,24.7434,23.2941,21.9188,
2020-04-13 03:36:14+02:00,18.479,14.622,9.326,6.52,23.7694,23.1416,22.4203,
2020-04-13 03:39:15+02:00,19.577,15.754,9.85,6.72,23.7541,23.1344,22.4194,
2020-04-13 03:42:15+02:00,19.704,12.72,10.898,6.32,24.6872,22.6162,21.7378,
2020-04-13 03:45:15+02:00,18.569,12.702,9.419,4.52,23.9694,23.3628,22.3662,
2020-04-13 03:48:15+02:00,17.52,15.362,8.125,4.52,24.3291,23.0559,21.7609,
2020-04-13 03:51:15+02:00,19.228,14.095,10.406,5.12,24.6744,23.5953,21.2753,
2020-04-13 03:54:16+02:00,17.495,14.654,10.614,4.12,24.5659,23.5,21.5394,
2020-04-13 03:57:16+02:00,18.026,13.812,11.319,4.92,23.9412,22.6503,22.2616,
2020-04-13 04:00:16+02:00,18.892,14.861,9.753,4.52,24.2753,22.6441,22.3456,
2020-04-13 04:03:16+02:00,16.322,15.74,11.086,5.12,24.1803,23.0359,21.7512,
2020-04-13 04:06:16+02:00,18.594,15.672,10.847,4.32,24.3434,22.5897,21.5281,
2020-04-13 04:09:17+02:00,18.777,12.54,9.13,5.12,24.6462,22.715,21.2853,
2020-04-13 04:12:17+02:00,17.528,13.36,9.817,3.92,24.6134,23.2734,21.8925,
2020-04-13 04:15:17+02:00,16.925,13.188,11.08,6.52,23.8959,23.1594,22.1309,
2020-04-13 04:18:17+02:00,16.975,13.676,10.632,4.32,23.9,22.6887,21.4716,
2020-04-13 04:21:17+02:00,17.177,15.383,10.763,4.32,24.5134,23.0413,21.2634,
2020-04-13 04:24:18+02:00,18.916,12.058,9.211,5.72,24.4972,23.1881,21.7744,
2020-04-13 04:27:18+02:00,18.138,14.584,10.929,5.92,24.8556,23.1159,22.3512,
2020-04-13 04:30:18+02:00,17.12,15.867,9.539,5.52,24.7,23.5991,22.1284,
2020-04-13 04:33:18+02:00,17.695,12.493,11.007,4.72,24.8616,23.3416,21.9613,
2020-04-13 04:36:19+02:00,19.222,15.476,9.822,4.12,24.3966,22.5572,21.3553,
2020-04-13 04:39:19+02:00,19.3,13.445,8.121,4.72,24.2925,23.3528,21.2822,
2020-04-13 04:42:19+02:00,16.441,15.825,11.262,4.52,24.4984,23.5078,21.9069,
2020-04-13 04:45:19+02:00,17.359,13.64,8.134,9.12,24.0884,23.5347,21.8734,
2020-04-13 04:48:19+02:00,16.978,15.43,9.979,9.52,24.0084,22.7328,22.4837,
2020-04-13 04:51:20+02:00,18.344,12.643,10.84,12.92,24.2509,22.7484,21.4156,
2020-04-13 04:54:20+02:00,17.764,13.279,11.713,11.72,24.9825,23.6672,21.6647,
2020-04-13 04:57:20+02:00,19.43,14.173,10.303,11.32,24.5422,23.2944,22.1362,
2020-04-13 05:00:20+02:00,19.973,15.451,8.617,11.92,24.3094,23.2406,22.3994,
2020-04-13 05:03:21+02:00,16.748,12.671,8.57,11.82,24.2862,23.1419,21.8316,
2020-04-13 05:06:22+02:00,17.34,13.717,8.252,12.42,23.8309,23.2328,22.4188,
2020-04-13 05:09:22+02:00,16.839,12.115,8.015,12.02,24.8819,22.9016,22.1063,
2020-04-13 05:12:22+02:00,18.701,12.564,8.961,11.42,23.7606,22.6275,21.4494,
2020-04-13 05:15:22+02:00,18.358,14.628,11.73,9.22,24.0037,23.2644,21.8137,
2020-04-13 05:18:22+02:00,16.062,13.803,8.881,10.62,24.6978,23.25,21.8166,
2020-04-13 05:21:23+02:00,19.148,14.108,10.512,12.62,24.7838,23.3578,21.9522,
2020-04-13 05:24:23+02:00,17.227,13.902,8.87,13.22,24.8738,23.0456,21.6716,
2020-04-13 05:27:23+02:00,19.28,13.436,8.964,13.82,24.5269,22.6987,21.6966,
2020-04-13 05:30:23+02:00,17.664,12.144,11.186,13.42,24.6066,23.0772,22.1184,
2020-04-13 05:33:23+02:00,18.496,15.256,11.818,10.42,24.5141,22.9747,22.3775,
2020-04-13 05:36:24+02:00,19.861,14.295,9.922,9.42,24.7694,23.5484,21.5134,
2020-04-13 05:39:24+02:00,18.413,12.008,11.73,9.02,24.3756,23.2597,21.9194,
2020-04-13 05:42:24+02:00,17.214,13.51,11.183,8.42,24.7556,23.4244,22.3169,
2020-04-13 05:45:24+02:00,18.158,13.682,11.141,9.62,24.4122,23.3653,22.2825,
2020-04-13 05:48:24+02:00,19.391,13.751,10.136,6.62,24.4309,23.7125,21.6422,
2020-04-13 05:51:25+02:00,16.883,12.45,10.34,5.42,24.7522,23.6456,21.5628,
2020-04-13 05:54:25+02:00,16.988,12.555,10.357,6.82,23.9075,23.0847,21.5822,
2020-04-13 05:57:25+02:00,19.018,12.509,8.374,8.62,24.2181,22.8734,22.1162,
2020-04-13 06:00:25+02:00,17.618,15.459,11.018,9.82,24.2456,22.7925,22.0044,
2020-04-13 06:03:26+02:00,17.131,15.76,9.873,9.62,23.9472,23.2169,21.6106,
2020-04-13 06:06:26+02:00,16.875,12.213,8.097,8.62,24.0366,23.11,21.7103,
2020-04-13 06:09:26+02:00,16.333,13.667,10.618,6.62,24.6253,23.6097,21.2931,
2020-04-13 06:12:26+02:00,16.679,13.546,9.072,7.82,24.4859,23.0159,22.0131,
2020-04-13 06:15:26+02:00,17.572,15.303,8.712,9.22,23.7903,23.0334,21.6928,
2020-04-13 06:18:27+02:00,19.16,15.278,11.429,8.82,24.6081,22.9062,21.3544,
2020-04-13 06:21:27+02:00,19.43,12.202,11.178,8.62,24.3203,23.2122,22.215,
2020-04-13 06:24:27+02:00,18.264,14.539,10.518,9.42,23.8316,22.8409,21.4369,
2020-04-13 06:27:27+02:00,17.088,15.944,11.906,8.42,23.9538,22.8013,22.0609,
2020-04-13 06:30:27+02:00,17.315,15.496,10.692,8.42,24.9672,22.6194,22.4603,
2020-04-13 06:33:28+02:00,16.894,15.563,9.675,6.02,24.9128,22.9,21.3303,
2020-04-13 06:36:29+02:00,18.031,12.537,9.24,6.32,23.9678,23.2925,22.1228,
2020-04-13 06:39:29+02:00,19.056,15.97,8.681,5.72,24.1925,23.0666,21.5697,
2020-04-13 06:42:29+02:00,18.707,14.342,9.446,5.92,24.2741,22.9134,21.5291,
2020-04-13 06:45:29+02:00,19.567,15.223,8.698,6.12,24.4737,23.1181,22.1153,
2020-04-13 06:48:30+02:00,17.575,12.439,11.464,5.52,36.3275,31.6637,28.005,36.4022
2020-04-13 06:51:30+02:00,19.33,13.559,11.24,5.12,38.7537,32.3525,27.0513,35.9523
2020-04-13 06:54:30+02:00,17.619,14.622,9.178,6.92,38.44,34.7012,28.715,35.9523
2020-04-13 06:57:30+02:00,16.725,13.819,8.219,7.12,36.0125,33.69,29.0438,34.6022
2020-04-13 07:00:30+02:00,18.113,13.558,9.318,6.92,37.6037,32.8325,28.705,31.9023
2020-04-13 07:03:31+02:00,17.175,14.866,11.095,4.32,,,,
2020-04-13 07:06:31+02:00,18.74,13.765,11.282,3.92,,,,
2020-04-13 07:09:31+02:00,19.96,15.022,10.602,5.52,,,,
2020-04-13 07:12:31+02:00,16.912,15.67,11.292,5.32,,,,
2020-04-13 07:15:31+02:00,19.701,12.94,11.684,5.12,,,,
2020-04-13 07:18:32+02:00,18.546,13.534,11.28,6.72,,,,
2020-04-13 07:21:32+02:00,17.036,12.383,11.176,4.92,,,,
2020-04-13 07:24:32+02:00,19.389,14.418,8.184,4.12,,,,
2020-04-13 07:27:32+02:00,17.213,12.015,11.144,8.12,,,,
2020-04-13 07:30:33+02:00,18.286,14.303,10.865,4.52,,,,
2020-04-13 07:33:33+02:00,17.287,15.972,9.423,4.12,,,,
2020-04-13 07:36:33+02:00,18.111,14.392,11.174,5.12,,,,
2020-04-13 07:39:33+02:00,16.285,13.766,9.754,7.72,,,,
2020-04-13 07:42:33+02:00,16.727,12.843,8.339,8.52,,,,
2020-04-13 07:45:34+02:00,18.861,12.447,9.471,7.72,,,,
2020-04-13 07:48:34+02:00,16.983,14.087,10.142,7.12,,,,
2020-04-13 07:51:34+02:00,19.098,12.701,11.095,7.32,,,,
2020-04-13 07:54:34+02:00,17.531,14.407,8.642,9.32,,,,
2020-04-13 07:57:34+02:00,17.544,13.149,9.343,11.12,,,,
2020-04-13 08:00:35+02:00,16.497,15.92,8.541,10.12,,,,
2020-04-13 08:03:35+02:00,17.852,15.834,8.829,10.12,,,,
2020-04-13 08:06:35+02:00,17.618,14.412,10.609,12.12,,,,
2020-04-13 08:09:35+02:00,19.323,14.309,10.899,10.92,,,,
2020-04-13 08:12:35+02:00,16.371,15.26,8.658,13.92,,,,
2020-04-13 08:15:36+02:00,18.133,15.043,8.044,11.92,,,,
2020-04-13 08:18:36+02:00,17.368,15.992,8.975,11.72,,,,
2020-04-13 08:21:36+02:00,16.222,13.177,9.891,11.72,,,,
2020-04-13 08:24:36+02:00,17.72,15.119,8.128,9.72,,,,
2020-04-13 08:27:36+02:00,17.245,14.257,8.243,10.52,,,,
2020-04-13 08:30:37+02:00,17.062,12.879,9.424,6.92,,,,
2020-04-13 08:33:37+02:00,18.735,14.381,8.161,6.52,,,,
2020-04-13 08:36:37+02:00,16.775,13.698,11.294,6.32,,,,
2020-04-13 08:39:37+02:00,17.116,15.705,9.73,6.12,,,,
2020-04-13 08:42:38+02:00,18.745,12.499,11.689,6.72,,,,
2020-04-13 08:45:38+02:00,16.641,13.785,9.294,8.32,,,,
2020-04-13 08:48:38+02:00,19.847,12.681,10.042,8.12,,,,
2020-04-13 08:51:38+02:00,18.137,14.568,11.627,9.12,,,,
2020-04-13 08:54:38+02:00,16.095,15.332,11.663,8.72,,,,
2020-04-13 08:57:39+02:00,16.493,13.383,8.711,9.52,,,,
2020-04-13 09:00:39+02:00,16.501,15.506,9.526,9.52,,,,
2020-04-13 09:03:39+02:00,19.358,14.592,11.026,8.92,,,,
2020-04-13 09:06:40+02:00,17.644,13.515,10.623,10.02,,,,
2020-04-13 09:09:40+02:00,17.102,13.708,9.392,11.02,,,,
2020-04-13 09:12:41+02:00,16.992,12.969,8.46,9.62,,,,
2020-04-13 09:15:41+02:00,19.084,15.427,9.422,9.02,,,,
2020-04-13 09:18:41+02:00,18.957,12.447,11.753,10.22,,,,
2020-04-13 09:21:41+02:00,18.4,14.916,8.782,11.82,,,,
2020-04-13 09:24:41+02:00,16.114,12.018,11.526,11.82,,,,
2020-04-13 09:27:42+02:00,16.56,12.709,11.962,10.62,,,,
2020-04-13 09:30:42+02:00,16.831,13.78,9.964,8.22,,,,
2020-04-13 09:33:42+02:00,19.304,12.836,10.103,8.82,,,,
2020-04-13 09:36:42+02:00,18.724,12.016,11.621,10.02,,,,
2020-04-13 09:39:42+02:00,19.493,14.431,11.834,9.42,,,,
2020-04-13 09:42:43+02:00,19.6,13.959,10.604,9.62,,,,
2020-04-13 09:45:43+02:00,19.553,15.412,10.222,10.02,,,,
2020-04-13 09:48:43+02:00,19.473,12.4,11.876,11.22,,,,
2020-04-13 09:51:43+02:00,19.316,12.857,10.305,12.42,,,,
2020-04-13 09:54:44+02:00,18.423,13.085,10.092,11.62,,,,
2020-04-13 09:57:44+02:00,18.123,14.083,11.048,11.22,,,,
2020-04-13 10:00:44+02:00,17.887,14.995,9.389,11.02,,,,
2020-04-13 10:03:44+02:00,16.159,12.72,9.667,13.02,,,,
2020-04-13 10:06:44+02:00,19.943,13.29,11.865,12.22,,,,
2020-04-13 10:16:29+02:00,18.309,15.208,10.536,6.373,,,,
2020-04-13 10:37:22+02:00,17.264,12.735,10.469,,,,,
2020-04-13 10:40:23+02:00,16.578,14.605,10.422,,,,,
2020-04-13 10:43:23+02:00,18.103,15.829,9.76,,,,,
2020-04-13 10:46:23+02:00,18.128,12.828,9.853,,,,,
2020-04-13 10:49:23+02:00,17.625,12.82,11.828,,,,,
2020-04-13 10:52:24+02:00,17.89,12.446,11.028,,,,,
2020-04-13 10:55:24+02:00,18.585,12.629,8.931,,,,,
2020-04-13 10:58:24+02:00,18.732,14.283,11.532,,,,,
2020-04-13 11:01:24+02:00,19.181,14.566,11.275,,,,,
2020-04-13 12:23:49+02:00,17.997,12.761,9.81,,,,,
2020-04-13 12:26:50+02:00,19.411,12.365,11.038,,,,,
2020-04-13 12:51:39+02:00,7.671,7.771,7.671,,,,,
2020-04-13 16:36:15+02:00,18.794,13.932,11.928,14.607,,,,
2020-04-13 16:40:33+02:00,16.661,12.623,9.468,4.001,,,,
2020-04-13 16:43:33+02:00,16.345,12.225,11.75,5.201,,,,
2020-04-13 16:46:33+02:00,18.196,15.581,10.764,4.601,,,,
2020-04-13 16:49:33+02:00,16.496,13.305,11.416,5.601,,,,
2020-04-13 16:52:33+02:00,19.592,12.453,8.225,4.401,,,,
2020-04-13 16:55:34+02:00,16.954,15.882,11.728,5.001,,,,
2020-04-13 16:58:35+02:00,19.173,14.197,9.553,4.301,,,,
2020-04-13 17:01:35+02:00,16.173,15.316,11.767,4.301,,,,
2020-04-13 17:04:35+02:00,17.017,14.91,10.677,5.701,,,,
2020-04-13 17:07:35+02:00,18.837,15.839,10.393,5.901,,,,
2020-04-13 17:10:36+02:00,18.535,15.645,11.987,5.101,,,,
2020-04-13 17:13:36+02:00,19.356,15.547,10.788,5.101,,,,
2020-04-13 17:16:37+02:00,16.416,12.601,10.318,4.801,,,,
2020-04-13 17:19:37+02:00,18.11,13.577,9.226,5.401,,,,
2020-04-13 17:22:37+02:00,17.419,14.817,8.714,6.401,,,,
2020-04-13 17:25:38+02:00,17.561,12.319,8.936,9.001,,,,
2020-04-13 17:28:40+02:00,17.341,12.371,8.672,9.601,,,,
2020-04-13 17:31:40+02:00,19.96,13.758,8.832,7.201,,,,
2020-04-13 17:34:41+02:00,19.744,12.462,9.632,7.701,,,,
2020-04-13 17:37:41+02:00,18.42,12.285,8.043,10.101,,,,
2020-04-13 17:40:42+02:00,16.426,15.716,11.105,9.701,,,,
2020-04-13 17:43:43+02:00,16.308,13.85,8.066,8.201,,,,
2020-04-13 17:46:43+02:00,18.758,12.736,11.452,6.201,,,,
2020-04-13 17:49:43+02:00,17.465,12.206,8.157,7.601,,,,
2020-04-13 17:52:43+02:00,19.271,15.189,8.993,6.401,,,,
2020-04-13 17:55:44+02:00,19.534,12.691,8.751,7.401,,,,
2020-04-13 17:58:44+02:00,19.125,12.947,8.157,7.601,,,,
2020-04-13 18:01:44+02:00,17.512,13.296,9.581,5.601,,,,
2020-04-13 18:04:44+02:00,16.402,15.921,9.81,4.001,,,,
2020-04-13 18:07:44+02:00,16.647,13.397,9.955,4.601,,,,
2020-04-13 18:10:45+02:00,18.849,13.701,8.92,5.401,,,,
2020-04-13 18:13:45+02:00,19.506,13.038,11.335,7.401,,,,
2020-04-13 18:16:46+02:00,17.595,12.515,8.115,6.701,,,,
2020-04-13 18:19:46+02:00,18.227,13.986,11.452,6.701,,,,
2020-04-13 18:22:46+02:00,17.706,15.931,9.606,6.901,,,,
2020-04-13 18:25:47+02:00,18.875,13.152,10.219,5.901,,,,
2020-04-13 18:28:47+02:00,16.457,13.558,8.293,5.101,,,,
2020-04-13 18:31:48+02:00,19.699,15.468,10.807,4.001,,,,
2020-04-13 18:34:48+02:00,17.258,15.813,10.488,4.401,,,,
2020-04-13 18:37:48+02:00,17.725,15.218,8.39,5.601,,,,
2020-04-13 18:40:49+02:00,17.541,13.673,8.466,6.201,,,,
2020-04-13 18:43:49+02:00,17.337,15.033,10.808,4.401,,,,
2020-04-13 18:46:50+02:00,17.736,13.347,8.902,7.101,,,,
2020-04-13 18:49:50+02:00,19.652,13.123,9.247,8.301,,,,
2020-04-13 18:52:50+02:00,16.893,15.671,9.074,8.701,,,,
2020-04-13 18:55:50+02:00,16.261,14.078,10.783,6.501,,,,
2020-04-13 18:58:52+02:00,18.776,15.634,10.189,5.801,,,,
2020-04-13 19:01:52+02:00,19.179,14.541,10.14,8.401,,,,
2020-04-13 19:04:53+02:00,16.062,14.053,11.745,9.901,,,,
2020-04-13 19:07:53+02:00,16.013,14.03,11.742,11.301,,,,
2020-04-13 19:10:53+02:00,18.999,12.372,9.561,11.901,,,,
2020-04-13 19:13:54+02:00,16.702,14.761,11.572,13.901,,,,
2020-04-13 19:16:54+02:00,17.853,13.779,9.635,12.701,,,,
2020-04-13 19:19:54+02:00,18.958,15.505,8.081,13.501,,,,
2020-04-13 19:22:54+02:00,18.611,15.2,8.926,16.701,,,,
2020-04-13 19:25:55+02:00,16.612,12.481,11.237,17.001,,,,
2020-04-13 19:28:56+02:00,17.681,12.461,11.506,17.801,,,,
2020-04-13 19:31:56+02:00,17.377,13.715,9.604,15.401,,,,
2020-04-13 19:34:56+02:00,17.899,12.287,8.89,14.401,,,,
2020-04-13 19:37:56+02:00,18.868,12.688,8.113,15.801,,,,
2020-04-13 19:40:56+02:00,18.763,14.475,10.056,15.201,,,,
2020-04-13 19:43:57+02:00,16.467,14.11,10.819,14.601,,,,
2020-04-13 19:46:57+02:00,16.48,12.604,8.709,15.201,,,,
2020-04-13 19:49:57+02:00,18.443,13.732,8.043,16.201,,,,
2020-04-13 19:52:57+02:00,18.391,14.202,9.678,18.401,,,,
2020-04-13 19:55:57+02:00,19.538,13.971,11.524,18.801,,,,
2020-04-13 19:58:58+02:00,19.04,15.517,10.811,18.201,,,,
2020-04-13 20:01:58+02:00,19.557,14.693,10.276,17.201,,,,
2020-04-13 20:04:59+02:00,18.069,12.183,8.337,15.301,,,,
2020-04-13 20:07:59+02:00,17.736,14.729,8.103,14.501,,,,
2020-04-13 20:10:59+02:00,18.395,15.225,10.102,15.301,,,,
2020-04-13 20:14:00+02:00,17.083,15.311,9.995,16.901,,,,
2020-04-13 20:17:00+02:00,16.827,12.745,11.948,16.701,,,,
2020-04-13 20:20:01+02:00,17.603,12.795,8.53,14.801,,,,
2020-04-13 20:23:01+02:00,19.944,15.735,9.327,15.201,,,,
2020-04-13 20:26:01+02:00,18.535,14.542,10.836,14.001,,,,
2020-04-13 20:29:02+02:00,17.79,14.37,11.678,14.801,,,,
2020-04-13 20:32:02+02:00,17.716,14.054,9.861,14.201,,,,
2020-04-13 20:35:04+02:00,16.259,14.345,11.74,15.401,,,,
2020-04-13 20:38:04+02:00,19.622,13.285,10.74,15.401,,,,
2020-04-13 20:41:05+02:00,16.034,12.408,8.638,18.001,,,,
2020-04-13 20:44:05+02:00,16.812,14.446,9.804,18.201,,,,
2020-04-13 20:47:05+02:00,19.033,14.4,9.813,18.801,,,,
2020-04-13 20:50:05+02:00,19.308,14.745,10.247,17.801,,,,
2020-04-13 20:53:06+02:00,19.596,13.746,9.349,19.101,,,,
2020-04-13 20:56:06+02:00,18.486,12.636,9.429,17.501,,,,
2020-04-13 20:59:07+02:00,18.741,13.847,10.779,16.901,,,,
2020-04-13 21:02:07+02:00,18.445,13.519,11.608,17.901,,,,
2020-04-13 21:05:07+02:00,19.262,15.355,8.843,19.901,,,,
2020-04-13 21:08:07+02:00,18.002,14.431,10.142,18.901,,,,
2020-04-13 21:11:08+02:00,19.218,14.958,11.414,19.501,,,,
2020-04-13 21:14:09+02:00,18.119,14.769,11.304,19.201,,,,
2020-04-13 21:17:09+02:00,18.179,15.88,9.255,17.401,,,,
2020-04-13 21:20:10+02:00,19.207,15.666,9.001,19.501,,,,
2020-04-13 21:23:10+02:00,16.504,13.871,9.063,16.701,,,,
2020-04-13 21:26:10+02:00,17.498,13.195,10.772,16.901,,,,
2020-04-13 21:29:11+02:00,17.586,12.936,10.414,17.101,,,,
2020-04-13 21:32:12+02:00,16.631,14.294,9.154,17.401,,,,
2020-04-13 21:35:12+02:00,16.917,13.952,9.473,18.401,,,,
2020-04-13 21:38:12+02:00,18.801,15.551,8.138,18.001,,,,
2020-04-13 21:41:12+02:00,18.355,13.651,10.442,18.001,,,,
2020-04-13 21:44:13+02:00,16.129,13.707,9.417,19.001,,,,
2020-04-13 21:47:13+02:00,18.746,13.3,8.334,20.001,,,,
2020-04-13 21:50:13+02:00,17.825,14.279,11.088,19.001,,,,
2020-04-13 21:53:13+02:00,16.261,13.091,8.598,19.401,,,,
2020-04-13 21:56:13+02:00,16.652,12.964,10.595,19.001,,,,
2020-04-13 21:59:14+02:00,19.895,12.382,11.873,19.601,,,,
2020-04-13 22:02:15+02:00,19.721,13.28,8.257,18.501,,,,
2020-04-13 22:05:15+02:00,16.697,14.536,10.793,19.301,,,,
2020-04-13 22:08:15+02:00,17.416,13.813,9.023,17.901,,,,
2020-04-13 22:11:15+02:00,17.677,13.323,8.893,18.501,,,,
2020-04-13 22:14:16+02:00,18.316,13.978,10.769,19.701,,,,
2020-04-13 22:17:17+02:00,17.062,13.331,10.404,18.401,,,,
2020-04-13 22:20:17+02:00,19.003,13.882,9.641,18.201,,,,
2020-04-13 22:23:17+02:00,18.752,15.761,10.972,18.201,,,,
2020-04-13 22:26:17+02:00,16.81,14.952,11.235,17.601,,,,
2020-04-13 22:29:18+02:00,18.083,14.266,10.964,16.401,,,,
